{"type":"FeatureCollection","features":[{"type":"Feature","geometry":{"coordinates":[[[[5.350503,43.382877],[5.350503,43.382872],[5.35049,43.382872],[5.350491,43.382877],[5.350497,43.382881],[5.350503,43.382877]]],[[[5.350152,43.382601],[5.350219,43.382577],[5.350238,43.382729],[5.350215,43.382766],[5.350256,43.382882],[5.350332,43.382916],[5.350384,43.382987],[5.35036,43.382997],[5.350361,43.383033],[5.350392,43.383028],[5.350411,43.383041],[5.35049,43.383174],[5.350491,43.383192],[5.350443,43.383211],[5.350431,43.383238],[5.350463,43.38326],[5.350524,43.38325],[5.350544,43.383272],[5.350623,43.383405],[5.35068,43.383575],[5.350705,43.383592],[5.350694,43.383637],[5.350732,43.383646],[5.350759,43.383717],[5.350797,43.383739],[5.350784,43.383708],[5.350807,43.383676],[5.350757,43.383654],[5.350691,43.383548],[5.350676,43.383485],[5.350705,43.383453],[5.350762,43.383474],[5.350814,43.383549],[5.350787,43.383491],[5.350781,43.383348],[5.350755,43.383303],[5.350753,43.383249],[5.350826,43.383239],[5.350844,43.383076],[5.350807,43.383059],[5.350773,43.383001],[5.350724,43.382993],[5.350597,43.382906],[5.35054,43.382889],[5.35053,43.38293],[5.350581,43.382983],[5.350702,43.383223],[5.350717,43.383286],[5.350702,43.383381],[5.350634,43.38336],[5.350555,43.383253],[5.350493,43.383228],[5.350515,43.383173],[5.350435,43.383031],[5.350397,43.383005],[5.350409,43.382987],[5.350355,43.38288],[5.350367,43.382862],[5.350303,43.382818],[5.350277,43.382774],[5.350274,43.382702],[5.350309,43.382656],[5.350319,43.382593],[5.350354,43.382556],[5.350364,43.382497],[5.350186,43.382519],[5.350108,43.38257],[5.350097,43.382597],[5.350152,43.382601]]],[[[5.350829,43.383612],[5.350841,43.383594],[5.350814,43.383549],[5.350816,43.383558],[5.350829,43.383612]]],[[[5.35081,43.383752],[5.350804,43.383748],[5.350798,43.383748],[5.350798,43.383752],[5.350804,43.383757],[5.35081,43.383756],[5.35081,43.383752]]],[[[5.350824,43.383779],[5.350817,43.383774],[5.350811,43.383774],[5.350824,43.383792],[5.350824,43.383779]]],[[[5.350837,43.383796],[5.35083,43.383792],[5.350824,43.383792],[5.350837,43.38381],[5.350837,43.383796]]],[[[5.353214,43.386331],[5.353201,43.386324],[5.353204,43.386333],[5.353218,43.386344],[5.353233,43.386349],[5.353214,43.386331]]],[[[5.358968,43.38595],[5.358975,43.385932],[5.358988,43.385927],[5.359021,43.385926],[5.359063,43.38595],[5.359076,43.386119],[5.359165,43.38618],[5.359167,43.386234],[5.359131,43.386262],[5.359121,43.386307],[5.359097,43.386326],[5.359132,43.386326],[5.359136,43.38637],[5.359162,43.386396],[5.359091,43.38647],[5.359106,43.386551],[5.35917,43.386694],[5.359269,43.38668],[5.359206,43.386584],[5.359214,43.386476],[5.359163,43.386441],[5.359219,43.386436],[5.359282,43.386479],[5.359324,43.386447],[5.359345,43.386365],[5.359381,43.386329],[5.35935,43.386316],[5.359152,43.386323],[5.359188,43.386307],[5.35928,43.386253],[5.359271,43.386227],[5.3593,43.386168],[5.359303,43.386147],[5.359299,43.386123],[5.359279,43.38611],[5.359193,43.386113],[5.359189,43.386105],[5.359175,43.386098],[5.359155,43.386099],[5.359132,43.386113],[5.359104,43.386114],[5.359086,43.385927],[5.359062,43.385926],[5.359056,43.385921],[5.359078,43.385858],[5.359049,43.385843],[5.359063,43.385819],[5.358952,43.385854],[5.358968,43.38595]]],[[[5.35954,43.38682],[5.359545,43.386841],[5.359547,43.38683],[5.35954,43.38682]]],[[[5.353144,43.3865],[5.353145,43.386527],[5.353061,43.38654],[5.353043,43.386547],[5.353035,43.386557],[5.353044,43.386578],[5.353079,43.386587],[5.353185,43.386598],[5.353253,43.38675],[5.353102,43.386834],[5.353111,43.386851],[5.35325,43.386836],[5.353295,43.386819],[5.353423,43.386841],[5.353522,43.386839],[5.353528,43.386843],[5.353443,43.386847],[5.353428,43.386854],[5.353337,43.386861],[5.35329,43.386875],[5.353289,43.386917],[5.353304,43.38696],[5.353313,43.387028],[5.353253,43.387065],[5.353255,43.387101],[5.353312,43.387149],[5.353374,43.387157],[5.353381,43.38717],[5.353338,43.387176],[5.3533,43.387158],[5.35327,43.387182],[5.353288,43.387316],[5.353313,43.387325],[5.353314,43.387343],[5.353279,43.387388],[5.353329,43.387405],[5.353225,43.38743],[5.353184,43.38748],[5.353198,43.387525],[5.353176,43.387598],[5.353227,43.387633],[5.353196,43.387638],[5.353179,43.38767],[5.353138,43.387683],[5.353125,43.387554],[5.353107,43.38754],[5.35305,43.387527],[5.353051,43.387546],[5.353076,43.387553],[5.353076,43.387573],[5.353042,43.387646],[5.353025,43.387835],[5.352995,43.387849],[5.352857,43.387798],[5.352827,43.387803],[5.352818,43.387884],[5.352843,43.387911],[5.352901,43.38795],[5.35298,43.387955],[5.353087,43.387954],[5.35317,43.38794],[5.353177,43.387931],[5.353101,43.38786],[5.353164,43.387764],[5.353236,43.387757],[5.353237,43.387791],[5.35326,43.387848],[5.353312,43.387871],[5.353294,43.387645],[5.353366,43.387586],[5.35341,43.387519],[5.353383,43.387468],[5.353437,43.387427],[5.353477,43.387405],[5.353515,43.387318],[5.353507,43.387315],[5.353506,43.387292],[5.353515,43.387274],[5.353503,43.38727],[5.353478,43.387272],[5.353442,43.387299],[5.353397,43.387269],[5.353396,43.387242],[5.353468,43.387195],[5.353429,43.387142],[5.353459,43.387087],[5.353458,43.38706],[5.353428,43.387046],[5.353461,43.387027],[5.353547,43.387018],[5.35356,43.386947],[5.353538,43.386933],[5.353534,43.38686],[5.353578,43.386849],[5.353579,43.386842],[5.353725,43.386831],[5.353704,43.386822],[5.35368,43.386831],[5.353554,43.386833],[5.353652,43.386823],[5.353674,43.386786],[5.353662,43.386765],[5.353639,43.386745],[5.353654,43.38676],[5.353654,43.38679],[5.35363,43.386782],[5.353544,43.38681],[5.353456,43.386821],[5.353476,43.38679],[5.353457,43.386777],[5.353396,43.386778],[5.353263,43.386696],[5.353288,43.386565],[5.353299,43.386561],[5.353445,43.386586],[5.353498,43.386632],[5.353509,43.386629],[5.353509,43.386621],[5.353455,43.38657],[5.353399,43.386562],[5.353315,43.386464],[5.353375,43.386511],[5.353388,43.386503],[5.353267,43.386383],[5.353262,43.386391],[5.353167,43.386315],[5.353138,43.386313],[5.353124,43.38633],[5.353105,43.386456],[5.353106,43.386492],[5.353144,43.3865]]],[[[5.359815,43.386828],[5.359729,43.386829],[5.359683,43.386763],[5.35968,43.386691],[5.359616,43.386647],[5.359625,43.386623],[5.359617,43.386608],[5.359625,43.386566],[5.359607,43.386525],[5.359592,43.38652],[5.359579,43.386526],[5.35957,43.386537],[5.359578,43.386554],[5.359568,43.386581],[5.359557,43.386588],[5.359508,43.386564],[5.359459,43.386583],[5.359446,43.386557],[5.35934,43.386527],[5.359367,43.386599],[5.359419,43.386652],[5.35943,43.386657],[5.359415,43.386671],[5.359495,43.386664],[5.359496,43.386666],[5.359498,43.386652],[5.35951,43.386648],[5.359567,43.386658],[5.359593,43.386693],[5.35959,43.386749],[5.359615,43.386769],[5.35964,43.386917],[5.359621,43.386944],[5.359575,43.386951],[5.359588,43.387004],[5.359401,43.387034],[5.359445,43.387119],[5.359451,43.387154],[5.359414,43.387158],[5.359462,43.387231],[5.3595,43.38728],[5.359534,43.387273],[5.359579,43.387335],[5.359545,43.387343],[5.359652,43.387488],[5.359841,43.387727],[5.3599,43.387728],[5.359955,43.387767],[5.359962,43.38778],[5.359956,43.38778],[5.359946,43.387775],[5.3599,43.387777],[5.359893,43.387783],[5.359892,43.387791],[5.359931,43.387836],[5.35997,43.387833],[5.360141,43.38801],[5.360181,43.388008],[5.360323,43.387946],[5.360308,43.387865],[5.360265,43.387871],[5.360246,43.387858],[5.360244,43.387813],[5.360201,43.387809],[5.360193,43.387778],[5.360168,43.387769],[5.360235,43.387745],[5.360315,43.387739],[5.3603,43.387668],[5.36026,43.387605],[5.360259,43.387587],[5.360295,43.38756],[5.360294,43.387524],[5.360275,43.387511],[5.360225,43.387512],[5.360193,43.387481],[5.360215,43.387417],[5.360159,43.387396],[5.360074,43.387434],[5.360029,43.387394],[5.359995,43.387319],[5.359958,43.38732],[5.359923,43.387347],[5.359909,43.38733],[5.359847,43.387313],[5.359798,43.387332],[5.359693,43.387321],[5.359761,43.387315],[5.359809,43.387287],[5.359846,43.387286],[5.35985,43.387236],[5.359812,43.387219],[5.359785,43.387166],[5.359742,43.387162],[5.359723,43.387149],[5.359735,43.387131],[5.359672,43.387105],[5.359725,43.387046],[5.35975,43.387045],[5.35984,43.386994],[5.359839,43.386976],[5.359789,43.386941],[5.359794,43.386927],[5.359918,43.386942],[5.360032,43.386854],[5.360055,43.386818],[5.360028,43.386755],[5.35997,43.386698],[5.359819,43.386778],[5.359815,43.386828]],[[5.35987,43.387629],[5.359857,43.387625],[5.359848,43.387612],[5.359853,43.387596],[5.359911,43.387514],[5.359963,43.38748],[5.359975,43.387476],[5.359999,43.387475],[5.360015,43.387482],[5.36002,43.387522],[5.360012,43.387535],[5.359917,43.3876],[5.35989,43.387626],[5.35987,43.387629]]],[[[5.353447,43.388195],[5.353441,43.38819],[5.353435,43.388191],[5.353435,43.388195],[5.353441,43.388199],[5.353448,43.388199],[5.353447,43.388195]]],[[[5.36037,43.388232],[5.360409,43.388215],[5.360396,43.388197],[5.360378,43.38819],[5.360349,43.388197],[5.360352,43.388184],[5.360348,43.388166],[5.360354,43.388136],[5.360361,43.388123],[5.360361,43.388105],[5.360391,43.388078],[5.360385,43.38806],[5.360386,43.388019],[5.360374,43.387982],[5.360353,43.387982],[5.360329,43.388002],[5.360304,43.388008],[5.36025,43.388012],[5.360181,43.388011],[5.36015,43.38802],[5.360247,43.38811],[5.360343,43.388209],[5.36037,43.388232]]],[[[5.360647,43.388417],[5.360666,43.388426],[5.360679,43.388428],[5.360735,43.388418],[5.360685,43.388394],[5.360647,43.388417]]],[[[5.360743,43.388422],[5.360742,43.38843],[5.360781,43.388447],[5.360808,43.388471],[5.36092,43.388496],[5.361346,43.388648],[5.361392,43.38867],[5.361475,43.388727],[5.361659,43.388832],[5.361679,43.388813],[5.36161,43.388769],[5.361487,43.388706],[5.361411,43.388646],[5.361375,43.388641],[5.361219,43.388579],[5.36102,43.38852],[5.360933,43.388453],[5.360922,43.38847],[5.360886,43.38847],[5.360813,43.388455],[5.360743,43.388422]]],[[[5.361297,43.388658],[5.361222,43.388642],[5.361169,43.38861],[5.361018,43.388581],[5.360994,43.388582],[5.36121,43.388651],[5.361437,43.388766],[5.361451,43.388751],[5.361297,43.388658]]],[[[5.352572,43.389577],[5.352674,43.389499],[5.352618,43.389495],[5.35256,43.389434],[5.352538,43.389493],[5.352572,43.389577]]],[[[5.362948,43.389631],[5.362966,43.389655],[5.362968,43.38963],[5.362944,43.389612],[5.362829,43.389544],[5.362811,43.389524],[5.362778,43.389509],[5.362761,43.389497],[5.362812,43.389547],[5.362948,43.389631]]],[[[5.352846,43.38828],[5.352837,43.388361],[5.352801,43.38838],[5.352755,43.388453],[5.352745,43.388525],[5.352666,43.388558],[5.352617,43.38855],[5.352599,43.388564],[5.35259,43.388654],[5.352628,43.388672],[5.352712,43.388773],[5.352811,43.38878],[5.352855,43.388802],[5.352888,43.38885],[5.352944,43.388872],[5.352853,43.388905],[5.35283,43.388942],[5.352793,43.388943],[5.352758,43.388979],[5.352671,43.388981],[5.35264,43.388968],[5.35262,43.388937],[5.352571,43.388945],[5.352517,43.388971],[5.352469,43.389026],[5.352372,43.38937],[5.352361,43.389685],[5.352376,43.389757],[5.352415,43.389801],[5.352418,43.389891],[5.352489,43.389966],[5.352608,43.390004],[5.352603,43.390018],[5.352547,43.390023],[5.352568,43.390081],[5.352679,43.390079],[5.352703,43.390061],[5.352728,43.39006],[5.352734,43.390073],[5.352686,43.390092],[5.352676,43.390156],[5.352634,43.390188],[5.35259,43.390175],[5.352558,43.390127],[5.352521,43.390136],[5.352445,43.390242],[5.352534,43.390303],[5.352436,43.390332],[5.352451,43.390377],[5.352415,43.390404],[5.352416,43.390431],[5.352543,43.390528],[5.352507,43.390546],[5.352533,43.390573],[5.352478,43.390596],[5.352425,43.390647],[5.352451,43.390692],[5.352406,43.390652],[5.352376,43.390675],[5.35239,43.390702],[5.352368,43.390783],[5.352357,43.391108],[5.35242,43.391129],[5.352433,43.391151],[5.352372,43.391179],[5.352343,43.391229],[5.352318,43.391212],[5.3523,43.391217],[5.35229,43.39128],[5.352328,43.391297],[5.352317,43.391324],[5.352341,43.391324],[5.352344,43.391387],[5.352309,43.391433],[5.352334,43.391441],[5.352335,43.391477],[5.352398,43.391512],[5.352406,43.391701],[5.352339,43.391733],[5.35232,43.39172],[5.352332,43.391693],[5.352275,43.391672],[5.352264,43.39169],[5.352214,43.391691],[5.352209,43.391723],[5.352154,43.391737],[5.352149,43.39176],[5.35223,43.391781],[5.352243,43.391799],[5.352268,43.391798],[5.352304,43.39177],[5.35238,43.391814],[5.352435,43.391799],[5.352426,43.391889],[5.35239,43.391908],[5.352404,43.391944],[5.352367,43.391944],[5.352367,43.391962],[5.352284,43.392045],[5.352328,43.392049],[5.352399,43.391984],[5.352459,43.391998],[5.352472,43.392016],[5.352437,43.392043],[5.352449,43.392052],[5.352488,43.392054],[5.352495,43.392072],[5.352576,43.391729],[5.352594,43.39173],[5.3527,43.391209],[5.352522,43.391221],[5.352583,43.390896],[5.352656,43.390579],[5.352803,43.390553],[5.352801,43.390486],[5.352824,43.390458],[5.352853,43.390269],[5.352849,43.390161],[5.352873,43.390142],[5.352883,43.390088],[5.352869,43.390043],[5.352923,43.390002],[5.352877,43.390232],[5.352892,43.390313],[5.352857,43.39035],[5.352828,43.390553],[5.353038,43.390535],[5.353228,43.390515],[5.353185,43.3905],[5.353129,43.390503],[5.353115,43.390516],[5.353025,43.390523],[5.353018,43.390513],[5.352968,43.390514],[5.3529,43.390493],[5.352896,43.390412],[5.353017,43.390346],[5.352992,43.390329],[5.352991,43.390302],[5.353032,43.39026],[5.353068,43.390242],[5.353143,43.390258],[5.353179,43.390239],[5.353204,43.390248],[5.353233,43.390207],[5.353215,43.390202],[5.353179,43.39023],[5.353154,43.390231],[5.353126,43.39015],[5.353102,43.390151],[5.353042,43.390206],[5.352985,43.390176],[5.352984,43.390149],[5.353002,43.390126],[5.353075,43.390106],[5.353137,43.390114],[5.353151,43.390141],[5.353175,43.39014],[5.35318,43.390109],[5.353154,43.390073],[5.353227,43.390045],[5.353224,43.389982],[5.353248,43.389954],[5.353245,43.389882],[5.353209,43.389815],[5.353204,43.389793],[5.353096,43.389707],[5.353077,43.389705],[5.353167,43.389785],[5.353159,43.389893],[5.353086,43.389931],[5.353125,43.389975],[5.353046,43.38999],[5.35275,43.389997],[5.352791,43.389946],[5.352783,43.389915],[5.35276,43.389942],[5.3526,43.389955],[5.352505,43.389907],[5.352504,43.38988],[5.35254,43.389844],[5.352463,43.389764],[5.352498,43.389727],[5.352435,43.389693],[5.352432,43.38963],[5.35249,43.38953],[5.352499,43.389439],[5.352521,43.389394],[5.352546,43.389384],[5.352544,43.38933],[5.352512,43.389309],[5.352462,43.389301],[5.352455,43.389269],[5.352543,43.389024],[5.352586,43.389001],[5.352734,43.389016],[5.352783,43.388988],[5.352906,43.388985],[5.352936,43.388971],[5.352934,43.388917],[5.352982,43.38888],[5.352981,43.388862],[5.352937,43.388831],[5.352912,43.388841],[5.352893,43.388819],[5.35291,43.388796],[5.35296,43.388795],[5.352978,43.388781],[5.353012,43.388717],[5.352893,43.38867],[5.352807,43.388672],[5.352809,43.388717],[5.352701,43.388643],[5.352698,43.388589],[5.352783,43.388542],[5.352793,43.388479],[5.352865,43.388432],[5.352937,43.388237],[5.353023,43.388236],[5.353366,43.388314],[5.353226,43.388366],[5.353198,43.388425],[5.35319,43.388551],[5.353218,43.388632],[5.353197,43.388713],[5.353223,43.388749],[5.3532,43.388785],[5.353213,43.388812],[5.35319,43.38883],[5.353183,43.388975],[5.353148,43.38902],[5.353174,43.389065],[5.353178,43.389155],[5.353144,43.389218],[5.353207,43.389253],[5.353209,43.389307],[5.353089,43.3894],[5.353117,43.38948],[5.353082,43.389526],[5.353134,43.389562],[5.353111,43.38962],[5.353064,43.389674],[5.353069,43.389702],[5.35315,43.38957],[5.35317,43.389551],[5.353215,43.389451],[5.353251,43.389432],[5.353297,43.38935],[5.353269,43.389261],[5.353293,43.389242],[5.353291,43.389206],[5.353315,43.389179],[5.353298,43.38908],[5.353323,43.389071],[5.353319,43.388972],[5.353279,43.388909],[5.353339,43.388863],[5.353349,43.388818],[5.353324,43.388791],[5.353335,43.388773],[5.353273,43.388757],[5.353331,43.388674],[5.35334,43.388584],[5.353467,43.388374],[5.353462,43.388248],[5.353497,43.388207],[5.353448,43.388199],[5.353454,43.388217],[5.353393,43.388227],[5.353195,43.388214],[5.35317,43.388196],[5.352979,43.388172],[5.352954,43.388093],[5.352966,43.388078],[5.352893,43.388061],[5.352829,43.388163],[5.352781,43.388191],[5.352846,43.38828]],[[5.352591,43.390351],[5.352795,43.390347],[5.352775,43.390459],[5.35272,43.390483],[5.352651,43.390453],[5.352587,43.390383],[5.352591,43.390351]],[[5.352536,43.391869],[5.352457,43.391893],[5.352483,43.391771],[5.352507,43.391757],[5.352533,43.391779],[5.352534,43.391815],[5.352498,43.391843],[5.352535,43.391851],[5.352536,43.391869]]],[[[5.362539,43.389738],[5.362574,43.389779],[5.362704,43.390018],[5.362738,43.390041],[5.36279,43.390046],[5.362804,43.390061],[5.362805,43.390079],[5.362727,43.390121],[5.362695,43.390108],[5.362669,43.390064],[5.362606,43.389931],[5.362593,43.389892],[5.362536,43.389833],[5.3625,43.389746],[5.362464,43.389754],[5.362567,43.389912],[5.362674,43.390117],[5.362715,43.390139],[5.362746,43.390126],[5.362771,43.390107],[5.362838,43.390119],[5.362936,43.390099],[5.363,43.390021],[5.362986,43.389967],[5.363034,43.389948],[5.363032,43.389894],[5.363,43.389724],[5.362963,43.389707],[5.362947,43.389672],[5.362815,43.389699],[5.362807,43.389681],[5.362539,43.389738]]],[[[5.352412,43.392062],[5.352425,43.392053],[5.352386,43.392053],[5.352387,43.392044],[5.352375,43.392045],[5.352365,43.392054],[5.352376,43.392063],[5.352412,43.392062]]],[[[5.352492,43.392118],[5.352496,43.39209],[5.352441,43.3921],[5.352424,43.392132],[5.352448,43.392146],[5.352453,43.392133],[5.352477,43.392115],[5.352492,43.392118]]],[[[5.352412,43.392299],[5.352369,43.392304],[5.352372,43.392385],[5.352342,43.392408],[5.352237,43.392397],[5.352264,43.392451],[5.352352,43.392503],[5.352311,43.392544],[5.352224,43.392537],[5.352194,43.39256],[5.352207,43.392578],[5.352184,43.392614],[5.352187,43.392677],[5.3522,43.392713],[5.352263,43.392739],[5.35224,43.392766],[5.352242,43.392829],[5.352267,43.392838],[5.352243,43.392856],[5.352246,43.39291],[5.352315,43.392958],[5.352351,43.39293],[5.352382,43.392934],[5.352389,43.392956],[5.352413,43.392938],[5.352432,43.392942],[5.35236,43.392998],[5.352387,43.393042],[5.352443,43.393063],[5.352448,43.393032],[5.352466,43.393027],[5.352511,43.393057],[5.352487,43.393085],[5.352506,43.393098],[5.352556,43.393097],[5.352657,43.393014],[5.352594,43.392937],[5.352574,43.392923],[5.352565,43.392899],[5.352527,43.392859],[5.352454,43.392582],[5.352515,43.392125],[5.35249,43.392124],[5.352464,43.392212],[5.352468,43.392302],[5.352438,43.392325],[5.352412,43.392299]]],[[[5.352705,43.393139],[5.352744,43.393174],[5.352771,43.393165],[5.352709,43.393084],[5.352673,43.393099],[5.352674,43.393119],[5.352627,43.393138],[5.352627,43.393147],[5.352652,43.393147],[5.352669,43.393136],[5.352705,43.393139]]],[[[5.351355,43.398257],[5.35118,43.398099],[5.351154,43.398097],[5.351093,43.398213],[5.351125,43.398267],[5.351295,43.39834],[5.351318,43.398452],[5.351355,43.398451],[5.351427,43.398396],[5.351463,43.398386],[5.351508,43.398425],[5.35151,43.39847],[5.351579,43.398509],[5.351678,43.398507],[5.35179,43.398532],[5.351901,43.39852],[5.351966,43.3986],[5.352002,43.398572],[5.352026,43.398572],[5.352115,43.398624],[5.352163,43.398596],[5.352222,43.39868],[5.352272,43.398701],[5.352372,43.398568],[5.35222,43.398383],[5.351998,43.398549],[5.351746,43.398442],[5.351671,43.398361],[5.351506,43.398202],[5.351355,43.398257]]],[[[5.364126,43.402497],[5.364129,43.402525],[5.364138,43.402471],[5.364156,43.402412],[5.364199,43.402064],[5.364167,43.402208],[5.364142,43.40236],[5.364126,43.402497]]],[[[5.364088,43.402691],[5.364024,43.403017],[5.364062,43.402958],[5.364096,43.402711],[5.364115,43.402642],[5.364125,43.40255],[5.364108,43.402574],[5.364091,43.402675],[5.364092,43.402689],[5.364088,43.402691]]],[[[5.364001,43.403168],[5.364003,43.403148],[5.364034,43.403103],[5.364032,43.403067],[5.364017,43.403054],[5.363988,43.403185],[5.364001,43.403168]]],[[[5.363955,43.403361],[5.363923,43.403479],[5.363971,43.403455],[5.363982,43.403419],[5.363955,43.403361]]],[[[5.360683,43.388537],[5.360757,43.38852],[5.360834,43.388539],[5.360747,43.388499],[5.360694,43.388497],[5.360677,43.388515],[5.360667,43.388534],[5.360634,43.388527],[5.360541,43.388576],[5.360469,43.388521],[5.360464,43.388526],[5.36047,43.388538],[5.360505,43.388552],[5.360591,43.388617],[5.360603,43.388605],[5.360635,43.388632],[5.360643,43.388673],[5.360756,43.388706],[5.360807,43.388759],[5.360926,43.388797],[5.360941,43.38886],[5.360966,43.388868],[5.360969,43.388949],[5.360923,43.389022],[5.36098,43.389052],[5.361,43.389051],[5.361018,43.389037],[5.361027,43.389034],[5.361024,43.389079],[5.361043,43.389087],[5.361167,43.389093],[5.361235,43.389074],[5.361302,43.38909],[5.361429,43.389186],[5.361555,43.389247],[5.361592,43.389246],[5.361628,43.389218],[5.361677,43.389208],[5.361824,43.389335],[5.361964,43.389422],[5.362003,43.389484],[5.362108,43.389573],[5.362191,43.389664],[5.362333,43.389883],[5.362342,43.389918],[5.362617,43.390308],[5.362645,43.39038],[5.362814,43.390601],[5.36296,43.390841],[5.363051,43.390947],[5.363079,43.391027],[5.363249,43.391266],[5.363239,43.391339],[5.363292,43.391409],[5.363342,43.391426],[5.363326,43.391524],[5.363347,43.391544],[5.363414,43.391555],[5.363446,43.391564],[5.363466,43.391566],[5.363477,43.391564],[5.36343,43.391539],[5.363391,43.391539],[5.363381,43.391531],[5.363353,43.391531],[5.363352,43.391509],[5.36344,43.391463],[5.363434,43.391456],[5.363372,43.391446],[5.363358,43.391415],[5.363371,43.391419],[5.36339,43.391437],[5.363415,43.391445],[5.363477,43.391447],[5.363525,43.39144],[5.363518,43.391521],[5.363544,43.391552],[5.363647,43.391505],[5.363889,43.391837],[5.363852,43.39194],[5.363883,43.391999],[5.363913,43.391988],[5.363949,43.39199],[5.363983,43.392015],[5.363983,43.392057],[5.363957,43.392102],[5.363982,43.392139],[5.364002,43.392143],[5.363997,43.392153],[5.363963,43.392155],[5.36397,43.39217],[5.364044,43.392145],[5.364076,43.392141],[5.364087,43.392148],[5.364119,43.392307],[5.3641,43.392305],[5.364074,43.392288],[5.36406,43.392295],[5.364059,43.392326],[5.364086,43.392384],[5.364087,43.392399],[5.364184,43.392415],[5.364146,43.392311],[5.364151,43.392268],[5.364187,43.392312],[5.364224,43.392312],[5.364346,43.392282],[5.364365,43.392295],[5.364335,43.392318],[5.364209,43.392343],[5.364252,43.392407],[5.364504,43.392377],[5.364497,43.39236],[5.364423,43.392361],[5.364391,43.392339],[5.364445,43.392307],[5.364501,43.392301],[5.364486,43.392238],[5.36453,43.39212],[5.364595,43.392042],[5.364644,43.392032],[5.364667,43.392047],[5.364688,43.392045],[5.364702,43.392034],[5.364725,43.392028],[5.364793,43.392056],[5.364842,43.392044],[5.364869,43.392105],[5.3649,43.392112],[5.364985,43.392232],[5.365405,43.392223],[5.366001,43.392327],[5.366099,43.392298],[5.366118,43.392311],[5.366107,43.392347],[5.366015,43.392362],[5.365998,43.392394],[5.366017,43.392407],[5.366065,43.392379],[5.366127,43.392387],[5.366272,43.392312],[5.366323,43.392356],[5.366366,43.39235],[5.366357,43.392413],[5.366432,43.392448],[5.366449,43.392546],[5.366531,43.392612],[5.366549,43.392589],[5.36654,43.392373],[5.366557,43.392342],[5.366609,43.392385],[5.366633,43.392385],[5.366669,43.392348],[5.366705,43.392338],[5.36673,43.392338],[5.366806,43.392381],[5.36683,43.392372],[5.366864,43.392447],[5.36686,43.392488],[5.366947,43.392504],[5.367031,43.392448],[5.367106,43.392474],[5.367129,43.392437],[5.367191,43.392436],[5.367229,43.392462],[5.367315,43.392451],[5.367342,43.392513],[5.367385,43.392499],[5.36742,43.392453],[5.367412,43.392404],[5.367485,43.392402],[5.367506,43.392442],[5.367537,43.392455],[5.367573,43.392418],[5.367682,43.39238],[5.367818,43.392377],[5.367878,43.39234],[5.368185,43.392297],[5.368206,43.392373],[5.368225,43.392386],[5.368373,43.392383],[5.368448,43.392399],[5.368545,43.392361],[5.368713,43.39238],[5.368689,43.392556],[5.368553,43.392541],[5.368467,43.392561],[5.368448,43.392548],[5.368458,43.392503],[5.368439,43.392489],[5.368292,43.392502],[5.36813,43.39246],[5.368123,43.392586],[5.368011,43.39258],[5.367976,43.392626],[5.367902,43.392627],[5.367867,43.392673],[5.36784,43.392629],[5.367805,43.392665],[5.367732,43.392694],[5.367621,43.392705],[5.367568,43.392761],[5.367636,43.392768],[5.367684,43.392722],[5.367733,43.392721],[5.367781,43.392684],[5.36783,43.392683],[5.367868,43.3927],[5.367911,43.392686],[5.367915,43.392645],[5.368026,43.392642],[5.368074,43.392605],[5.368136,43.392604],[5.368155,43.392635],[5.368125,43.392658],[5.368088,43.392659],[5.368022,43.392692],[5.368025,43.392755],[5.368056,43.392759],[5.368141,43.39273],[5.3682,43.392675],[5.368312,43.392699],[5.368354,43.392667],[5.368364,43.392595],[5.368406,43.392589],[5.36843,43.392562],[5.368504,43.392569],[5.36853,43.392595],[5.368677,43.392574],[5.368716,43.392609],[5.368802,43.392608],[5.368841,43.392643],[5.368964,43.392649],[5.369001,43.39263],[5.369105,43.392631],[5.369117,43.392619],[5.369109,43.392545],[5.368971,43.392505],[5.368912,43.39243],[5.368846,43.392394],[5.369028,43.392396],[5.369066,43.392431],[5.369106,43.392434],[5.369104,43.392383],[5.369447,43.392402],[5.369929,43.392403],[5.370337,43.392421],[5.370341,43.392358],[5.369717,43.392344],[5.369679,43.392327],[5.369593,43.392329],[5.369517,43.392295],[5.369457,43.392323],[5.369334,43.392335],[5.369197,43.392311],[5.36905,43.392323],[5.368987,43.392306],[5.368913,43.392308],[5.368836,43.392238],[5.368799,43.39223],[5.368726,43.392249],[5.3687,43.392214],[5.368627,43.392242],[5.368595,43.392225],[5.368565,43.392244],[5.368528,43.392236],[5.368504,43.392254],[5.36838,43.392257],[5.368246,43.392287],[5.36819,43.392284],[5.36819,43.392239],[5.367944,43.392297],[5.367494,43.392315],[5.366807,43.392229],[5.366606,43.392184],[5.366566,43.392283],[5.366519,43.392297],[5.366456,43.39229],[5.366396,43.392318],[5.3664,43.392269],[5.366381,43.392255],[5.366332,43.392257],[5.366296,43.392284],[5.366259,43.392285],[5.366224,43.392331],[5.366175,43.39235],[5.36613,43.392301],[5.366128,43.392247],[5.366102,43.392221],[5.366126,43.392203],[5.366107,43.392189],[5.365921,43.392167],[5.365902,43.392191],[5.365915,43.392216],[5.365939,43.39223],[5.365917,43.392265],[5.365897,43.392271],[5.365895,43.392264],[5.36591,43.392225],[5.365848,43.392204],[5.36575,43.392206],[5.365766,43.392147],[5.365746,43.392125],[5.365659,43.392109],[5.365635,43.392119],[5.365609,43.392101],[5.365585,43.392111],[5.36556,43.392093],[5.365435,43.392069],[5.365299,43.392063],[5.365237,43.392046],[5.365188,43.392057],[5.365175,43.392039],[5.36504,43.392051],[5.364977,43.392016],[5.364841,43.392028],[5.364815,43.391993],[5.364696,43.391998],[5.364648,43.392023],[5.364634,43.392015],[5.36457,43.392015],[5.364572,43.39193],[5.364553,43.391917],[5.364467,43.391911],[5.364379,43.391916],[5.364478,43.391892],[5.364501,43.391865],[5.364635,43.391808],[5.364736,43.391711],[5.364721,43.391648],[5.364657,43.391596],[5.364643,43.39156],[5.364567,43.391508],[5.364566,43.39149],[5.364427,43.391412],[5.364407,43.391381],[5.36417,43.391305],[5.363847,43.391258],[5.36372,43.39134],[5.363742,43.391321],[5.363731,43.391286],[5.363777,43.391284],[5.363807,43.391261],[5.363803,43.391236],[5.363711,43.391152],[5.363458,43.390956],[5.363341,43.390796],[5.363228,43.390754],[5.363227,43.390727],[5.363082,43.39055],[5.363059,43.390557],[5.363086,43.390613],[5.363216,43.390763],[5.363355,43.39085],[5.363356,43.390877],[5.363326,43.3909],[5.363221,43.39088],[5.363232,43.390862],[5.363129,43.390756],[5.363011,43.390597],[5.362997,43.390543],[5.362959,43.390517],[5.362827,43.390322],[5.362812,43.390307],[5.362776,43.390225],[5.362786,43.390218],[5.362811,43.390221],[5.362824,43.390232],[5.362825,43.390259],[5.36285,43.390281],[5.36289,43.390347],[5.362941,43.390391],[5.362956,43.390454],[5.363006,43.390471],[5.363039,43.390525],[5.363058,43.390519],[5.363056,43.390499],[5.362863,43.390277],[5.362848,43.390222],[5.362816,43.390202],[5.362774,43.390207],[5.362761,43.390215],[5.362756,43.390225],[5.362804,43.390314],[5.362805,43.39033],[5.362378,43.389679],[5.362333,43.389622],[5.362246,43.389523],[5.362146,43.389421],[5.362085,43.389366],[5.361939,43.389265],[5.361301,43.388904],[5.361323,43.388882],[5.36131,43.388889],[5.361301,43.388873],[5.361285,43.388873],[5.361263,43.388856],[5.361235,43.388856],[5.361152,43.388796],[5.361088,43.388775],[5.361066,43.388753],[5.361041,43.388746],[5.361001,43.388718],[5.360972,43.388713],[5.360892,43.388665],[5.36086,43.388639],[5.360872,43.388617],[5.360821,43.388591],[5.360786,43.38859],[5.360762,43.388585],[5.360686,43.388549],[5.360683,43.388537]],[[5.361278,43.388897],[5.361261,43.388882],[5.361175,43.388863],[5.361153,43.388877],[5.361108,43.388842],[5.361112,43.388828],[5.36102,43.388761],[5.360988,43.388756],[5.360964,43.388767],[5.360934,43.388763],[5.360856,43.388722],[5.360846,43.38868],[5.360807,43.38863],[5.360964,43.388721],[5.361004,43.388737],[5.361062,43.388772],[5.361165,43.388825],[5.361218,43.388859],[5.361249,43.388862],[5.361278,43.388877],[5.361292,43.388878],[5.361292,43.388897],[5.361278,43.388897]],[[5.362894,43.390448],[5.363079,43.390714],[5.36317,43.390838],[5.363208,43.390898],[5.363253,43.390911],[5.363486,43.391082],[5.363488,43.391094],[5.363478,43.391086],[5.363407,43.391051],[5.363376,43.391057],[5.363377,43.391093],[5.363436,43.391123],[5.363442,43.391154],[5.363467,43.391173],[5.36351,43.391171],[5.363556,43.391224],[5.363584,43.391313],[5.363548,43.391368],[5.363541,43.391353],[5.363327,43.391067],[5.363306,43.391024],[5.363329,43.391006],[5.363324,43.390986],[5.363197,43.390907],[5.36286,43.390411],[5.362894,43.390448]],[[5.364025,43.391825],[5.36401,43.391772],[5.364093,43.391689],[5.364192,43.391538],[5.364241,43.391528],[5.364414,43.391542],[5.364459,43.391573],[5.364538,43.391715],[5.364383,43.391877],[5.364338,43.391936],[5.364352,43.391948],[5.364436,43.391962],[5.364476,43.391972],[5.364476,43.391996],[5.364414,43.392032],[5.364402,43.391988],[5.364375,43.391973],[5.364347,43.391964],[5.36433,43.392014],[5.364317,43.392014],[5.364297,43.392003],[5.364312,43.391956],[5.36417,43.391979],[5.364165,43.391988],[5.36418,43.392051],[5.364158,43.39209],[5.364098,43.392092],[5.364079,43.392104],[5.364087,43.391998],[5.364073,43.391945],[5.364127,43.391892],[5.364125,43.391868],[5.364025,43.391825]],[[5.362371,43.389907],[5.36232,43.389764],[5.362328,43.389764],[5.362536,43.390048],[5.362616,43.390181],[5.362693,43.390261],[5.362698,43.390305],[5.362734,43.39035],[5.36276,43.390407],[5.362761,43.390418],[5.362741,43.390409],[5.362689,43.390338],[5.362629,43.390308],[5.362569,43.39014],[5.362488,43.390057],[5.362371,43.389907]],[[5.367377,43.392459],[5.367339,43.392433],[5.367265,43.392434],[5.367239,43.392408],[5.367166,43.392427],[5.367134,43.392414],[5.367139,43.392392],[5.367207,43.39239],[5.367363,43.392414],[5.367407,43.392436],[5.367377,43.392459]],[[5.36309,43.391],[5.363089,43.390973],[5.363119,43.39095],[5.363169,43.390935],[5.363211,43.390939],[5.363289,43.391061],[5.363277,43.391065],[5.363146,43.391021],[5.363109,43.391022],[5.36309,43.391]],[[5.363785,43.391248],[5.363786,43.391257],[5.363773,43.391268],[5.363754,43.391273],[5.363736,43.391269],[5.363689,43.391224],[5.363666,43.391225],[5.363647,43.391219],[5.36364,43.391197],[5.363564,43.391124],[5.363373,43.390985],[5.363362,43.39097],[5.363379,43.390944],[5.363389,43.390937],[5.363407,43.390934],[5.363427,43.390944],[5.363447,43.390974],[5.363615,43.391096],[5.36373,43.391193],[5.363785,43.391248]],[[5.362086,43.389445],[5.362105,43.389445],[5.362108,43.389522],[5.362101,43.389522],[5.362083,43.389498],[5.362038,43.389478],[5.362039,43.389466],[5.362086,43.389445]]],[[[5.368607,43.39222],[5.368601,43.392216],[5.368595,43.392221],[5.368595,43.392225],[5.368601,43.392225],[5.368607,43.39222]]],[[[5.365169,43.392395],[5.365141,43.392328],[5.364943,43.392316],[5.364931,43.392314],[5.364854,43.392244],[5.364842,43.392237],[5.364835,43.392239],[5.364792,43.392319],[5.36488,43.39239],[5.364875,43.392403],[5.364763,43.392477],[5.364906,43.392527],[5.364943,43.39249],[5.365291,43.392468],[5.365369,43.392413],[5.365354,43.392345],[5.36531,43.392324],[5.365187,43.392327],[5.365208,43.392394],[5.3652,43.392403],[5.365169,43.392395]]],[[[5.365656,43.392482],[5.365683,43.392485],[5.365624,43.392452],[5.365474,43.392405],[5.365461,43.392408],[5.365472,43.392423],[5.365656,43.392482]]],[[[5.364518,43.392633],[5.36454,43.392656],[5.364521,43.392565],[5.364489,43.39257],[5.364518,43.392633]]],[[[5.366334,43.392663],[5.366324,43.392658],[5.366302,43.392656],[5.36628,43.392658],[5.366334,43.392663]]],[[[5.367133,43.392694],[5.367103,43.392699],[5.367069,43.392671],[5.367052,43.392673],[5.367046,43.392707],[5.36701,43.392746],[5.367006,43.392715],[5.366991,43.392717],[5.367003,43.392748],[5.367031,43.392758],[5.367025,43.392769],[5.366807,43.392773],[5.366792,43.392783],[5.366663,43.392785],[5.366637,43.392779],[5.366592,43.392737],[5.366593,43.392745],[5.366632,43.392781],[5.366655,43.39279],[5.366854,43.392785],[5.367024,43.392774],[5.367036,43.392765],[5.367047,43.392743],[5.367116,43.392725],[5.36718,43.392778],[5.367229,43.392768],[5.367253,43.39274],[5.367351,43.392738],[5.367378,43.392783],[5.367439,43.392763],[5.367489,43.392798],[5.367539,43.392797],[5.367556,43.39277],[5.367412,43.39271],[5.367205,43.392682],[5.367147,43.392614],[5.367157,43.392592],[5.367147,43.392597],[5.367138,43.392617],[5.367133,43.392694]]],[[[5.365531,43.399567],[5.365521,43.399563],[5.36552,43.399552],[5.365507,43.399539],[5.365502,43.399653],[5.365522,43.399628],[5.365522,43.399585],[5.365531,43.39958],[5.365534,43.399574],[5.365531,43.399567]]],[[[5.365485,43.399735],[5.365481,43.399863],[5.365475,43.399869],[5.365438,43.399859],[5.365429,43.399868],[5.365445,43.399958],[5.365422,43.399994],[5.365447,43.400021],[5.365463,43.400116],[5.36548,43.400099],[5.365473,43.399883],[5.365491,43.399868],[5.365496,43.399852],[5.365486,43.399847],[5.365489,43.39973],[5.365495,43.399723],[5.365492,43.399723],[5.365494,43.39967],[5.365488,43.399658],[5.365493,43.399655],[5.365483,43.399655],[5.365481,43.399659],[5.365481,43.399676],[5.365492,43.399676],[5.365489,43.399727],[5.365485,43.399735]]],[[[5.368812,43.400051],[5.368911,43.400048],[5.369033,43.40001],[5.369056,43.399982],[5.369167,43.399962],[5.369184,43.399939],[5.369145,43.399881],[5.368991,43.399903],[5.368917,43.399886],[5.368792,43.400011],[5.368793,43.400038],[5.368812,43.400051]]],[[[5.369386,43.4002],[5.369473,43.400216],[5.369492,43.400229],[5.369469,43.400266],[5.369501,43.400288],[5.369551,43.400295],[5.369543,43.400264],[5.369579,43.400227],[5.369577,43.400191],[5.369627,43.40019],[5.369576,43.400151],[5.369458,43.400153],[5.369422,43.400181],[5.369354,43.400178],[5.369386,43.4002]]],[[[5.369851,43.400239],[5.369839,43.400267],[5.369779,43.400304],[5.369793,43.40034],[5.369837,43.400361],[5.369996,43.400331],[5.370014,43.400308],[5.369974,43.400246],[5.369945,43.400134],[5.369803,43.400137],[5.369712,43.40017],[5.369732,43.400192],[5.369824,43.400195],[5.369825,43.400222],[5.369851,43.400239]]],[[[5.36918,43.399989],[5.36915,43.400012],[5.369152,43.400048],[5.369134,43.400062],[5.369083,43.400036],[5.368948,43.400057],[5.368896,43.400125],[5.36894,43.400156],[5.369086,43.400099],[5.369167,43.400128],[5.369169,43.400164],[5.369133,43.400192],[5.369171,43.400209],[5.369091,43.400234],[5.369038,43.400275],[5.369042,43.400283],[5.369044,43.400289],[5.369075,43.400283],[5.369076,43.400319],[5.369129,43.400339],[5.369114,43.400358],[5.369121,43.400379],[5.36913,43.400391],[5.369143,43.4004],[5.369172,43.400403],[5.36919,43.400371],[5.36922,43.400357],[5.369302,43.400413],[5.369292,43.40045],[5.369335,43.400462],[5.369339,43.400395],[5.369387,43.400358],[5.369385,43.400331],[5.369354,43.400309],[5.369273,43.400297],[5.369246,43.400235],[5.369195,43.4002],[5.369256,43.40018],[5.369249,43.400158],[5.369287,43.400184],[5.369335,43.400165],[5.369407,43.40011],[5.369494,43.400117],[5.36953,43.400098],[5.369694,43.400076],[5.369764,43.400084],[5.369973,43.40007],[5.370018,43.40011],[5.370007,43.400146],[5.370035,43.400248],[5.370044,43.400433],[5.370069,43.400451],[5.370061,43.400541],[5.37008,43.400563],[5.370258,43.400536],[5.370259,43.400415],[5.370345,43.400404],[5.370364,43.400417],[5.370329,43.400472],[5.370336,43.400494],[5.370361,43.400494],[5.370408,43.400439],[5.370458,43.400447],[5.370476,43.400433],[5.370479,43.400365],[5.370517,43.400382],[5.370554,43.400372],[5.370558,43.400323],[5.370576,43.400309],[5.370637,43.400299],[5.370661,43.400271],[5.370746,43.40026],[5.370776,43.400228],[5.370732,43.400198],[5.370695,43.400198],[5.370669,43.400181],[5.370664,43.400213],[5.370634,43.400227],[5.370588,43.400151],[5.370531,43.40013],[5.370484,43.400176],[5.370372,43.400151],[5.3703,43.400198],[5.370266,43.400122],[5.370183,43.400057],[5.369946,43.399999],[5.369773,43.400003],[5.369706,43.400021],[5.369643,43.400022],[5.369497,43.400006],[5.369414,43.399974],[5.369396,43.399979],[5.369391,43.400011],[5.369353,43.400003],[5.369305,43.400022],[5.369243,43.400023],[5.36918,43.399989]],[[5.37029,43.40027],[5.370333,43.400269],[5.370371,43.400291],[5.370372,43.400309],[5.370331,43.40035],[5.370257,43.400361],[5.370213,43.400339],[5.370212,43.400321],[5.37029,43.40027]]],[[[5.370809,43.400286],[5.370844,43.400394],[5.370877,43.400289],[5.370926,43.400279],[5.370913,43.400252],[5.370863,43.400231],[5.370795,43.400241],[5.370668,43.400343],[5.370656,43.400362],[5.370714,43.40036],[5.370809,43.400286]]],[[[5.365965,43.400137],[5.365963,43.400037],[5.365923,43.399993],[5.365898,43.399985],[5.365796,43.399986],[5.365647,43.399877],[5.365647,43.399773],[5.365659,43.399764],[5.365654,43.399629],[5.365647,43.399625],[5.365641,43.399625],[5.365643,43.399666],[5.365627,43.399652],[5.365635,43.399924],[5.365593,43.40015],[5.365552,43.400219],[5.365507,43.400316],[5.365498,43.400346],[5.36549,43.400353],[5.365493,43.400375],[5.365548,43.400354],[5.365578,43.400355],[5.365623,43.400377],[5.3656,43.400431],[5.365521,43.400465],[5.365459,43.400457],[5.365434,43.400439],[5.365347,43.400441],[5.365288,43.400506],[5.365269,43.400475],[5.365231,43.400457],[5.365303,43.400411],[5.365265,43.400394],[5.365251,43.400358],[5.365279,43.400319],[5.36529,43.400292],[5.365401,43.400221],[5.365008,43.400444],[5.364927,43.400563],[5.364864,43.400627],[5.364856,43.40065],[5.364843,43.400672],[5.364856,43.400659],[5.364915,43.400624],[5.364904,43.400638],[5.364906,43.400663],[5.364871,43.400708],[5.36487,43.400722],[5.364882,43.400732],[5.3649,43.400723],[5.364995,43.400622],[5.365014,43.40061],[5.365014,43.400627],[5.364921,43.400734],[5.364921,43.400755],[5.364885,43.400792],[5.364862,43.400828],[5.364769,43.400936],[5.364769,43.400953],[5.364789,43.400958],[5.364787,43.400969],[5.364778,43.400971],[5.364815,43.400988],[5.364847,43.401014],[5.364851,43.401022],[5.364841,43.401024],[5.364779,43.400998],[5.364766,43.400998],[5.364754,43.401013],[5.364734,43.40108],[5.364769,43.401084],[5.364867,43.401055],[5.364861,43.401078],[5.364906,43.401105],[5.364912,43.401121],[5.364884,43.401172],[5.364773,43.401183],[5.364733,43.401256],[5.364679,43.401275],[5.364742,43.401259],[5.364774,43.401275],[5.364789,43.401275],[5.364837,43.401238],[5.36485,43.401237],[5.364858,43.40123],[5.364857,43.401225],[5.364863,43.40122],[5.364911,43.401218],[5.364922,43.40121],[5.364947,43.40121],[5.364963,43.401217],[5.364986,43.401219],[5.365019,43.401227],[5.365025,43.401234],[5.365047,43.401231],[5.365062,43.401242],[5.365121,43.401238],[5.365133,43.401229],[5.365158,43.401229],[5.365183,43.401214],[5.365195,43.401212],[5.365218,43.4012],[5.36523,43.401191],[5.365243,43.401189],[5.365279,43.401167],[5.365291,43.401163],[5.365337,43.40113],[5.365334,43.401103],[5.365336,43.401077],[5.365356,43.401067],[5.365382,43.401039],[5.365441,43.400957],[5.365436,43.400939],[5.365448,43.40093],[5.365447,43.400912],[5.365471,43.400893],[5.365473,43.40086],[5.365439,43.400858],[5.365465,43.400856],[5.365494,43.40083],[5.365499,43.400813],[5.365497,43.400796],[5.365467,43.400794],[5.365499,43.400791],[5.365539,43.400764],[5.365558,43.400761],[5.365564,43.400756],[5.365564,43.400747],[5.365557,43.400743],[5.36552,43.400735],[5.365506,43.400724],[5.365496,43.400711],[5.36556,43.40062],[5.365601,43.400575],[5.365626,43.400571],[5.365634,43.400557],[5.36562,43.400506],[5.365603,43.400494],[5.365609,43.40049],[5.3657,43.400527],[5.365783,43.400522],[5.365809,43.40051],[5.365844,43.400488],[5.365891,43.400452],[5.365961,43.400373],[5.366032,43.400315],[5.366056,43.400278],[5.36605,43.40026],[5.366057,43.400251],[5.366055,43.400235],[5.366018,43.400207],[5.366004,43.400191],[5.365969,43.400169],[5.365965,43.400137]],[[5.36531,43.400702],[5.365296,43.400703],[5.365276,43.400663],[5.365326,43.400617],[5.365317,43.40059],[5.365338,43.400543],[5.365393,43.400467],[5.3654,43.400463],[5.365436,43.400463],[5.365463,43.400497],[5.365439,43.400525],[5.365437,43.40055],[5.365429,43.40057],[5.36537,43.400652],[5.36531,43.400702]],[[5.365955,43.40019],[5.365971,43.400199],[5.36597,43.400213],[5.365896,43.400217],[5.365807,43.400206],[5.365798,43.400228],[5.365749,43.400237],[5.365734,43.400258],[5.365735,43.400284],[5.365726,43.400292],[5.365713,43.400295],[5.365692,43.400293],[5.36569,43.400276],[5.365676,43.400275],[5.365673,43.400277],[5.365683,43.400295],[5.365638,43.400296],[5.36564,43.400286],[5.365605,43.40026],[5.365617,43.400233],[5.365588,43.400215],[5.365601,43.400161],[5.36565,43.400142],[5.36562,43.400125],[5.365623,43.400098],[5.365684,43.40007],[5.365755,43.399991],[5.365774,43.400009],[5.365872,43.399998],[5.365916,43.400019],[5.365943,43.400055],[5.365935,43.400163],[5.365955,43.40019]],[[5.364865,43.400839],[5.365015,43.400648],[5.365049,43.400603],[5.365019,43.400656],[5.364916,43.400791],[5.364871,43.40084],[5.364865,43.400839]]],[[[5.368757,43.400189],[5.368844,43.400302],[5.368868,43.400343],[5.368963,43.400447],[5.36902,43.400439],[5.369022,43.40051],[5.369049,43.400545],[5.369219,43.400645],[5.369225,43.400622],[5.36916,43.400561],[5.369166,43.400538],[5.369191,43.400546],[5.369209,43.400532],[5.369207,43.400496],[5.369121,43.400389],[5.369079,43.400346],[5.369033,43.400308],[5.368935,43.400242],[5.368911,43.400251],[5.368861,43.400237],[5.368788,43.400169],[5.368772,43.40017],[5.368761,43.400176],[5.368757,43.400189]]],[[[5.370525,43.400443],[5.370515,43.400495],[5.370616,43.400538],[5.370636,43.400587],[5.370722,43.400558],[5.370771,43.400557],[5.370797,43.400435],[5.370765,43.400422],[5.37068,43.400442],[5.370593,43.400435],[5.370586,43.400408],[5.370525,43.400443]]],[[[5.369226,43.400955],[5.369258,43.400977],[5.369357,43.400984],[5.369376,43.401006],[5.369354,43.40106],[5.369317,43.401079],[5.369333,43.40116],[5.369168,43.401204],[5.369065,43.401327],[5.369112,43.401318],[5.369188,43.401267],[5.369398,43.401358],[5.369463,43.401459],[5.369477,43.401455],[5.3694,43.401293],[5.369467,43.401269],[5.369511,43.401273],[5.369537,43.401317],[5.369539,43.401362],[5.369508,43.401358],[5.369502,43.401372],[5.369558,43.401375],[5.369597,43.401428],[5.369622,43.401437],[5.36964,43.401423],[5.369625,43.401342],[5.369656,43.401346],[5.369661,43.401324],[5.369646,43.40127],[5.369595,43.401226],[5.369595,43.401131],[5.369577,43.401096],[5.369499,43.401003],[5.369508,43.400975],[5.369406,43.400847],[5.369413,43.400845],[5.369302,43.400701],[5.36927,43.400671],[5.369245,43.400671],[5.369216,43.400712],[5.369231,43.400784],[5.369321,43.400854],[5.369247,43.400865],[5.369226,43.400955]]],[[[5.3647,43.401],[5.364698,43.40094],[5.364673,43.400922],[5.364672,43.400908],[5.364709,43.400889],[5.364802,43.400743],[5.364822,43.400731],[5.36483,43.400692],[5.364782,43.400746],[5.364639,43.400936],[5.364618,43.401023],[5.364599,43.401038],[5.364596,43.401056],[5.364603,43.401079],[5.364624,43.401098],[5.364617,43.401126],[5.364601,43.401166],[5.364585,43.401157],[5.36455,43.401152],[5.364488,43.40115],[5.364431,43.401123],[5.36443,43.401105],[5.364373,43.401066],[5.364343,43.401071],[5.364349,43.401233],[5.364326,43.401278],[5.364278,43.401306],[5.364252,43.401405],[5.364178,43.40156],[5.364202,43.40156],[5.364231,43.401519],[5.364236,43.401541],[5.364159,43.401673],[5.364351,43.401608],[5.364331,43.401672],[5.364396,43.401597],[5.364479,43.401544],[5.36444,43.401491],[5.364445,43.401464],[5.364565,43.401381],[5.364547,43.401237],[5.364521,43.401211],[5.364538,43.401179],[5.364587,43.401168],[5.364601,43.401179],[5.364617,43.401176],[5.36462,43.401153],[5.364674,43.401037],[5.364723,43.401009],[5.364637,43.401032],[5.364619,43.401031],[5.364618,43.401026],[5.364632,43.401028],[5.36466,43.401022],[5.364664,43.401016],[5.364682,43.401014],[5.3647,43.401]]],[[[5.364274,43.401891],[5.364265,43.401852],[5.364229,43.401954],[5.364245,43.401944],[5.364274,43.401891]]],[[[5.369695,43.401714],[5.369727,43.401736],[5.369729,43.401772],[5.369693,43.4018],[5.369692,43.401819],[5.369801,43.401999],[5.369924,43.40202],[5.369878,43.402111],[5.369954,43.402154],[5.369956,43.40219],[5.369927,43.402203],[5.369933,43.402215],[5.369983,43.402253],[5.369966,43.402271],[5.370181,43.402641],[5.3702,43.402661],[5.370199,43.402645],[5.370275,43.402628],[5.370304,43.402575],[5.370269,43.402522],[5.370232,43.402397],[5.370242,43.40236],[5.370117,43.402205],[5.370093,43.40212],[5.37003,43.402092],[5.369976,43.401991],[5.369971,43.401958],[5.370006,43.401912],[5.37008,43.401964],[5.369971,43.401778],[5.369951,43.401767],[5.369872,43.401652],[5.369828,43.40163],[5.369785,43.401636],[5.369781,43.401685],[5.369707,43.401687],[5.369749,43.401664],[5.36976,43.401627],[5.369692,43.401606],[5.369644,43.401604],[5.369618,43.40161],[5.369576,43.401633],[5.369627,43.401714],[5.369656,43.401701],[5.369695,43.401714]]],[[[5.364673,43.401369],[5.36468,43.401387],[5.364679,43.40141],[5.364627,43.401455],[5.364587,43.401465],[5.364579,43.401476],[5.364583,43.401494],[5.364582,43.401573],[5.364546,43.4016],[5.364536,43.401615],[5.364548,43.401627],[5.364528,43.401649],[5.364517,43.401711],[5.364447,43.401798],[5.364382,43.401835],[5.36443,43.401861],[5.364456,43.401844],[5.364434,43.401891],[5.364423,43.401927],[5.364392,43.401979],[5.364349,43.40213],[5.364321,43.40221],[5.364304,43.402242],[5.364298,43.40228],[5.364282,43.402305],[5.36424,43.40254],[5.364234,43.40254],[5.364241,43.402626],[5.36425,43.402635],[5.364254,43.40265],[5.364264,43.402889],[5.364247,43.402864],[5.364111,43.402867],[5.364109,43.402885],[5.3642,43.402937],[5.364201,43.402991],[5.364176,43.403037],[5.364104,43.403083],[5.364167,43.403154],[5.364171,43.403163],[5.364154,43.403217],[5.364176,43.403262],[5.364146,43.403289],[5.364128,43.403299],[5.364112,43.403293],[5.364083,43.403264],[5.364009,43.40322],[5.363986,43.403193],[5.363965,43.403298],[5.364044,43.403269],[5.36412,43.403303],[5.364164,43.403334],[5.364165,43.403352],[5.364135,43.403384],[5.364081,43.403408],[5.364131,43.403425],[5.364133,43.403488],[5.364076,43.403597],[5.364058,43.403611],[5.363904,43.403605],[5.363882,43.403687],[5.364026,43.403719],[5.3641,43.403727],[5.364118,43.403713],[5.364182,43.403477],[5.364265,43.403395],[5.364288,43.40334],[5.364273,43.403277],[5.364297,43.403259],[5.364241,43.403247],[5.364221,43.403225],[5.364257,43.403188],[5.364267,43.403134],[5.364252,43.403071],[5.364283,43.402917],[5.364274,43.402741],[5.36426,43.402623],[5.364252,43.402619],[5.364245,43.402559],[5.364317,43.402241],[5.36445,43.401878],[5.364483,43.401823],[5.364554,43.401633],[5.364572,43.401596],[5.364604,43.401591],[5.364636,43.401568],[5.364622,43.401545],[5.364612,43.401498],[5.364594,43.401473],[5.364637,43.401456],[5.364678,43.401423],[5.364733,43.401359],[5.364729,43.401333],[5.364665,43.40129],[5.364649,43.40129],[5.364653,43.401302],[5.364671,43.401304],[5.364694,43.401317],[5.364681,43.401333],[5.364673,43.401369]]],[[[5.37036,43.403009],[5.370454,43.403187],[5.370479,43.4032],[5.370484,43.403185],[5.370442,43.403113],[5.370443,43.403091],[5.370455,43.403086],[5.370473,43.40309],[5.370511,43.403132],[5.370516,43.40312],[5.37049,43.403012],[5.370451,43.402977],[5.370407,43.402909],[5.370414,43.402837],[5.370364,43.402811],[5.37036,43.402721],[5.37029,43.402664],[5.370208,43.402681],[5.370214,43.402701],[5.370208,43.402703],[5.37036,43.403009]]],[[[5.370312,43.403415],[5.370296,43.403402],[5.370246,43.403394],[5.370214,43.403364],[5.370199,43.403301],[5.370119,43.40315],[5.370052,43.403034],[5.370025,43.403004],[5.370041,43.402952],[5.369959,43.402801],[5.36995,43.402801],[5.369914,43.402815],[5.37023,43.403435],[5.370312,43.403415]]],[[[5.370479,43.403209],[5.37048,43.403241],[5.370506,43.403254],[5.370479,43.403209]]],[[[5.370775,43.404395],[5.370768,43.404391],[5.370762,43.404391],[5.370763,43.404396],[5.370769,43.4044],[5.370775,43.4044],[5.370775,43.404395]]],[[[5.370782,43.404427],[5.370788,43.404427],[5.370788,43.404422],[5.370782,43.404418],[5.370776,43.404418],[5.370776,43.404422],[5.370782,43.404427]]],[[[5.371177,43.404409],[5.371146,43.404423],[5.371174,43.404499],[5.371386,43.404445],[5.371414,43.404492],[5.371425,43.404489],[5.371425,43.404477],[5.371416,43.404457],[5.371399,43.404457],[5.371393,43.404447],[5.371396,43.404426],[5.371366,43.404384],[5.37131,43.404394],[5.371252,43.404434],[5.371177,43.404409]]],[[[5.371543,43.405797],[5.371302,43.406314],[5.371146,43.406348],[5.3711,43.406454],[5.371039,43.406464],[5.371004,43.406501],[5.370942,43.406493],[5.370908,43.406575],[5.370846,43.406567],[5.370804,43.406595],[5.370653,43.406914],[5.370653,43.406937],[5.370675,43.406967],[5.370768,43.407024],[5.370763,43.407061],[5.370709,43.407071],[5.370662,43.407062],[5.370655,43.407031],[5.370618,43.407031],[5.370589,43.407073],[5.370602,43.407081],[5.370552,43.40713],[5.370523,43.407193],[5.370677,43.407255],[5.370714,43.407254],[5.370738,43.407236],[5.370805,43.40723],[5.370827,43.407166],[5.370851,43.407148],[5.370829,43.407211],[5.370833,43.407301],[5.370743,43.407519],[5.37075,43.407542],[5.370768,43.407537],[5.37076,43.407636],[5.370742,43.407641],[5.370729,43.407623],[5.370676,43.407692],[5.37068,43.407782],[5.37072,43.407871],[5.37081,43.40795],[5.370799,43.407986],[5.370875,43.40802],[5.370853,43.408102],[5.370941,43.408136],[5.370908,43.408218],[5.370964,43.408239],[5.370968,43.40818],[5.371035,43.408305],[5.371029,43.408318],[5.37099,43.408265],[5.37096,43.408279],[5.370949,43.408334],[5.370975,43.40836],[5.37097,43.408383],[5.370889,43.408371],[5.370911,43.408299],[5.370823,43.408255],[5.370822,43.408229],[5.37077,43.408176],[5.370778,43.408076],[5.370687,43.407961],[5.370657,43.407836],[5.370581,43.407793],[5.37058,43.407757],[5.370503,43.407686],[5.37045,43.407598],[5.37046,43.407543],[5.370509,43.407524],[5.370495,43.407498],[5.370519,43.407479],[5.370518,43.407443],[5.370536,43.407429],[5.370561,43.407438],[5.370633,43.4074],[5.37066,43.407445],[5.370714,43.407403],[5.370736,43.407339],[5.370772,43.407321],[5.370782,43.407275],[5.370726,43.407263],[5.370582,43.407356],[5.370557,43.407357],[5.370535,43.407402],[5.3705,43.407371],[5.370482,43.407366],[5.370464,43.407368],[5.370442,43.40738],[5.370452,43.407384],[5.370453,43.407396],[5.370431,43.407426],[5.370432,43.407442],[5.370443,43.407474],[5.370404,43.407482],[5.370387,43.407467],[5.370369,43.407464],[5.370379,43.407445],[5.370404,43.40743],[5.370424,43.407408],[5.370438,43.407381],[5.370433,43.407376],[5.370414,43.407385],[5.370401,43.407409],[5.37039,43.40741],[5.370412,43.407381],[5.370409,43.407366],[5.370398,43.407366],[5.370247,43.407585],[5.370236,43.407612],[5.370252,43.40761],[5.370305,43.407548],[5.370413,43.407607],[5.370395,43.407621],[5.370345,43.407604],[5.370264,43.407618],[5.370212,43.407636],[5.370206,43.407675],[5.370192,43.407689],[5.37017,43.407695],[5.370111,43.407779],[5.370152,43.407756],[5.370154,43.40773],[5.370175,43.407724],[5.370165,43.40781],[5.370119,43.407821],[5.370177,43.407852],[5.370153,43.407884],[5.370216,43.407942],[5.370163,43.407968],[5.370089,43.40797],[5.370048,43.40802],[5.370061,43.408052],[5.3702,43.408125],[5.370023,43.408307],[5.370267,43.408425],[5.370299,43.408428],[5.370282,43.408439],[5.370279,43.408473],[5.370273,43.408481],[5.370372,43.40854],[5.370434,43.408548],[5.370497,43.408582],[5.370558,43.408581],[5.370564,43.408558],[5.370532,43.408536],[5.370625,43.408539],[5.370547,43.40846],[5.370577,43.408445],[5.370609,43.408449],[5.370616,43.408472],[5.370677,43.40847],[5.37074,43.408505],[5.370839,43.408494],[5.370882,43.408506],[5.370877,43.40852],[5.370945,43.408514],[5.370881,43.408479],[5.370923,43.408447],[5.37101,43.408445],[5.371035,43.408471],[5.371183,43.408468],[5.371226,43.408445],[5.371174,43.408401],[5.371013,43.40808],[5.370948,43.407992],[5.370894,43.407885],[5.370864,43.40776],[5.370909,43.40766],[5.370896,43.407642],[5.37093,43.40756],[5.370927,43.407497],[5.371018,43.407306],[5.371027,43.407216],[5.371084,43.407098],[5.371071,43.40708],[5.371124,43.407029],[5.371167,43.407024],[5.371178,43.406997],[5.371141,43.406988],[5.37114,43.406961],[5.371175,43.406916],[5.371223,43.406888],[5.371222,43.406852],[5.371307,43.406832],[5.37128,43.406769],[5.371323,43.406755],[5.371348,43.406772],[5.371367,43.406774],[5.371373,43.406753],[5.37132,43.406729],[5.371302,43.406733],[5.37124,43.406689],[5.371242,43.406659],[5.371382,43.406353],[5.371402,43.406294],[5.371407,43.406319],[5.371423,43.406318],[5.371438,43.406297],[5.371439,43.406285],[5.371431,43.406281],[5.371406,43.406285],[5.371614,43.405809],[5.371543,43.405797]],[[5.370332,43.407722],[5.370395,43.407761],[5.370396,43.407788],[5.37033,43.407839],[5.370294,43.407849],[5.370199,43.40781],[5.370229,43.407778],[5.370332,43.407722]],[[5.370849,43.406945],[5.370817,43.406936],[5.370811,43.406941],[5.370824,43.406953],[5.370843,43.406959],[5.370838,43.406982],[5.370738,43.406957],[5.370694,43.406917],[5.370748,43.406894],[5.370767,43.406898],[5.370762,43.40692],[5.37078,43.406923],[5.370798,43.406901],[5.370852,43.406905],[5.370822,43.406851],[5.370844,43.406819],[5.370869,43.406819],[5.370888,43.406832],[5.37089,43.406895],[5.370849,43.406945]],[[5.370589,43.408427],[5.370406,43.408328],[5.370405,43.408301],[5.370441,43.408273],[5.370403,43.408247],[5.370439,43.408232],[5.37049,43.408272],[5.370492,43.408308],[5.370574,43.408364],[5.370605,43.408368],[5.370589,43.408427]],[[5.370299,43.408136],[5.370375,43.408175],[5.370401,43.408211],[5.370383,43.408225],[5.370297,43.408235],[5.370266,43.408223],[5.370239,43.40816],[5.370299,43.408136]]],[[[5.374698,43.390863],[5.3747,43.390926],[5.374634,43.390977],[5.374585,43.390969],[5.374459,43.391066],[5.37448,43.391115],[5.374455,43.391116],[5.374404,43.391081],[5.374344,43.391127],[5.37427,43.391129],[5.374223,43.391166],[5.374173,43.391167],[5.374091,43.391277],[5.374016,43.391251],[5.373967,43.391252],[5.373942,43.391235],[5.373831,43.391246],[5.373743,43.391212],[5.373695,43.391231],[5.373656,43.391205],[5.373607,43.391206],[5.373557,43.39118],[5.373472,43.391218],[5.373347,43.391185],[5.3733,43.391231],[5.373249,43.391196],[5.373219,43.39121],[5.373233,43.391255],[5.373215,43.391269],[5.373141,43.39127],[5.373068,43.391299],[5.373004,43.391352],[5.372994,43.39137],[5.37304,43.39142],[5.373083,43.391371],[5.373147,43.391432],[5.373197,43.391431],[5.373201,43.391373],[5.373242,43.391331],[5.373461,43.391245],[5.373536,43.391256],[5.373596,43.391242],[5.37361,43.391269],[5.373698,43.391263],[5.373783,43.391274],[5.373933,43.391325],[5.374107,43.391357],[5.374222,43.391305],[5.374214,43.391256],[5.374281,43.391256],[5.374313,43.391222],[5.374315,43.391175],[5.374372,43.391153],[5.374407,43.391153],[5.374482,43.391178],[5.374519,43.391168],[5.374561,43.391136],[5.374559,43.3911],[5.374608,43.391081],[5.374594,43.391054],[5.374643,43.391044],[5.374655,43.391026],[5.374629,43.390999],[5.374659,43.390976],[5.374793,43.390937],[5.374892,43.390944],[5.374941,43.390934],[5.374978,43.390899],[5.374952,43.390914],[5.374916,43.390925],[5.3748,43.390811],[5.374764,43.390821],[5.374698,43.390863]]],[[[5.374758,43.391106],[5.374731,43.391122],[5.374673,43.391143],[5.374515,43.391228],[5.374335,43.39134],[5.374726,43.391128],[5.374759,43.39115],[5.374801,43.391127],[5.374811,43.391089],[5.374889,43.391066],[5.37482,43.391081],[5.374758,43.391106]]],[[[5.373535,43.391392],[5.373522,43.391379],[5.373369,43.391427],[5.373348,43.391474],[5.373517,43.391406],[5.373535,43.391392]]],[[[5.373057,43.392393],[5.37314,43.392441],[5.373225,43.392412],[5.37325,43.39242],[5.373278,43.392343],[5.373319,43.392311],[5.37335,43.39231],[5.373364,43.392326],[5.37336,43.39235],[5.373368,43.392344],[5.373367,43.392308],[5.373351,43.392291],[5.373378,43.392274],[5.373283,43.392172],[5.373305,43.392108],[5.373292,43.392091],[5.373345,43.39204],[5.373389,43.392044],[5.373354,43.392089],[5.373355,43.392134],[5.373426,43.3922],[5.373444,43.392186],[5.37343,43.39216],[5.373513,43.392114],[5.373464,43.392087],[5.37349,43.392036],[5.373488,43.391999],[5.373448,43.391988],[5.373484,43.39191],[5.373448,43.391882],[5.373471,43.391846],[5.373443,43.391757],[5.373407,43.391747],[5.37338,43.391712],[5.373315,43.391679],[5.373286,43.391641],[5.373209,43.391579],[5.373253,43.391523],[5.373172,43.39158],[5.373174,43.391616],[5.373149,43.391626],[5.373128,43.391698],[5.373137,43.391757],[5.373069,43.391776],[5.373149,43.391914],[5.373154,43.39204],[5.37304,43.392119],[5.372942,43.392148],[5.372875,43.392149],[5.372869,43.392167],[5.372858,43.392169],[5.37282,43.392148],[5.372736,43.39214],[5.372774,43.392321],[5.372938,43.392328],[5.37305,43.392361],[5.373057,43.392393]]],[[[5.37205,43.392137],[5.372024,43.392146],[5.371951,43.392194],[5.371797,43.392313],[5.37206,43.392138],[5.37205,43.392137]]],[[[5.371332,43.392597],[5.371452,43.392595],[5.37146,43.392588],[5.371393,43.392587],[5.371331,43.39257],[5.371236,43.392523],[5.371229,43.392491],[5.371179,43.392474],[5.371117,43.392476],[5.371017,43.392433],[5.370929,43.392414],[5.37092,43.392428],[5.370981,43.39247],[5.371132,43.392547],[5.371332,43.392597]]],[[[5.37153,43.392525],[5.371521,43.392525],[5.371496,43.392535],[5.371472,43.392528],[5.371459,43.392528],[5.371459,43.392538],[5.371506,43.392547],[5.37153,43.392525]]],[[[5.374004,43.395262],[5.374149,43.395217],[5.374129,43.395191],[5.373969,43.395203],[5.373952,43.395235],[5.374004,43.395262]]],[[[5.374838,43.394856],[5.37478,43.394817],[5.374731,43.394827],[5.374672,43.394882],[5.374488,43.394913],[5.374345,43.395024],[5.374295,43.395016],[5.374271,43.395035],[5.374233,43.395009],[5.374184,43.395019],[5.374063,43.395075],[5.374002,43.395086],[5.373954,43.395132],[5.373866,43.395089],[5.373709,43.395164],[5.373555,43.395163],[5.373525,43.395195],[5.373488,43.395196],[5.373466,43.39516],[5.373379,43.395127],[5.373304,43.395081],[5.373231,43.395054],[5.373214,43.395057],[5.373221,43.395067],[5.373207,43.395072],[5.373195,43.395063],[5.373158,43.39505],[5.373178,43.395041],[5.373145,43.395028],[5.373094,43.395019],[5.373068,43.395032],[5.37311,43.395055],[5.373152,43.395072],[5.373202,43.395079],[5.37324,43.395065],[5.373262,43.395085],[5.373248,43.395129],[5.37323,43.395154],[5.373202,43.395157],[5.372957,43.39509],[5.372922,43.395108],[5.372966,43.395117],[5.372993,43.395148],[5.373106,43.395168],[5.373138,43.395163],[5.373215,43.395181],[5.373259,43.395142],[5.373272,43.395138],[5.373272,43.395158],[5.373308,43.395168],[5.373335,43.395222],[5.373379,43.395252],[5.373511,43.395284],[5.373651,43.395264],[5.373667,43.395215],[5.373697,43.395191],[5.373772,43.395199],[5.373807,43.395144],[5.373894,43.395178],[5.373931,43.395168],[5.374027,43.395094],[5.37416,43.395046],[5.374247,43.395062],[5.374382,43.395032],[5.374442,43.39507],[5.374458,43.395058],[5.374436,43.395029],[5.374444,43.395018],[5.374485,43.394999],[5.374515,43.395017],[5.374468,43.395072],[5.374463,43.395098],[5.374522,43.395137],[5.374547,43.395137],[5.374585,43.395172],[5.374629,43.395175],[5.374593,43.395221],[5.374803,43.395356],[5.37484,43.395355],[5.374979,43.395433],[5.37524,43.395482],[5.375266,43.395508],[5.37534,43.395524],[5.375454,43.395594],[5.375567,43.395636],[5.375591,43.395627],[5.375704,43.395651],[5.375742,43.395687],[5.375816,43.395685],[5.375827,43.395658],[5.37592,43.395674],[5.375928,43.39566],[5.375968,43.395658],[5.375963,43.395643],[5.375965,43.395569],[5.375994,43.395559],[5.376024,43.395552],[5.376045,43.39557],[5.376035,43.395582],[5.376013,43.395593],[5.376007,43.395635],[5.376046,43.395662],[5.376056,43.395663],[5.37609,43.395584],[5.376161,43.39552],[5.375988,43.395437],[5.375314,43.395271],[5.375239,43.395264],[5.375914,43.395431],[5.375932,43.395438],[5.375926,43.395455],[5.375904,43.395473],[5.375826,43.395492],[5.375813,43.395486],[5.375801,43.395457],[5.375546,43.395406],[5.375455,43.395373],[5.375419,43.395366],[5.375454,43.39538],[5.375458,43.395407],[5.375414,43.395444],[5.375399,43.395444],[5.37533,43.395426],[5.375309,43.395415],[5.375287,43.395418],[5.375254,43.39544],[5.375068,43.395442],[5.375091,43.395424],[5.37512,43.395414],[5.375108,43.395405],[5.375106,43.395381],[5.375078,43.395365],[5.375029,43.395371],[5.375019,43.395365],[5.375043,43.395355],[5.375044,43.395342],[5.374989,43.395287],[5.375034,43.395295],[5.375115,43.395318],[5.375052,43.395256],[5.375068,43.395215],[5.375139,43.395217],[5.375207,43.395284],[5.375221,43.395247],[5.375228,43.395246],[5.375184,43.395181],[5.375194,43.395127],[5.375224,43.395095],[5.375253,43.395105],[5.375292,43.395098],[5.375242,43.395081],[5.375253,43.395045],[5.375221,43.395014],[5.37517,43.394997],[5.375109,43.395007],[5.375078,43.394995],[5.375168,43.394925],[5.375185,43.394945],[5.375235,43.394944],[5.375236,43.394914],[5.375119,43.394836],[5.374958,43.394939],[5.374932,43.394912],[5.374864,43.394909],[5.374838,43.394856]],[[5.375158,43.395137],[5.375147,43.395173],[5.375117,43.395196],[5.375043,43.395189],[5.37506,43.395157],[5.375047,43.395139],[5.374906,43.395053],[5.374802,43.395032],[5.374753,43.395042],[5.374727,43.395025],[5.374678,43.395035],[5.374683,43.394994],[5.374725,43.39498],[5.374755,43.394943],[5.374774,43.39497],[5.374874,43.394995],[5.374911,43.394994],[5.374935,43.394975],[5.374985,43.394983],[5.375131,43.395092],[5.375158,43.395137]]],[[[5.37351,43.39543],[5.373614,43.395409],[5.373472,43.395412],[5.373409,43.395387],[5.373335,43.395388],[5.373304,43.395376],[5.373277,43.395313],[5.373194,43.39528],[5.373171,43.395302],[5.373134,43.395303],[5.37307,43.395241],[5.373014,43.395259],[5.372999,43.395234],[5.373034,43.395207],[5.373047,43.395214],[5.373094,43.395216],[5.373053,43.395209],[5.373027,43.395191],[5.373013,43.395192],[5.37297,43.395207],[5.372908,43.395209],[5.372848,43.395237],[5.372823,43.395229],[5.37281,43.395245],[5.372811,43.395271],[5.37279,43.395274],[5.372773,43.39527],[5.372759,43.395269],[5.372737,43.395207],[5.372738,43.395191],[5.372658,43.395214],[5.372581,43.395264],[5.37258,43.395278],[5.372604,43.395297],[5.372654,43.39526],[5.372715,43.395258],[5.372742,43.395283],[5.372973,43.395279],[5.373012,43.395323],[5.373076,43.395323],[5.373286,43.395422],[5.37351,43.39543]]],[[[5.375191,43.395334],[5.375213,43.395333],[5.375222,43.395328],[5.375204,43.395326],[5.375191,43.395334]]],[[[5.374639,43.395427],[5.37464,43.395454],[5.374709,43.395475],[5.374716,43.395498],[5.374766,43.395523],[5.374766,43.395556],[5.374887,43.395597],[5.374998,43.395595],[5.375022,43.395576],[5.375071,43.395584],[5.375126,43.395562],[5.375095,43.395562],[5.37509,43.395524],[5.37506,43.395549],[5.37502,43.395549],[5.375007,43.395514],[5.374744,43.395438],[5.374706,43.395412],[5.374644,43.395405],[5.374537,43.395348],[5.374548,43.395312],[5.374519,43.395292],[5.374496,43.395291],[5.374511,43.395322],[5.374475,43.39535],[5.374489,43.395386],[5.374595,43.395397],[5.374639,43.395427]]],[[[5.371265,43.400258],[5.371229,43.400295],[5.371124,43.400297],[5.371087,43.400289],[5.371024,43.400282],[5.371012,43.400291],[5.37105,43.400299],[5.371074,43.400299],[5.371076,43.40033],[5.371053,43.400366],[5.370944,43.400422],[5.370958,43.400449],[5.370916,43.400473],[5.370872,43.400469],[5.370876,43.400419],[5.370846,43.400425],[5.370838,43.400533],[5.370857,43.400555],[5.371056,43.400545],[5.371197,43.400583],[5.371306,43.400595],[5.371441,43.40059],[5.371517,43.400618],[5.371588,43.400626],[5.371631,43.400378],[5.371611,43.400405],[5.371583,43.400485],[5.371466,43.400492],[5.371563,43.400394],[5.37151,43.400356],[5.37154,43.400342],[5.371571,43.400379],[5.371602,43.40035],[5.371631,43.400351],[5.371632,43.40037],[5.371646,43.400293],[5.371611,43.400268],[5.371574,43.400269],[5.37156,43.400242],[5.371536,43.400243],[5.371518,43.400257],[5.371531,43.400284],[5.371476,43.400298],[5.371491,43.400212],[5.371435,43.4002],[5.371399,43.40021],[5.371339,43.400265],[5.371265,43.400258]],[[5.37127,43.400393],[5.371234,43.400412],[5.371208,43.400385],[5.371165,43.400373],[5.371169,43.400332],[5.371323,43.400329],[5.371331,43.400355],[5.371417,43.400345],[5.371436,43.400367],[5.371369,43.4004],[5.371331,43.400373],[5.371295,43.400401],[5.37127,43.400393]]],[[[5.370594,43.402626],[5.370484,43.402431],[5.370434,43.402414],[5.370444,43.402359],[5.370419,43.402342],[5.370259,43.402058],[5.370195,43.402009],[5.37017,43.402014],[5.370275,43.402181],[5.370321,43.402278],[5.370595,43.402734],[5.370716,43.402975],[5.370835,43.403152],[5.37089,43.403304],[5.370849,43.403354],[5.370678,43.403394],[5.370533,43.40333],[5.370506,43.403263],[5.370484,43.403331],[5.370418,43.403364],[5.370356,43.403372],[5.370347,43.403409],[5.370381,43.403403],[5.370525,43.40369],[5.370492,43.403699],[5.370633,43.403995],[5.370677,43.403997],[5.370739,43.403987],[5.370751,43.403959],[5.370788,43.403959],[5.370799,43.40394],[5.37083,43.403935],[5.370827,43.403863],[5.370789,43.403846],[5.370801,43.403828],[5.37078,43.403779],[5.370816,43.403779],[5.370829,43.40376],[5.37084,43.403755],[5.370845,43.40376],[5.37082,43.403789],[5.370825,43.403809],[5.370842,43.403818],[5.370917,43.403803],[5.370941,43.403775],[5.370966,43.403784],[5.371026,43.403755],[5.371096,43.403794],[5.37131,43.404213],[5.371357,43.404284],[5.37134,43.404329],[5.371399,43.404355],[5.371421,43.404395],[5.371485,43.404376],[5.371246,43.403974],[5.371294,43.403964],[5.371144,43.403692],[5.371145,43.403672],[5.371192,43.40376],[5.371243,43.403773],[5.371246,43.403845],[5.37126,43.403881],[5.371299,43.403943],[5.371331,43.403962],[5.37139,43.403985],[5.371821,43.404128],[5.371876,43.40416],[5.3719,43.404146],[5.37191,43.404206],[5.371947,43.404239],[5.371991,43.404252],[5.372019,43.404332],[5.37201,43.404409],[5.372014,43.404512],[5.372036,43.404586],[5.371992,43.4046],[5.371991,43.404606],[5.372023,43.404621],[5.372024,43.404659],[5.371994,43.404622],[5.371975,43.404617],[5.371951,43.404635],[5.371889,43.404627],[5.371871,43.404641],[5.371879,43.404711],[5.371905,43.404708],[5.371929,43.40469],[5.371936,43.404703],[5.371918,43.404726],[5.37185,43.404714],[5.371871,43.404774],[5.371908,43.404783],[5.371909,43.404832],[5.37197,43.404845],[5.371988,43.404868],[5.372025,43.404871],[5.372026,43.404875],[5.371942,43.404868],[5.372125,43.404901],[5.372322,43.405036],[5.372329,43.405031],[5.372206,43.404949],[5.372248,43.404944],[5.372286,43.404961],[5.372345,43.404961],[5.372384,43.404981],[5.372352,43.405008],[5.372351,43.405015],[5.372407,43.404974],[5.372504,43.404969],[5.372693,43.404821],[5.372563,43.404653],[5.372646,43.404575],[5.372453,43.404534],[5.37244,43.404516],[5.372404,43.404526],[5.372384,43.404495],[5.372442,43.404413],[5.372428,43.404368],[5.372335,43.404366],[5.372247,43.404323],[5.372147,43.404298],[5.372059,43.404246],[5.372047,43.404255],[5.372051,43.404214],[5.371996,43.40422],[5.371977,43.404207],[5.371937,43.404145],[5.371874,43.404119],[5.371885,43.404083],[5.371848,43.404066],[5.371847,43.404048],[5.371815,43.404026],[5.371793,43.404033],[5.371779,43.404054],[5.371748,43.404041],[5.371759,43.404005],[5.371709,43.403988],[5.371617,43.403873],[5.371467,43.403813],[5.371522,43.403798],[5.371635,43.403841],[5.371682,43.403804],[5.37175,43.403789],[5.371618,43.403742],[5.371567,43.403689],[5.371145,43.403566],[5.371117,43.403581],[5.371025,43.403426],[5.371021,43.403408],[5.371024,43.403402],[5.371123,43.403543],[5.371216,43.403577],[5.371309,43.403593],[5.371666,43.403696],[5.372054,43.403841],[5.372147,43.403848],[5.372114,43.403826],[5.372057,43.403815],[5.371874,43.403743],[5.37139,43.403594],[5.371249,43.403567],[5.371146,43.403525],[5.370922,43.403177],[5.370903,43.403164],[5.370879,43.403174],[5.370847,43.403143],[5.37087,43.403097],[5.370735,43.402839],[5.370684,43.402777],[5.370633,43.40276],[5.370658,43.402751],[5.370656,43.402706],[5.37063,43.402679],[5.370666,43.402661],[5.370665,43.402634],[5.370647,43.402617],[5.370613,43.402617],[5.370603,43.402629],[5.370611,43.402651],[5.370594,43.402626]],[[5.37131,43.403774],[5.371285,43.403767],[5.371232,43.403687],[5.371248,43.403679],[5.371274,43.403723],[5.371297,43.40374],[5.371333,43.403742],[5.371349,43.403771],[5.37131,43.403774]]],[[[5.372067,43.403866],[5.372045,43.40388],[5.372167,43.403898],[5.372231,43.403927],[5.372255,43.40393],[5.372261,43.403927],[5.372229,43.403901],[5.372179,43.403878],[5.372129,43.403869],[5.372067,43.403866]]],[[[5.37268,43.404136],[5.372696,43.404152],[5.372724,43.40417],[5.372733,43.404183],[5.372721,43.404187],[5.372675,43.404153],[5.372604,43.404153],[5.372579,43.404111],[5.372566,43.404122],[5.372531,43.404122],[5.372483,43.404205],[5.372601,43.404225],[5.3727,43.404223],[5.372734,43.404195],[5.372757,43.404186],[5.372708,43.404144],[5.372614,43.404084],[5.372613,43.404089],[5.372643,43.404114],[5.37268,43.404136]]],[[[5.375524,43.404152],[5.375437,43.404145],[5.375375,43.404146],[5.375352,43.404183],[5.375315,43.404192],[5.375277,43.404178],[5.37512,43.404225],[5.374926,43.404329],[5.374782,43.404435],[5.374614,43.404498],[5.374518,43.404549],[5.374408,43.404622],[5.374321,43.40464],[5.374201,43.404637],[5.374189,43.404663],[5.374223,43.404671],[5.374211,43.404684],[5.37418,43.404684],[5.374174,43.404698],[5.374188,43.404706],[5.374199,43.404706],[5.374219,43.404687],[5.374385,43.40469],[5.374517,43.404597],[5.374566,43.404587],[5.374663,43.404531],[5.374797,43.404492],[5.374908,43.404489],[5.374926,43.404475],[5.374911,43.404413],[5.37506,43.404288],[5.375109,43.404278],[5.375153,43.40429],[5.375155,43.404335],[5.375174,43.404348],[5.375223,43.404356],[5.375248,43.404356],[5.375266,43.404333],[5.375191,43.404308],[5.37522,43.404275],[5.375282,43.404283],[5.375308,43.404309],[5.375368,43.404272],[5.375628,43.404293],[5.375647,43.404307],[5.375623,43.404325],[5.375567,43.404452],[5.375574,43.404466],[5.375642,43.404478],[5.375607,43.404519],[5.375729,43.404489],[5.375627,43.404406],[5.375666,43.404311],[5.375851,43.404307],[5.375901,43.404332],[5.375922,43.40431],[5.376074,43.404315],[5.376203,43.404307],[5.37628,43.404329],[5.376298,43.404348],[5.376371,43.404341],[5.376382,43.404336],[5.376183,43.404298],[5.375897,43.404219],[5.375888,43.40423],[5.375851,43.404204],[5.375729,43.404162],[5.375685,43.40416],[5.375644,43.404168],[5.375569,43.40417],[5.375524,43.404152]]],[[[5.371423,43.404509],[5.371448,43.40455],[5.371572,43.404513],[5.37153,43.404448],[5.371463,43.404468],[5.371492,43.404519],[5.37147,43.404504],[5.371423,43.404509]]],[[[5.375607,43.404519],[5.375595,43.404528],[5.375601,43.404528],[5.375607,43.404523],[5.375607,43.404519]]],[[[5.375296,43.404652],[5.375301,43.404657],[5.375337,43.404631],[5.375332,43.404624],[5.375343,43.404627],[5.375384,43.404603],[5.375466,43.404567],[5.37543,43.404575],[5.37541,43.404588],[5.375381,43.404588],[5.375309,43.404613],[5.375267,43.404661],[5.375296,43.404652]]],[[[5.375101,43.404692],[5.37504,43.404693],[5.37506,43.404742],[5.375124,43.404786],[5.375082,43.404827],[5.375033,43.404829],[5.374997,43.404856],[5.374954,43.404853],[5.374933,43.404786],[5.374805,43.404847],[5.374789,43.404906],[5.374726,43.404871],[5.374664,43.404864],[5.37466,43.404904],[5.374685,43.404931],[5.374761,43.404956],[5.374749,43.404983],[5.374719,43.404997],[5.374669,43.404981],[5.374571,43.404992],[5.37452,43.404957],[5.374451,43.405075],[5.374401,43.405067],[5.374337,43.405015],[5.374226,43.405008],[5.37422,43.405022],[5.37431,43.405101],[5.374311,43.405119],[5.374222,43.405206],[5.37411,43.4052],[5.374014,43.405256],[5.373964,43.405257],[5.373637,43.405102],[5.3736,43.405103],[5.373553,43.40522],[5.373481,43.405262],[5.373558,43.405284],[5.373584,43.405306],[5.373693,43.405313],[5.373717,43.405302],[5.37372,43.405321],[5.373744,43.40533],[5.37378,43.405329],[5.373789,43.405321],[5.373793,43.405288],[5.373811,43.405286],[5.373836,43.405291],[5.373843,43.405308],[5.373844,43.405323],[5.373814,43.405313],[5.373794,43.40532],[5.373795,43.405338],[5.373833,43.405344],[5.373976,43.405362],[5.373994,43.405341],[5.374017,43.405337],[5.374105,43.405366],[5.374302,43.405353],[5.374376,43.405365],[5.374396,43.405396],[5.374427,43.405409],[5.374489,43.405399],[5.374506,43.405367],[5.374508,43.405263],[5.374742,43.405258],[5.374815,43.405238],[5.374827,43.40522],[5.374864,43.405228],[5.374882,43.405214],[5.374961,43.405024],[5.375003,43.405009],[5.375033,43.404977],[5.375018,43.404914],[5.374968,43.404888],[5.375034,43.404847],[5.375107,43.404836],[5.375256,43.404673],[5.375212,43.404681],[5.375186,43.404654],[5.375162,43.404655],[5.375139,43.404709],[5.375101,43.404692]]],[[[5.372913,43.405217],[5.372927,43.405235],[5.372987,43.405197],[5.373024,43.405215],[5.373197,43.40522],[5.373297,43.405236],[5.373322,43.405253],[5.373372,43.405252],[5.373418,43.405188],[5.373427,43.405255],[5.373481,43.405262],[5.373439,43.405228],[5.373507,43.405036],[5.373485,43.405035],[5.373447,43.405132],[5.373335,43.405101],[5.373286,43.40504],[5.373187,43.405026],[5.373162,43.40502],[5.373126,43.405002],[5.372908,43.405082],[5.372848,43.405119],[5.372806,43.405152],[5.372808,43.405234],[5.372902,43.405235],[5.372913,43.405217]]],[[[5.371992,43.405349],[5.371989,43.405395],[5.371955,43.405468],[5.371913,43.405464],[5.371858,43.405454],[5.371837,43.405467],[5.372199,43.405566],[5.372218,43.405561],[5.372246,43.405493],[5.372556,43.405599],[5.372843,43.405551],[5.372796,43.405512],[5.37282,43.405476],[5.372727,43.405482],[5.372679,43.40551],[5.372626,43.405493],[5.372282,43.405359],[5.372274,43.405365],[5.372262,43.405368],[5.372246,43.405346],[5.371986,43.405254],[5.371937,43.405263],[5.371913,43.405275],[5.371894,43.405297],[5.371893,43.40534],[5.371907,43.405347],[5.371952,43.405346],[5.371978,43.405341],[5.371992,43.405349]]],[[[5.371458,43.406287],[5.371435,43.406324],[5.371448,43.406352],[5.371412,43.40637],[5.371426,43.406424],[5.371402,43.406443],[5.371404,43.406488],[5.371379,43.406488],[5.371355,43.406498],[5.371351,43.406515],[5.37137,43.406551],[5.371327,43.406557],[5.371278,43.406625],[5.371331,43.406665],[5.371418,43.406681],[5.371468,43.40668],[5.371516,43.406652],[5.371546,43.406629],[5.371544,43.406584],[5.371574,43.406569],[5.371656,43.406608],[5.371657,43.406635],[5.371689,43.406666],[5.371776,43.406673],[5.371841,43.406595],[5.371801,43.406533],[5.371861,43.406487],[5.371846,43.406424],[5.372078,43.406345],[5.372093,43.406345],[5.372106,43.406346],[5.372104,43.406373],[5.372162,43.406423],[5.372226,43.40651],[5.372353,43.406607],[5.372403,43.406634],[5.372515,43.406678],[5.372352,43.406604],[5.372239,43.406505],[5.372098,43.406326],[5.37216,43.406306],[5.372109,43.406211],[5.372066,43.406077],[5.372054,43.405886],[5.371707,43.405824],[5.37168,43.405829],[5.371662,43.405843],[5.371617,43.405952],[5.371609,43.406069],[5.371549,43.406106],[5.37149,43.40626],[5.371458,43.406287]]],[[[5.374149,43.405689],[5.374213,43.405751],[5.374195,43.405765],[5.374182,43.405747],[5.374135,43.405793],[5.374043,43.405818],[5.37404,43.405903],[5.37399,43.405886],[5.37388,43.405898],[5.37385,43.405921],[5.373835,43.406007],[5.373779,43.406004],[5.373803,43.405976],[5.373794,43.405918],[5.373769,43.405918],[5.373731,43.405892],[5.373658,43.405903],[5.373592,43.405888],[5.373535,43.405923],[5.373486,43.405925],[5.373444,43.405957],[5.373512,43.405957],[5.373528,43.406033],[5.373279,43.405912],[5.373246,43.405943],[5.373211,43.405994],[5.373529,43.406119],[5.373974,43.406322],[5.374051,43.406348],[5.37405,43.406331],[5.374065,43.406329],[5.374076,43.406312],[5.374064,43.4063],[5.374,43.40631],[5.373949,43.406275],[5.373936,43.406252],[5.373974,43.406242],[5.374121,43.406309],[5.374133,43.406308],[5.374148,43.406266],[5.374203,43.406242],[5.374187,43.40631],[5.374237,43.406327],[5.374194,43.406341],[5.37414,43.406322],[5.374087,43.406368],[5.374079,43.406363],[5.374067,43.406363],[5.373999,43.40639],[5.37402,43.4064],[5.374066,43.406375],[5.374085,43.406379],[5.37415,43.406416],[5.374185,43.406413],[5.374285,43.406456],[5.374355,43.406504],[5.374414,43.406719],[5.374418,43.406818],[5.37441,43.406935],[5.374375,43.406976],[5.374418,43.406981],[5.374431,43.406927],[5.374597,43.40698],[5.374645,43.406948],[5.374625,43.406917],[5.374589,43.406926],[5.374483,43.406906],[5.374519,43.406878],[5.37453,43.406842],[5.374597,43.406827],[5.374713,43.406741],[5.374816,43.406759],[5.374906,43.406801],[5.374943,43.406854],[5.374948,43.406926],[5.374945,43.406955],[5.37492,43.406998],[5.374855,43.407041],[5.374839,43.407048],[5.374818,43.407051],[5.374761,43.407041],[5.375034,43.407132],[5.375035,43.407119],[5.375018,43.407108],[5.374943,43.407078],[5.37501,43.407092],[5.375065,43.407087],[5.375106,43.407055],[5.375102,43.406938],[5.375063,43.406911],[5.375058,43.406777],[5.375032,43.40675],[5.375056,43.406723],[5.375054,43.406687],[5.375016,43.406669],[5.375028,43.406651],[5.37499,43.406616],[5.374939,43.406599],[5.374912,43.406537],[5.374874,43.406511],[5.374897,43.406465],[5.374945,43.406437],[5.374944,43.40641],[5.374869,43.406376],[5.374842,43.406322],[5.3749,43.406231],[5.374894,43.406105],[5.374793,43.406053],[5.374792,43.406017],[5.374754,43.405991],[5.374776,43.405919],[5.374657,43.40589],[5.374555,43.405802],[5.374511,43.40579],[5.374507,43.4057],[5.374488,43.405687],[5.374363,43.405653],[5.374327,43.405663],[5.374301,43.405646],[5.374214,43.40563],[5.374196,43.405643],[5.37421,43.405679],[5.374192,43.405693],[5.374149,43.405689]],[[5.373677,43.405929],[5.373806,43.406057],[5.37377,43.406085],[5.373777,43.406107],[5.373821,43.40612],[5.373784,43.406129],[5.373791,43.406152],[5.37371,43.406122],[5.373708,43.406068],[5.373731,43.406023],[5.373687,43.40601],[5.373626,43.40602],[5.373606,43.405998],[5.373604,43.405935],[5.373677,43.405929]],[[5.374595,43.406634],[5.374468,43.406686],[5.374418,43.406687],[5.374408,43.406593],[5.374381,43.406539],[5.374447,43.406479],[5.374465,43.406479],[5.374559,43.406542],[5.374544,43.40659],[5.374595,43.406634]],[[5.374841,43.40661],[5.374811,43.406633],[5.374746,43.406653],[5.374734,43.406642],[5.374743,43.406553],[5.374803,43.406531],[5.374841,43.40661]]],[[[5.373905,43.406428],[5.373869,43.406443],[5.37382,43.406463],[5.373837,43.406462],[5.373873,43.406451],[5.373902,43.406434],[5.373905,43.406428]]],[[[5.373321,43.40672],[5.373351,43.406706],[5.373356,43.406665],[5.373427,43.406709],[5.373443,43.40669],[5.373579,43.406697],[5.373638,43.406674],[5.373696,43.406643],[5.373713,43.406619],[5.373702,43.406605],[5.373687,43.406598],[5.373645,43.406603],[5.373631,43.406592],[5.373625,43.406579],[5.373648,43.406553],[5.373701,43.40651],[5.373266,43.406684],[5.373296,43.406714],[5.373321,43.40672]]],[[[5.373228,43.406686],[5.373174,43.406688],[5.373172,43.406695],[5.373191,43.406695],[5.373228,43.406686]]],[[[5.37497,43.407634],[5.374981,43.407628],[5.374979,43.407613],[5.374922,43.407619],[5.37495,43.407634],[5.37497,43.407634]]],[[[5.376649,43.370709],[5.376607,43.370746],[5.376693,43.370735],[5.376649,43.370709]]],[[[5.375793,43.370917],[5.375553,43.371057],[5.375418,43.371096],[5.375074,43.371274],[5.37514,43.371363],[5.375176,43.371358],[5.375151,43.371331],[5.375155,43.371291],[5.37518,43.371308],[5.375242,43.371307],[5.375308,43.371256],[5.375288,43.371225],[5.375349,43.371205],[5.375375,43.371232],[5.375412,43.371231],[5.375556,43.371147],[5.375567,43.37112],[5.375713,43.371053],[5.375898,43.37091],[5.37604,43.370763],[5.376196,43.370656],[5.37617,43.370629],[5.376068,43.370686],[5.375793,43.370917]]],[[[5.376829,43.370912],[5.376823,43.370948],[5.376826,43.370979],[5.376778,43.371007],[5.376779,43.371034],[5.376817,43.371061],[5.376831,43.371096],[5.376759,43.371152],[5.37676,43.37117],[5.376785,43.371178],[5.376819,43.371254],[5.376906,43.37127],[5.376942,43.371251],[5.376962,43.371273],[5.376882,43.371289],[5.376835,43.371344],[5.376744,43.371368],[5.376735,43.371467],[5.376775,43.371521],[5.376757,43.371543],[5.376726,43.371549],[5.376729,43.371612],[5.376774,43.37166],[5.376885,43.371658],[5.376904,43.371671],[5.376932,43.371751],[5.376924,43.37185],[5.376983,43.371934],[5.37702,43.371934],[5.377027,43.371925],[5.377028,43.371907],[5.377052,43.371902],[5.377021,43.371902],[5.377011,43.371905],[5.377004,43.371926],[5.376987,43.371916],[5.376948,43.371849],[5.376944,43.371755],[5.377143,43.371778],[5.377196,43.371792],[5.377214,43.371839],[5.377235,43.371858],[5.377207,43.371788],[5.377192,43.371781],[5.377094,43.371762],[5.37712,43.371743],[5.377115,43.371693],[5.37707,43.371569],[5.377073,43.371546],[5.37707,43.371513],[5.377055,43.371498],[5.377008,43.371488],[5.377025,43.371466],[5.377104,43.371437],[5.377061,43.371342],[5.37706,43.37137],[5.377053,43.37137],[5.377,43.371344],[5.376974,43.371375],[5.377011,43.371402],[5.377024,43.371419],[5.377022,43.371437],[5.376974,43.371431],[5.376956,43.371445],[5.376965,43.371479],[5.376959,43.371492],[5.376877,43.371514],[5.376877,43.371523],[5.376964,43.371551],[5.377025,43.371694],[5.377047,43.371727],[5.377037,43.371744],[5.377009,43.371748],[5.376957,43.371733],[5.376943,43.371724],[5.37689,43.371617],[5.376816,43.371534],[5.376777,43.371532],[5.376803,43.371489],[5.376818,43.371367],[5.376885,43.371339],[5.376955,43.37132],[5.376956,43.371306],[5.376948,43.371295],[5.377012,43.37129],[5.377011,43.371263],[5.376985,43.371246],[5.377008,43.3712],[5.377005,43.371137],[5.37698,43.37112],[5.376979,43.371093],[5.377003,43.371066],[5.376945,43.371008],[5.376927,43.371022],[5.376941,43.371224],[5.376921,43.371184],[5.376886,43.370956],[5.376886,43.370918],[5.376903,43.370911],[5.376905,43.370861],[5.376929,43.370857],[5.376932,43.370836],[5.376944,43.370827],[5.376944,43.370813],[5.376932,43.370805],[5.376907,43.370804],[5.376909,43.370763],[5.3769,43.370911],[5.376858,43.370897],[5.37684,43.370897],[5.376829,43.370912]]],[[[5.377075,43.371932],[5.377135,43.371903],[5.377135,43.371891],[5.377122,43.371882],[5.377079,43.371883],[5.377061,43.371898],[5.377113,43.371897],[5.377062,43.371919],[5.377034,43.371969],[5.377008,43.371943],[5.376946,43.371944],[5.376929,43.371967],[5.376956,43.372021],[5.377007,43.372064],[5.376985,43.372128],[5.376985,43.372146],[5.37701,43.372154],[5.377,43.3722],[5.377044,43.372221],[5.377102,43.372221],[5.377139,43.372215],[5.377164,43.372197],[5.377138,43.372198],[5.377117,43.372215],[5.377105,43.372215],[5.37711,43.372203],[5.377049,43.372123],[5.377024,43.372124],[5.377009,43.372109],[5.377031,43.372046],[5.377069,43.372019],[5.377104,43.372051],[5.377136,43.372055],[5.37717,43.372068],[5.377209,43.37212],[5.377222,43.372128],[5.377278,43.372145],[5.377287,43.372154],[5.377229,43.372179],[5.377313,43.372161],[5.377342,43.372111],[5.377314,43.37204],[5.377252,43.372023],[5.377265,43.371975],[5.377255,43.371908],[5.377246,43.371875],[5.377228,43.371931],[5.377146,43.372012],[5.377067,43.371948],[5.377075,43.371932]]],[[[5.377154,43.372225],[5.377121,43.372257],[5.377134,43.37227],[5.377179,43.37228],[5.377179,43.372294],[5.377155,43.372297],[5.377142,43.372315],[5.377159,43.372381],[5.37724,43.372345],[5.377206,43.372317],[5.377199,43.372285],[5.37715,43.37225],[5.377185,43.372226],[5.377263,43.372197],[5.377299,43.372212],[5.37731,43.372226],[5.377262,43.372336],[5.377351,43.372295],[5.377356,43.3723],[5.377376,43.3723],[5.377387,43.372308],[5.377391,43.372323],[5.377386,43.372334],[5.377419,43.372369],[5.377433,43.372371],[5.377434,43.372382],[5.37744,43.372388],[5.377499,43.372436],[5.377558,43.372435],[5.377608,43.372452],[5.377599,43.372511],[5.377603,43.372544],[5.377589,43.372554],[5.377592,43.372581],[5.377653,43.372622],[5.377776,43.372628],[5.377834,43.372667],[5.377841,43.37269],[5.377958,43.372696],[5.377999,43.37265],[5.377968,43.372638],[5.377925,43.372643],[5.377877,43.372671],[5.377846,43.372658],[5.377826,43.372627],[5.37775,43.372593],[5.377634,43.372598],[5.37761,43.37258],[5.377599,43.372557],[5.377607,43.372544],[5.377608,43.37251],[5.377621,43.37246],[5.377613,43.372447],[5.377551,43.372421],[5.377503,43.372421],[5.377442,43.372376],[5.37744,43.372344],[5.377498,43.372303],[5.377496,43.372278],[5.37747,43.372261],[5.377404,43.372257],[5.377335,43.372217],[5.377273,43.372192],[5.377237,43.372194],[5.377154,43.372225]]],[[[5.377365,43.372556],[5.377391,43.372564],[5.377369,43.372525],[5.377361,43.37253],[5.377365,43.372556]]],[[[5.380056,43.373248],[5.38012,43.373216],[5.380144,43.373188],[5.3802,43.373214],[5.380199,43.373191],[5.380168,43.37317],[5.380106,43.373171],[5.380061,43.373205],[5.380039,43.373245],[5.380056,43.373248]]],[[[5.380075,43.373325],[5.380047,43.373375],[5.380029,43.373389],[5.380004,43.37338],[5.379952,43.373428],[5.379932,43.373434],[5.379903,43.373481],[5.379923,43.373517],[5.379959,43.373489],[5.379983,43.373489],[5.380031,43.373443],[5.380057,43.373469],[5.380081,43.373468],[5.380147,43.373408],[5.380134,43.373391],[5.380173,43.373387],[5.380195,43.373372],[5.380201,43.373359],[5.380215,43.373349],[5.380207,43.373349],[5.380175,43.373375],[5.380139,43.373377],[5.380119,43.373346],[5.380075,43.373325]]],[[[5.380328,43.373157],[5.380359,43.373179],[5.380304,43.373176],[5.380255,43.373226],[5.38024,43.373209],[5.380215,43.373215],[5.380232,43.373227],[5.380227,43.373254],[5.3802,43.373266],[5.380141,43.373274],[5.380193,43.373273],[5.380216,43.373281],[5.380205,43.373329],[5.380215,43.373335],[5.380218,43.37329],[5.38023,43.373281],[5.380252,43.373235],[5.380216,43.373338],[5.380229,43.373333],[5.380215,43.373349],[5.380149,43.373453],[5.380156,43.373494],[5.380199,43.37347],[5.380215,43.373429],[5.380364,43.373444],[5.380425,43.373434],[5.380501,43.373468],[5.380549,43.373449],[5.380575,43.373467],[5.380624,43.373456],[5.380662,43.373483],[5.380686,43.373482],[5.380698,43.373464],[5.380788,43.373467],[5.380795,43.373391],[5.380815,43.373369],[5.380805,43.373395],[5.380808,43.373465],[5.380856,43.373546],[5.380888,43.373586],[5.380919,43.37359],[5.380933,43.373634],[5.38109,43.373698],[5.381098,43.37373],[5.381211,43.37379],[5.381219,43.373821],[5.38128,43.37382],[5.381365,43.373782],[5.381402,43.373781],[5.381409,43.373795],[5.381373,43.373832],[5.381381,43.373881],[5.381443,43.373879],[5.381478,43.373825],[5.38151,43.373847],[5.381512,43.3739],[5.381556,43.373922],[5.381592,43.373903],[5.381606,43.37393],[5.381642,43.37392],[5.381707,43.373991],[5.381761,43.373967],[5.381779,43.373935],[5.381834,43.373938],[5.381836,43.373974],[5.38188,43.374005],[5.382002,43.373957],[5.382018,43.374047],[5.382048,43.374033],[5.382065,43.374001],[5.382138,43.373972],[5.382177,43.374025],[5.382232,43.37402],[5.382235,43.374092],[5.382254,43.374105],[5.382291,43.374095],[5.382362,43.37403],[5.382449,43.374028],[5.382456,43.374051],[5.382487,43.374064],[5.38267,43.374014],[5.382693,43.373969],[5.382731,43.373995],[5.382768,43.373994],[5.382803,43.37394],[5.382914,43.373946],[5.382927,43.373964],[5.383014,43.373971],[5.383056,43.373938],[5.383043,43.373921],[5.383061,43.373907],[5.383123,43.373932],[5.383196,43.373895],[5.383257,43.373894],[5.383306,43.373874],[5.383324,43.373861],[5.383322,43.373816],[5.383339,43.373805],[5.383272,43.373805],[5.383252,43.373797],[5.38327,43.373782],[5.383303,43.373794],[5.383321,43.37378],[5.383294,43.373763],[5.383294,43.373738],[5.383266,43.373736],[5.383269,43.373726],[5.383374,43.37371],[5.383268,43.373724],[5.383268,43.373719],[5.38328,43.37371],[5.383317,43.373691],[5.383378,43.373681],[5.383471,43.373679],[5.383521,43.373696],[5.383523,43.373746],[5.383517,43.373752],[5.383496,43.373743],[5.383511,43.373752],[5.383533,43.373758],[5.383547,43.373734],[5.383584,43.373742],[5.38362,43.373706],[5.383654,43.373708],[5.383652,43.373698],[5.383638,43.373695],[5.383627,43.373702],[5.383612,43.373692],[5.383592,43.373704],[5.383586,43.373701],[5.383587,43.373687],[5.383573,43.373679],[5.383575,43.37367],[5.383745,43.373608],[5.38376,43.373623],[5.383772,43.373649],[5.383779,43.373655],[5.383782,43.373678],[5.383761,43.373677],[5.383756,43.373672],[5.383728,43.373675],[5.383722,43.373684],[5.383709,43.373658],[5.383701,43.373657],[5.383689,43.373664],[5.383668,43.373686],[5.383659,43.373709],[5.383715,43.373699],[5.38373,43.373685],[5.383805,43.37371],[5.383841,43.373683],[5.383867,43.373709],[5.383928,43.37369],[5.383951,43.373662],[5.383976,43.37368],[5.384038,43.373669],[5.384056,43.373655],[5.384043,43.373638],[5.384079,43.373623],[5.384011,43.373625],[5.383963,43.373653],[5.383932,43.37364],[5.383961,43.373608],[5.38401,43.373607],[5.384028,43.373593],[5.384021,43.373571],[5.384084,43.373587],[5.384113,43.373546],[5.38407,43.373552],[5.384039,43.373539],[5.384093,43.373515],[5.384253,43.373494],[5.384312,43.373447],[5.384375,43.373482],[5.384406,43.373477],[5.384411,43.373445],[5.384508,43.373432],[5.384544,43.373436],[5.384551,43.373442],[5.384498,43.373461],[5.384567,43.373482],[5.384549,43.373496],[5.384456,43.373503],[5.384436,43.373598],[5.384564,43.373568],[5.38461,43.373495],[5.384618,43.373522],[5.384641,43.373485],[5.384615,43.373463],[5.384626,43.373427],[5.384551,43.373411],[5.384548,43.373339],[5.384493,43.373335],[5.384433,43.373373],[5.384335,43.373393],[5.384236,43.373386],[5.384176,43.373423],[5.383699,43.373533],[5.383434,43.373615],[5.383014,43.373674],[5.38268,43.373663],[5.382667,43.373646],[5.382605,43.373629],[5.382544,43.373639],[5.382518,43.373622],[5.382482,43.373641],[5.381725,43.37354],[5.381695,43.373554],[5.381692,43.373622],[5.382144,43.37368],[5.382102,43.373703],[5.382027,43.373687],[5.381992,43.373723],[5.381918,43.373725],[5.381894,43.373744],[5.381887,43.373712],[5.381868,43.373708],[5.381789,43.37375],[5.381797,43.373782],[5.38176,43.373783],[5.381721,43.373747],[5.381673,43.373757],[5.381633,43.373704],[5.381596,43.373705],[5.381572,43.373724],[5.381567,43.373699],[5.381587,43.373694],[5.381586,43.373679],[5.381539,43.373688],[5.381475,43.373665],[5.381472,43.373675],[5.381481,43.373714],[5.381495,43.373722],[5.381522,43.37372],[5.38156,43.373746],[5.381579,43.373741],[5.381596,43.373794],[5.381629,43.373809],[5.381633,43.373798],[5.381641,43.373791],[5.381657,43.373788],[5.381822,43.373799],[5.381842,43.373821],[5.381839,43.373859],[5.381827,43.373887],[5.381841,43.373913],[5.381799,43.373919],[5.38174,43.373909],[5.381726,43.373943],[5.381696,43.373939],[5.381615,43.373858],[5.381599,43.373859],[5.381591,43.373881],[5.381581,43.373865],[5.381503,43.373805],[5.381525,43.373787],[5.381514,43.373757],[5.381487,43.373744],[5.381463,43.373771],[5.381439,43.373772],[5.381375,43.373728],[5.381264,43.37373],[5.381204,43.373759],[5.381133,43.373702],[5.381173,43.373606],[5.381271,43.373604],[5.381458,43.373636],[5.38147,43.373642],[5.381475,43.373659],[5.381476,43.373626],[5.381462,43.373617],[5.381391,43.373608],[5.381374,43.373584],[5.381326,43.373566],[5.381293,43.373532],[5.38117,43.373543],[5.381161,43.373513],[5.381162,43.37346],[5.381098,43.373446],[5.381143,43.373478],[5.381129,43.373585],[5.381063,43.373627],[5.380963,43.373611],[5.380943,43.37358],[5.380964,43.373472],[5.381036,43.373443],[5.381022,43.373401],[5.381098,43.373437],[5.38111,43.373423],[5.381009,43.373372],[5.381008,43.373354],[5.381044,43.373326],[5.380987,43.373287],[5.380748,43.373184],[5.380337,43.373085],[5.379954,43.373075],[5.379695,43.372934],[5.379655,43.372942],[5.379615,43.372925],[5.379578,43.372969],[5.379944,43.373138],[5.380068,43.373136],[5.380099,43.373153],[5.380328,43.373157]],[[5.38093,43.373417],[5.380931,43.373431],[5.380894,43.373441],[5.380869,43.37347],[5.380836,43.373442],[5.380864,43.373385],[5.38086,43.373357],[5.380835,43.373339],[5.380847,43.373317],[5.380878,43.373338],[5.380886,43.373392],[5.380917,43.373417],[5.38093,43.373417]],[[5.380746,43.373287],[5.380752,43.373274],[5.380821,43.373304],[5.380825,43.37335],[5.380815,43.373359],[5.380772,43.373323],[5.380773,43.373297],[5.380746,43.373287]],[[5.380724,43.373409],[5.380782,43.373429],[5.380784,43.373452],[5.380751,43.373453],[5.38068,43.373424],[5.380631,43.373425],[5.380584,43.373403],[5.380473,43.373397],[5.380399,43.373349],[5.380354,43.373287],[5.380418,43.373259],[5.380431,43.373284],[5.380437,43.373369],[5.380465,43.373373],[5.380488,43.373346],[5.380511,43.373304],[5.380656,43.373355],[5.380779,43.373345],[5.38078,43.373353],[5.38074,43.373355],[5.380723,43.373368],[5.380724,43.373409]],[[5.381926,43.373932],[5.381869,43.373884],[5.381855,43.373848],[5.381868,43.373833],[5.381967,43.373821],[5.382006,43.373856],[5.382015,43.373848],[5.382007,43.373846],[5.382001,43.3738],[5.38197,43.373767],[5.382006,43.373748],[5.382025,43.373721],[5.382037,43.373721],[5.382069,43.373742],[5.3821,43.373782],[5.382065,43.373802],[5.382065,43.373808],[5.382078,43.373818],[5.38219,43.373755],[5.382193,43.373828],[5.382162,43.373829],[5.38216,43.373818],[5.382146,43.373811],[5.382131,43.37381],[5.382121,43.373817],[5.382117,43.373827],[5.382132,43.373842],[5.38212,43.373857],[5.38209,43.373858],[5.382073,43.37385],[5.382045,43.373918],[5.382003,43.373915],[5.381997,43.373875],[5.381973,43.373868],[5.381953,43.373881],[5.38195,43.373918],[5.381968,43.373936],[5.381926,43.373932]],[[5.380926,43.373477],[5.380925,43.373471],[5.380944,43.373468],[5.380932,43.373483],[5.380926,43.373477]],[[5.383096,43.373747],[5.383133,43.37374],[5.383198,43.373734],[5.383205,43.373743],[5.383093,43.373757],[5.383096,43.373747]],[[5.382881,43.373754],[5.383055,43.373751],[5.383054,43.373759],[5.382941,43.373773],[5.382842,43.373775],[5.382879,43.373788],[5.382896,43.373801],[5.382905,43.373819],[5.38288,43.373863],[5.382801,43.373886],[5.382753,43.373923],[5.382734,43.37391],[5.382748,43.373836],[5.382719,43.373796],[5.382675,43.373759],[5.382687,43.37374],[5.382712,43.373745],[5.382724,43.373766],[5.382759,43.373763],[5.382763,43.373751],[5.382807,43.37375],[5.382881,43.373754]],[[5.383227,43.373844],[5.383196,43.373822],[5.383201,43.373813],[5.383238,43.373807],[5.383259,43.373832],[5.383227,43.373844]],[[5.382643,43.373963],[5.382622,43.373976],[5.382574,43.373922],[5.382598,43.373904],[5.382579,43.37389],[5.382561,43.373894],[5.382555,43.373914],[5.382517,43.373892],[5.382481,43.37392],[5.382432,43.373921],[5.382406,43.373903],[5.382394,43.373923],[5.382383,43.373954],[5.382304,43.373899],[5.38226,43.373926],[5.382241,43.373929],[5.38224,43.373902],[5.382302,43.373859],[5.38245,43.373855],[5.382502,43.373829],[5.382596,43.373807],[5.382631,43.373808],[5.382632,43.373849],[5.382689,43.373868],[5.382702,43.373886],[5.382697,43.37391],[5.382675,43.373923],[5.382623,43.37393],[5.382643,43.373963]],[[5.380608,43.373218],[5.380533,43.373202],[5.380532,43.373192],[5.380581,43.373195],[5.380603,43.373206],[5.380608,43.373218]]],[[[5.384193,43.373619],[5.384139,43.373611],[5.384079,43.373623],[5.384134,43.373622],[5.384186,43.373684],[5.384374,43.373693],[5.384409,43.373692],[5.384437,43.373638],[5.384436,43.373598],[5.384331,43.373649],[5.384311,43.373652],[5.384324,43.373578],[5.384305,43.373564],[5.384262,43.37357],[5.384257,43.373611],[5.384193,43.373619]]],[[[5.383351,43.373791],[5.383339,43.373805],[5.383386,43.373797],[5.383478,43.373729],[5.383456,43.373706],[5.383366,43.373719],[5.383397,43.373727],[5.383393,43.373742],[5.383375,43.373756],[5.38332,43.373762],[5.383351,43.373791]]],[[[5.382018,43.373828],[5.38202,43.373844],[5.382033,43.37383],[5.382033,43.373821],[5.382018,43.373828]]],[[[5.377636,43.387149],[5.37755,43.387169],[5.377451,43.387153],[5.377447,43.387211],[5.377368,43.387236],[5.377293,43.38721],[5.377263,43.387233],[5.377253,43.387297],[5.377218,43.387333],[5.377245,43.387396],[5.377184,43.387424],[5.37721,43.387442],[5.377213,43.387513],[5.377164,43.387541],[5.377156,43.387632],[5.377219,43.387675],[5.377221,43.38772],[5.377273,43.387782],[5.377297,43.387787],[5.377379,43.387587],[5.377433,43.387486],[5.377433,43.387469],[5.377408,43.387464],[5.377415,43.387455],[5.377461,43.387454],[5.377483,43.387428],[5.377491,43.387372],[5.377521,43.387358],[5.377525,43.38738],[5.377557,43.387366],[5.377599,43.387316],[5.377573,43.387281],[5.37759,43.38724],[5.377652,43.387238],[5.377677,43.387256],[5.377751,43.387245],[5.377859,43.387189],[5.377921,43.387178],[5.377957,43.387151],[5.377989,43.387151],[5.378013,43.387133],[5.378025,43.387132],[5.378024,43.387106],[5.378,43.387091],[5.377998,43.387041],[5.377953,43.386934],[5.377835,43.386906],[5.377748,43.387002],[5.377712,43.387021],[5.377688,43.387021],[5.377688,43.387012],[5.37765,43.387014],[5.377663,43.387041],[5.377772,43.387003],[5.377772,43.387015],[5.37781,43.387032],[5.377793,43.387073],[5.37759,43.387076],[5.377653,43.387117],[5.377636,43.387149]],[[5.377304,43.387327],[5.377304,43.387336],[5.377317,43.387345],[5.377342,43.387349],[5.377355,43.387375],[5.377324,43.38738],[5.377268,43.38735],[5.377266,43.387314],[5.377296,43.387291],[5.377364,43.38729],[5.377378,43.38733],[5.377355,43.387344],[5.377318,43.387325],[5.377304,43.387327]]],[[[5.377277,43.389489],[5.377255,43.389516],[5.377255,43.389523],[5.377272,43.38951],[5.377295,43.389482],[5.377297,43.389472],[5.377277,43.389489]]],[[[5.37755,43.38913],[5.377495,43.389132],[5.37751,43.389276],[5.377495,43.389317],[5.377425,43.389409],[5.377398,43.389387],[5.377376,43.389411],[5.377337,43.389414],[5.377314,43.389452],[5.377337,43.389433],[5.37737,43.389428],[5.377341,43.389447],[5.37726,43.389546],[5.377218,43.389579],[5.377193,43.389579],[5.377165,43.389611],[5.377102,43.389642],[5.377061,43.389601],[5.377036,43.38963],[5.377038,43.389656],[5.377012,43.389673],[5.376949,43.38969],[5.37689,43.389712],[5.3768,43.389764],[5.376717,43.389855],[5.376671,43.389937],[5.376558,43.390034],[5.376491,43.390058],[5.376496,43.390089],[5.376467,43.390121],[5.376505,43.390103],[5.376506,43.390085],[5.376535,43.390058],[5.376548,43.390068],[5.376579,43.390069],[5.376605,43.390051],[5.376604,43.390014],[5.376676,43.389959],[5.376696,43.389958],[5.376692,43.389979],[5.376637,43.390046],[5.376619,43.390048],[5.376589,43.390083],[5.376579,43.39011],[5.376477,43.390162],[5.376405,43.390227],[5.376369,43.390246],[5.37632,43.390247],[5.376311,43.390224],[5.376372,43.390196],[5.376412,43.390162],[5.376322,43.390209],[5.376137,43.390287],[5.3761,43.390288],[5.375977,43.390326],[5.375965,43.390317],[5.375953,43.390336],[5.375868,43.390356],[5.375844,43.390374],[5.375564,43.390479],[5.375419,43.390554],[5.37524,43.390693],[5.375203,43.390712],[5.375154,43.390713],[5.375137,43.390736],[5.375152,43.390749],[5.37512,43.390781],[5.37506,43.39082],[5.375044,43.390839],[5.375148,43.390771],[5.375154,43.390753],[5.375192,43.39073],[5.375243,43.390774],[5.375268,43.390774],[5.375315,43.390728],[5.375343,43.390713],[5.375377,43.390705],[5.37535,43.390735],[5.375299,43.390778],[5.375305,43.390791],[5.375391,43.39078],[5.375417,43.390806],[5.375454,43.390797],[5.375516,43.390813],[5.375552,43.390795],[5.375651,43.390788],[5.375718,43.390797],[5.375806,43.390832],[5.37586,43.390836],[5.375903,43.390822],[5.375928,43.390848],[5.375978,43.390836],[5.375961,43.390837],[5.37593,43.390846],[5.375912,43.390812],[5.37586,43.390832],[5.375804,43.390821],[5.375725,43.390791],[5.375643,43.390781],[5.3756,43.390739],[5.375538,43.390741],[5.375499,43.390697],[5.375455,43.390684],[5.375448,43.390655],[5.375625,43.39055],[5.375945,43.390426],[5.376201,43.390357],[5.376419,43.390262],[5.37676,43.389998],[5.376841,43.389871],[5.376906,43.389811],[5.377162,43.389715],[5.377282,43.389649],[5.37743,43.38948],[5.37744,43.389435],[5.377525,43.389397],[5.377522,43.389334],[5.377557,43.389279],[5.37755,43.38913]],[[5.377049,43.389682],[5.377085,43.389663],[5.377116,43.389661],[5.377141,43.389675],[5.3771,43.389716],[5.377025,43.3897],[5.37697,43.389733],[5.376944,43.389733],[5.376886,43.38975],[5.376885,43.389761],[5.376862,43.389792],[5.37683,43.38979],[5.376829,43.389766],[5.376856,43.389752],[5.376883,43.389745],[5.376913,43.38972],[5.377,43.389683],[5.377049,43.389682]]],[[[5.375635,43.391036],[5.37562,43.391022],[5.375634,43.390987],[5.375656,43.39095],[5.375655,43.390941],[5.375645,43.390936],[5.375559,43.390956],[5.375463,43.39103],[5.375339,43.390997],[5.375197,43.391009],[5.375231,43.391072],[5.375465,43.391057],[5.375478,43.391075],[5.375525,43.391057],[5.375587,43.391055],[5.375635,43.391036]]],[[[5.375806,43.391019],[5.375802,43.391031],[5.375883,43.391021],[5.375883,43.390986],[5.375899,43.39097],[5.375874,43.390985],[5.37587,43.391013],[5.375833,43.391004],[5.375806,43.391019]]],[[[5.375043,43.391041],[5.375155,43.391028],[5.375197,43.391009],[5.375117,43.391002],[5.375068,43.391021],[5.375043,43.391004],[5.375007,43.391007],[5.375043,43.391041]]],[[[5.37536,43.395353],[5.375304,43.395343],[5.375292,43.395357],[5.375299,43.395408],[5.37536,43.395353]]],[[[5.375377,43.395677],[5.375475,43.395722],[5.375535,43.395713],[5.375601,43.395764],[5.375726,43.395744],[5.375706,43.395723],[5.375678,43.395734],[5.375579,43.395698],[5.375557,43.395683],[5.375559,43.395661],[5.375552,43.395661],[5.375548,43.395685],[5.375517,43.395688],[5.375401,43.395676],[5.375398,43.395645],[5.37522,43.395599],[5.375171,43.395567],[5.375163,43.395717],[5.375247,43.395652],[5.375284,43.395643],[5.375301,43.395684],[5.375377,43.395677]]],[[[5.376416,43.395712],[5.376412,43.395675],[5.376401,43.395674],[5.37634,43.395693],[5.376188,43.395582],[5.376211,43.395562],[5.376216,43.395553],[5.376214,43.395541],[5.376168,43.395551],[5.376123,43.395574],[5.376078,43.395673],[5.376076,43.395691],[5.376092,43.395656],[5.376162,43.395695],[5.376216,43.395693],[5.376324,43.395737],[5.376356,43.395759],[5.37637,43.395812],[5.376421,43.395838],[5.376421,43.395864],[5.376431,43.395855],[5.376426,43.39572],[5.376416,43.395712]]],[[[5.375824,43.395768],[5.375912,43.395774],[5.375957,43.395786],[5.375947,43.395771],[5.375918,43.395754],[5.375894,43.395747],[5.375841,43.395743],[5.375796,43.395734],[5.375754,43.395744],[5.375824,43.395768]]],[[[5.376102,43.395881],[5.376076,43.395864],[5.376083,43.395853],[5.375958,43.395807],[5.375962,43.395847],[5.375987,43.395865],[5.376016,43.395901],[5.376117,43.395939],[5.376102,43.395881]]],[[[5.37618,43.395999],[5.376247,43.3961],[5.376249,43.396069],[5.376231,43.396031],[5.37618,43.395999]]],[[[5.376434,43.395909],[5.376425,43.395907],[5.376414,43.395959],[5.376456,43.396062],[5.376505,43.396088],[5.376481,43.396098],[5.376482,43.396116],[5.376613,43.396238],[5.37677,43.396298],[5.376775,43.396322],[5.376818,43.39634],[5.376783,43.396307],[5.376785,43.396286],[5.376643,43.396228],[5.376596,43.396194],[5.376498,43.396046],[5.37646,43.396049],[5.376434,43.395909]]],[[[5.376843,43.396342],[5.376844,43.396346],[5.376905,43.396363],[5.376915,43.396349],[5.376857,43.39633],[5.376843,43.396342]]],[[[5.376754,43.396393],[5.376691,43.396368],[5.376698,43.39638],[5.376749,43.396399],[5.376768,43.3964],[5.37678,43.396394],[5.376754,43.396393]]],[[[5.376431,43.404345],[5.376388,43.404337],[5.376394,43.404343],[5.376402,43.404345],[5.376431,43.404345]]],[[[5.376105,43.40444],[5.376222,43.404434],[5.376457,43.404435],[5.376458,43.404423],[5.376374,43.404417],[5.376115,43.404417],[5.375979,43.404426],[5.375963,43.404443],[5.375884,43.404457],[5.375884,43.404463],[5.376105,43.40444]]]],"type":"MultiPolygon"},"properties":{"zoneCode":"BLEU_AZU","zoneLabel":"Titre 2 - Zone Bleu clair (zone urbanisée, aléa modéré)","zoneColor":"#64B5F6","codeZone":"B","typeReg":"02"}},{"type":"Feature","geometry":{"coordinates":[[[[5.358565,43.385004],[5.35862,43.385016],[5.358607,43.385054],[5.358578,43.385057],[5.358588,43.38513],[5.358548,43.385176],[5.358563,43.385208],[5.358597,43.385215],[5.35861,43.385251],[5.358577,43.385317],[5.358613,43.385355],[5.358582,43.385396],[5.358499,43.385425],[5.358469,43.385448],[5.358495,43.385484],[5.358387,43.385553],[5.358387,43.385567],[5.358419,43.385591],[5.358506,43.385614],[5.358583,43.385684],[5.358657,43.385673],[5.35861,43.3857],[5.358604,43.385733],[5.358668,43.385795],[5.35867,43.385849],[5.358624,43.385913],[5.358614,43.385994],[5.358677,43.38602],[5.358741,43.386081],[5.358771,43.386207],[5.358811,43.386269],[5.358814,43.38635],[5.358836,43.386369],[5.358854,43.386408],[5.358887,43.386461],[5.358869,43.386493],[5.358907,43.386537],[5.358952,43.38654],[5.358959,43.386552],[5.358984,43.386557],[5.358998,43.386597],[5.358996,43.386561],[5.358973,43.386544],[5.358929,43.386433],[5.358855,43.386114],[5.358734,43.38551],[5.358676,43.385199],[5.35865,43.385083],[5.358656,43.385068],[5.358701,43.385077],[5.358684,43.38498],[5.358561,43.384987],[5.358565,43.385004]]],[[[5.359652,43.387488],[5.359545,43.387343],[5.359579,43.387335],[5.359534,43.387273],[5.3595,43.38728],[5.359462,43.387231],[5.359414,43.387158],[5.359451,43.387154],[5.359445,43.387119],[5.359401,43.387034],[5.359588,43.387004],[5.359575,43.386951],[5.359539,43.386953],[5.359513,43.386914],[5.359508,43.38687],[5.359531,43.386864],[5.359545,43.386841],[5.359533,43.386807],[5.3595,43.386798],[5.359482,43.386773],[5.359454,43.386778],[5.359405,43.386765],[5.359403,43.386754],[5.359426,43.386729],[5.359449,43.386672],[5.359477,43.386672],[5.359487,43.386677],[5.359495,43.386674],[5.359495,43.386664],[5.359415,43.386671],[5.3594,43.386683],[5.359311,43.386707],[5.359285,43.3867],[5.359269,43.38668],[5.35917,43.386694],[5.359262,43.386929],[5.359394,43.38715],[5.359464,43.38725],[5.359574,43.387422],[5.359768,43.387668],[5.359811,43.387718],[5.359824,43.387724],[5.359841,43.387727],[5.359652,43.387488]]],[[[5.359293,43.387343],[5.35935,43.387373],[5.359416,43.387489],[5.359473,43.387529],[5.359478,43.38758],[5.35957,43.38762],[5.359597,43.387692],[5.359681,43.387793],[5.359712,43.387878],[5.359761,43.387897],[5.359824,43.387963],[5.359828,43.388014],[5.359854,43.38804],[5.359904,43.388066],[5.35995,43.388097],[5.359959,43.388135],[5.359982,43.388157],[5.360012,43.388168],[5.360027,43.388185],[5.36007,43.388216],[5.360115,43.388217],[5.360324,43.388413],[5.360464,43.388526],[5.360469,43.388521],[5.360273,43.388357],[5.360185,43.38827],[5.360117,43.388214],[5.360106,43.388213],[5.36006,43.388168],[5.360055,43.388154],[5.360042,43.388151],[5.35997,43.388086],[5.359621,43.38769],[5.359569,43.387594],[5.359505,43.38755],[5.359466,43.387497],[5.359229,43.387142],[5.359149,43.387001],[5.359149,43.386982],[5.359123,43.386964],[5.359121,43.38691],[5.359093,43.386839],[5.359055,43.386795],[5.359013,43.386667],[5.359011,43.38662],[5.359004,43.386691],[5.35895,43.386721],[5.358943,43.38674],[5.358997,43.386783],[5.359005,43.386813],[5.35904,43.386851],[5.359045,43.38688],[5.359105,43.386968],[5.359128,43.386987],[5.359182,43.387206],[5.359209,43.38725],[5.359114,43.387351],[5.359158,43.387364],[5.359293,43.387343]]],[[[5.360933,43.388453],[5.360925,43.388446],[5.36088,43.388446],[5.360758,43.388387],[5.360713,43.388353],[5.360577,43.388355],[5.360512,43.38832],[5.360506,43.388257],[5.360409,43.388241],[5.360409,43.388216],[5.36037,43.388232],[5.360343,43.388209],[5.360247,43.38811],[5.36015,43.38802],[5.360143,43.388022],[5.360126,43.38802],[5.360131,43.388006],[5.360133,43.38801],[5.360141,43.38801],[5.35997,43.387833],[5.359931,43.387836],[5.359892,43.387791],[5.359886,43.387812],[5.359912,43.387847],[5.359947,43.387868],[5.359993,43.387928],[5.360093,43.38803],[5.360205,43.388126],[5.360328,43.388251],[5.360395,43.388303],[5.360454,43.388367],[5.360467,43.388376],[5.360477,43.38838],[5.360515,43.388354],[5.360528,43.388352],[5.360545,43.388354],[5.360568,43.388369],[5.360602,43.388368],[5.360647,43.388417],[5.360685,43.388394],[5.360735,43.388418],[5.36074,43.388418],[5.360743,43.388422],[5.360813,43.388455],[5.360886,43.38847],[5.360922,43.38847],[5.360933,43.388453]]],[[[5.365502,43.397057],[5.365424,43.397221],[5.36541,43.397272],[5.36555,43.396967],[5.36554,43.396961],[5.365502,43.397057]]],[[[5.365508,43.397014],[5.365497,43.397017],[5.365491,43.397022],[5.365491,43.397031],[5.365497,43.397037],[5.365473,43.397097],[5.365463,43.397099],[5.365457,43.39711],[5.365463,43.397117],[5.365358,43.397331],[5.365359,43.397339],[5.365368,43.397345],[5.365384,43.397344],[5.3654,43.397337],[5.365461,43.397335],[5.36547,43.39731],[5.365367,43.39733],[5.365475,43.397096],[5.365533,43.396962],[5.365508,43.397014]]],[[[5.365447,43.397297],[5.365411,43.397291],[5.365416,43.397298],[5.365436,43.397299],[5.365447,43.397297]]],[[[5.365195,43.397423],[5.365197,43.397533],[5.365153,43.397503],[5.365128,43.397503],[5.365124,43.397553],[5.365143,43.397566],[5.365211,43.397569],[5.365255,43.397691],[5.365293,43.397769],[5.365239,43.397618],[5.365233,43.397579],[5.36522,43.39757],[5.365217,43.397407],[5.365248,43.397275],[5.365277,43.397196],[5.365221,43.397311],[5.365195,43.397423]]],[[[5.365448,43.398168],[5.365386,43.398023],[5.365385,43.397991],[5.36536,43.39793],[5.365368,43.397931],[5.365376,43.397929],[5.365381,43.397924],[5.365379,43.397914],[5.365364,43.39791],[5.365354,43.397915],[5.365346,43.397898],[5.365358,43.397889],[5.365355,43.397864],[5.365304,43.397799],[5.365343,43.397896],[5.365366,43.397967],[5.365379,43.397983],[5.365379,43.398043],[5.365317,43.398082],[5.365302,43.398096],[5.3653,43.398112],[5.365314,43.398119],[5.365383,43.39813],[5.365461,43.398183],[5.365459,43.398192],[5.365391,43.398208],[5.365374,43.39824],[5.365488,43.398301],[5.365502,43.398345],[5.365527,43.398363],[5.365494,43.39839],[5.365508,43.39845],[5.365541,43.398507],[5.365539,43.398533],[5.365577,43.398555],[5.365673,43.398556],[5.365651,43.398369],[5.365614,43.398365],[5.36562,43.398352],[5.365563,43.398317],[5.365463,43.39821],[5.36546,43.398198],[5.365473,43.398196],[5.365478,43.398192],[5.365476,43.398173],[5.365466,43.398168],[5.365448,43.398168]]],[[[5.36563,43.398671],[5.365596,43.398774],[5.365524,43.399154],[5.365497,43.399529],[5.36552,43.399552],[5.365519,43.39954],[5.365513,43.399535],[5.365503,43.399534],[5.3655,43.399526],[5.365502,43.399503],[5.365521,43.399502],[5.36554,43.399471],[5.36554,43.399452],[5.365528,43.399432],[5.365563,43.399395],[5.365561,43.399314],[5.365579,43.399265],[5.36558,43.399169],[5.365598,43.399037],[5.365584,43.39903],[5.365563,43.39904],[5.365552,43.399031],[5.365559,43.398983],[5.365568,43.398942],[5.365582,43.398934],[5.365582,43.398908],[5.365593,43.398899],[5.365592,43.398882],[5.365582,43.398876],[5.365593,43.398818],[5.36561,43.398805],[5.365613,43.398778],[5.365604,43.39877],[5.365673,43.398556],[5.36563,43.398671]]],[[[5.365435,43.395462],[5.36565,43.395939],[5.365696,43.396154],[5.365643,43.39638],[5.365468,43.396762],[5.365303,43.39714],[5.365372,43.39703],[5.36544,43.396949],[5.365428,43.397],[5.36544,43.397011],[5.365451,43.397009],[5.3655,43.396943],[5.365569,43.396816],[5.365584,43.396765],[5.365607,43.396728],[5.36563,43.396683],[5.365637,43.396683],[5.365638,43.396697],[5.365612,43.396752],[5.365604,43.39676],[5.365605,43.396779],[5.36562,43.396785],[5.36563,43.396781],[5.365783,43.396446],[5.365819,43.396354],[5.365847,43.396247],[5.365855,43.396152],[5.365854,43.39612],[5.365844,43.396058],[5.365847,43.396146],[5.365836,43.396266],[5.365799,43.396392],[5.365827,43.396254],[5.365838,43.396148],[5.3658,43.39599],[5.365792,43.395928],[5.365656,43.395628],[5.365565,43.395438],[5.365435,43.395462]]],[[[5.365383,43.397533],[5.365429,43.397596],[5.365536,43.397641],[5.365548,43.39765],[5.365551,43.39766],[5.365546,43.397692],[5.365515,43.397732],[5.365515,43.397741],[5.365565,43.39777],[5.365592,43.397771],[5.365549,43.397642],[5.365663,43.397659],[5.365746,43.397386],[5.36551,43.397351],[5.365487,43.397406],[5.365447,43.397427],[5.365416,43.397456],[5.365383,43.397533]],[[5.365659,43.397509],[5.365693,43.397516],[5.365687,43.397557],[5.365659,43.397576],[5.365632,43.397578],[5.365628,43.397561],[5.365611,43.39755],[5.365607,43.39752],[5.365593,43.397506],[5.365601,43.397487],[5.365597,43.397474],[5.365555,43.39744],[5.365552,43.397431],[5.36559,43.397415],[5.365602,43.397405],[5.36565,43.397399],[5.365653,43.397423],[5.365642,43.397457],[5.365659,43.397509]]],[[[5.366424,43.398114],[5.366714,43.398251],[5.366746,43.398273],[5.366786,43.398344],[5.366855,43.398392],[5.366908,43.398405],[5.367011,43.398403],[5.367041,43.398393],[5.367055,43.398372],[5.367077,43.398369],[5.367157,43.398389],[5.367055,43.398335],[5.366974,43.398302],[5.366952,43.398327],[5.366889,43.398311],[5.36687,43.398298],[5.366884,43.398269],[5.366356,43.398083],[5.36632,43.398066],[5.366302,43.398096],[5.366325,43.398107],[5.366424,43.398114]]],[[[5.365727,43.39834],[5.365736,43.398344],[5.365759,43.398338],[5.365741,43.398303],[5.365722,43.398296],[5.36571,43.398308],[5.365711,43.39832],[5.365729,43.398331],[5.365727,43.39834]]],[[[5.367328,43.398529],[5.367332,43.39856],[5.367401,43.398599],[5.367451,43.398615],[5.367468,43.39861],[5.367258,43.398459],[5.367244,43.398488],[5.367287,43.398515],[5.367328,43.398529]]],[[[5.367191,43.39879],[5.367131,43.398868],[5.367471,43.399007],[5.367747,43.399147],[5.367971,43.399362],[5.368097,43.399315],[5.367988,43.399201],[5.367831,43.399063],[5.367536,43.398919],[5.367224,43.398801],[5.367289,43.398803],[5.367502,43.398876],[5.367653,43.398945],[5.36782,43.399028],[5.367891,43.399083],[5.367939,43.399093],[5.368035,43.399168],[5.368123,43.399193],[5.368171,43.399174],[5.368122,43.399332],[5.368148,43.399368],[5.368205,43.399398],[5.368254,43.399388],[5.368375,43.399284],[5.368379,43.399268],[5.368353,43.399259],[5.368157,43.399138],[5.367879,43.398929],[5.367725,43.398799],[5.367723,43.398802],[5.36777,43.398872],[5.367818,43.398899],[5.367958,43.399012],[5.367965,43.399031],[5.367962,43.399045],[5.36795,43.399048],[5.367913,43.399048],[5.367862,43.399018],[5.367564,43.398865],[5.367503,43.398861],[5.367376,43.398812],[5.367334,43.398773],[5.367261,43.398772],[5.367126,43.398674],[5.367053,43.398685],[5.366965,43.398642],[5.36684,43.398609],[5.36679,43.39861],[5.366789,43.398635],[5.366752,43.39864],[5.366682,43.398609],[5.366722,43.398607],[5.366707,43.398544],[5.366681,43.3985],[5.366624,43.39846],[5.366278,43.398337],[5.366253,43.398291],[5.366208,43.398262],[5.366042,43.398189],[5.36586,43.398198],[5.365813,43.398105],[5.365781,43.398083],[5.365659,43.398103],[5.365571,43.39806],[5.365593,43.398163],[5.365731,43.398285],[5.365822,43.39832],[5.365822,43.398329],[5.365774,43.398357],[5.365781,43.398519],[5.365759,43.398583],[5.365723,43.39862],[5.365742,43.398656],[5.365694,43.398809],[5.365686,43.398908],[5.365738,43.398979],[5.365708,43.399011],[5.365664,43.39899],[5.36562,43.399179],[5.365637,43.399282],[5.365749,43.399303],[5.365753,43.399357],[5.365714,43.399418],[5.365645,43.399471],[5.365634,43.399514],[5.365632,43.399584],[5.365612,43.399585],[5.365614,43.39963],[5.365627,43.399638],[5.365627,43.399652],[5.365643,43.399666],[5.36564,43.399602],[5.365687,43.399564],[5.365756,43.399568],[5.365779,43.399541],[5.365805,43.399549],[5.365856,43.399501],[5.365906,43.399519],[5.365892,43.399561],[5.365981,43.399604],[5.366069,43.399688],[5.366088,43.399683],[5.366072,43.399611],[5.366095,43.399565],[5.366113,43.399543],[5.366144,43.399554],[5.366161,43.399546],[5.366157,43.399534],[5.36613,43.39952],[5.366124,43.399376],[5.366146,43.399338],[5.366159,43.399352],[5.366196,43.39932],[5.366195,43.399293],[5.366143,43.39927],[5.36612,43.399309],[5.366114,43.399277],[5.366094,43.399224],[5.36616,43.399191],[5.366156,43.399249],[5.366192,43.399256],[5.366218,43.399248],[5.366264,43.399175],[5.366263,43.399139],[5.366306,43.399133],[5.366323,43.399093],[5.366366,43.399087],[5.366389,43.399046],[5.366366,43.399021],[5.366343,43.399018],[5.366329,43.399013],[5.36633,43.398998],[5.366342,43.398994],[5.366358,43.399019],[5.366368,43.399018],[5.36638,43.399011],[5.366388,43.399001],[5.366367,43.39899],[5.366335,43.398991],[5.366341,43.398948],[5.366434,43.398951],[5.366451,43.398919],[5.36637,43.398898],[5.366284,43.3989],[5.366264,43.398878],[5.366288,43.398841],[5.366297,43.39876],[5.366364,43.398754],[5.366394,43.398731],[5.366392,43.398668],[5.366421,43.398636],[5.366575,43.398635],[5.366865,43.398753],[5.366912,43.398688],[5.366804,43.398648],[5.366864,43.398658],[5.366908,43.398648],[5.367141,43.398745],[5.367184,43.398741],[5.367208,43.398757],[5.367211,43.398767],[5.367174,43.398764],[5.367167,43.398769],[5.367191,43.39879]],[[5.366275,43.398609],[5.366238,43.398617],[5.366229,43.398639],[5.366192,43.398638],[5.366137,43.398682],[5.36603,43.398623],[5.365944,43.398588],[5.365953,43.398516],[5.365891,43.398499],[5.365932,43.398449],[5.366024,43.398437],[5.366217,43.398543],[5.366271,43.398593],[5.366275,43.398609]]],[[[5.366541,43.398989],[5.36661,43.399019],[5.366663,43.398968],[5.36666,43.398883],[5.366605,43.398893],[5.366564,43.398952],[5.366539,43.398962],[5.366541,43.398989]]],[[[5.371821,43.404128],[5.37139,43.403985],[5.371331,43.403962],[5.371383,43.403991],[5.371876,43.40416],[5.371821,43.404128]]],[[[5.371485,43.404376],[5.371534,43.404362],[5.371516,43.404372],[5.371557,43.404439],[5.37153,43.404448],[5.371572,43.404513],[5.371448,43.40455],[5.371423,43.404509],[5.371389,43.404521],[5.371377,43.404522],[5.371371,43.404518],[5.371376,43.404513],[5.371388,43.404511],[5.371414,43.404492],[5.371386,43.404445],[5.371174,43.404499],[5.371175,43.404522],[5.371138,43.404531],[5.371134,43.404563],[5.371078,43.40456],[5.371098,43.4046],[5.371161,43.404625],[5.37121,43.404624],[5.371356,43.404567],[5.3714,43.404589],[5.371415,43.404651],[5.371503,43.404685],[5.37151,43.404717],[5.371578,43.404711],[5.371554,43.404738],[5.371579,43.404747],[5.371571,43.404846],[5.37159,43.404859],[5.37164,43.404858],[5.371663,43.404821],[5.371681,43.404826],[5.371721,43.404897],[5.371715,43.405041],[5.371753,43.405058],[5.371753,43.405076],[5.371692,43.405086],[5.37171,43.405212],[5.371674,43.40524],[5.371653,43.40533],[5.371593,43.405376],[5.371584,43.405458],[5.37161,43.405493],[5.371317,43.406166],[5.371282,43.406229],[5.371174,43.406304],[5.371146,43.406348],[5.371302,43.406314],[5.371543,43.405797],[5.3717,43.405434],[5.37177,43.405452],[5.371928,43.405108],[5.371898,43.405001],[5.371889,43.404935],[5.372038,43.404948],[5.372146,43.405013],[5.372149,43.405095],[5.372098,43.405185],[5.372036,43.405249],[5.371986,43.405254],[5.372246,43.405346],[5.372242,43.405335],[5.372226,43.405326],[5.372135,43.405301],[5.372131,43.405292],[5.372151,43.405229],[5.372163,43.405215],[5.372292,43.405198],[5.372358,43.405198],[5.372347,43.405246],[5.372323,43.405275],[5.372273,43.405266],[5.372264,43.405271],[5.37226,43.405279],[5.372265,43.405292],[5.372317,43.405331],[5.372282,43.405359],[5.372626,43.405493],[5.372639,43.405435],[5.372611,43.405416],[5.372653,43.405331],[5.372606,43.405322],[5.372555,43.40529],[5.372584,43.405299],[5.372606,43.405315],[5.372634,43.405316],[5.372656,43.405324],[5.372671,43.40526],[5.372631,43.405246],[5.372316,43.405033],[5.372318,43.405056],[5.372366,43.405087],[5.372366,43.405097],[5.372442,43.405149],[5.372456,43.40519],[5.372432,43.40521],[5.372413,43.405206],[5.372411,43.405161],[5.37238,43.405157],[5.372281,43.405087],[5.372221,43.405039],[5.372216,43.405024],[5.372238,43.405007],[5.372255,43.405007],[5.372293,43.405017],[5.372125,43.404901],[5.371942,43.404868],[5.371843,43.404858],[5.371627,43.4045],[5.371635,43.404502],[5.371693,43.404596],[5.371728,43.404613],[5.371777,43.404603],[5.371815,43.404629],[5.37184,43.404629],[5.371906,43.404596],[5.371929,43.404532],[5.371971,43.404518],[5.371979,43.404567],[5.372,43.404584],[5.371992,43.4046],[5.372036,43.404586],[5.372014,43.404512],[5.37201,43.404409],[5.371907,43.404456],[5.371844,43.404439],[5.371723,43.404478],[5.37169,43.404429],[5.371713,43.404393],[5.371675,43.404376],[5.371629,43.404309],[5.371592,43.40431],[5.371534,43.40435],[5.371294,43.403964],[5.371246,43.403974],[5.371485,43.404376]]]],"type":"MultiPolygon"},"properties":{"zoneCode":"BLEU_CU","zoneLabel":"Titre 1 - Zone Bleu foncé (centre urbanisé, aléa modéré)","zoneColor":"#1565C0","codeZone":"B","typeReg":"02"}},{"type":"Feature","geometry":{"coordinates":[[[[5.350797,43.383739],[5.350798,43.383748],[5.350804,43.383748],[5.35081,43.383752],[5.350811,43.383774],[5.350817,43.383774],[5.350824,43.383779],[5.350824,43.383792],[5.35083,43.383792],[5.350837,43.383796],[5.350837,43.38381],[5.350881,43.383818],[5.350911,43.383795],[5.350933,43.383731],[5.350841,43.383594],[5.350829,43.383612],[5.350807,43.383676],[5.350784,43.383708],[5.350797,43.383739]]],[[[5.351632,43.384106],[5.351641,43.3841],[5.351641,43.384084],[5.351631,43.384083],[5.351631,43.384071],[5.351674,43.384067],[5.351658,43.38409],[5.351664,43.384102],[5.351682,43.384107],[5.351687,43.38409],[5.351698,43.38408],[5.351699,43.384066],[5.35161,43.383996],[5.351608,43.38396],[5.351545,43.383907],[5.351605,43.38387],[5.351603,43.383834],[5.351502,43.383777],[5.351471,43.383778],[5.351399,43.383816],[5.351348,43.38379],[5.351174,43.383888],[5.351174,43.383906],[5.351138,43.383925],[5.351164,43.383951],[5.351165,43.383987],[5.35113,43.384024],[5.351121,43.384114],[5.351211,43.384211],[5.351239,43.384274],[5.351227,43.384283],[5.351292,43.384381],[5.35142,43.384337],[5.351446,43.384364],[5.351558,43.384388],[5.351553,43.384411],[5.351517,43.38443],[5.351518,43.384457],[5.351588,43.384514],[5.351642,43.38449],[5.351614,43.384401],[5.35165,43.384382],[5.351662,43.384354],[5.351705,43.384349],[5.351793,43.384401],[5.351798,43.38437],[5.351858,43.384332],[5.351857,43.384296],[5.351824,43.384247],[5.351737,43.384249],[5.351689,43.384277],[5.35164,43.384278],[5.351598,43.384311],[5.351602,43.384261],[5.351652,43.384269],[5.351737,43.38424],[5.351803,43.38418],[5.351801,43.384153],[5.351744,43.384096],[5.351659,43.384134],[5.351633,43.384137],[5.35163,43.38412],[5.351622,43.384116],[5.35162,43.384108],[5.351632,43.384106]],[[5.35146,43.383945],[5.351441,43.38395],[5.351391,43.383915],[5.351398,43.383946],[5.35132,43.383988],[5.351236,43.383914],[5.351302,43.383872],[5.351394,43.383843],[5.351445,43.383882],[5.35146,43.383945]],[[5.351523,43.384183],[5.351512,43.384187],[5.35151,43.384175],[5.351493,43.384166],[5.351417,43.384099],[5.351483,43.384057],[5.351553,43.384105],[5.351516,43.384138],[5.351511,43.384168],[5.351514,43.384182],[5.351523,43.384183]]],[[[5.352525,43.385288],[5.352465,43.385424],[5.352458,43.385428],[5.352415,43.385423],[5.352397,43.385437],[5.352412,43.385499],[5.352327,43.385546],[5.352341,43.385582],[5.352372,43.385595],[5.352421,43.385567],[5.352535,43.385654],[5.352597,43.385644],[5.352727,43.385672],[5.352681,43.385745],[5.352743,43.385744],[5.352735,43.385852],[5.352847,43.385895],[5.352831,43.385908],[5.352837,43.385931],[5.35289,43.385972],[5.352966,43.385924],[5.352985,43.385937],[5.35293,43.38596],[5.352889,43.386002],[5.352914,43.386036],[5.353201,43.386324],[5.353215,43.386332],[5.353455,43.38657],[5.353662,43.386765],[5.353684,43.386732],[5.353658,43.386705],[5.353669,43.386678],[5.353624,43.386481],[5.35363,43.38631],[5.353603,43.386274],[5.353438,43.386144],[5.353408,43.386111],[5.353375,43.386109],[5.353346,43.386086],[5.353325,43.386065],[5.353094,43.385863],[5.353015,43.385774],[5.352913,43.385686],[5.352912,43.385668],[5.352836,43.385607],[5.352834,43.385562],[5.352787,43.385545],[5.352695,43.385429],[5.352652,43.38537],[5.352625,43.385316],[5.352562,43.385272],[5.352548,43.385256],[5.352529,43.385251],[5.352517,43.385255],[5.352511,43.385261],[5.35251,43.385275],[5.352525,43.385288]],[[5.353031,43.385846],[5.353044,43.385881],[5.35325,43.386084],[5.353302,43.386146],[5.353297,43.386177],[5.353021,43.385918],[5.352964,43.385879],[5.352928,43.385907],[5.352884,43.385876],[5.352883,43.385849],[5.352918,43.385821],[5.352802,43.385698],[5.352813,43.385648],[5.352902,43.385714],[5.352916,43.385749],[5.35296,43.38579],[5.352974,43.385808],[5.353031,43.385846]]],[[[5.353741,43.387225],[5.353731,43.386953],[5.353738,43.386941],[5.353737,43.386848],[5.353725,43.386831],[5.353579,43.386842],[5.353523,43.38715],[5.353518,43.387311],[5.353462,43.38744],[5.353366,43.387586],[5.353294,43.387645],[5.353319,43.387949],[5.35298,43.387955],[5.35291,43.388026],[5.352893,43.388061],[5.353441,43.38819],[5.353447,43.388195],[5.353448,43.388199],[5.353497,43.388207],[5.353546,43.388184],[5.353531,43.38813],[5.353589,43.388048],[5.353544,43.387981],[5.35345,43.387961],[5.353496,43.38787],[5.353494,43.387834],[5.353576,43.387706],[5.353691,43.387672],[5.353733,43.38764],[5.353744,43.387594],[5.353741,43.387531],[5.353715,43.387505],[5.353751,43.387477],[5.353714,43.38746],[5.353699,43.387415],[5.353736,43.387405],[5.353759,43.387369],[5.353756,43.387297],[5.35378,43.38727],[5.353764,43.387237],[5.353741,43.387225]]],[[[5.36169,43.388924],[5.361777,43.389005],[5.361819,43.389029],[5.361992,43.38916],[5.362028,43.389178],[5.362028,43.389196],[5.362158,43.389309],[5.362186,43.389353],[5.362224,43.389381],[5.362303,43.389505],[5.362327,43.389558],[5.362419,43.389682],[5.362457,43.389709],[5.362464,43.389754],[5.362807,43.389681],[5.362815,43.389699],[5.362947,43.389672],[5.362966,43.389655],[5.362948,43.389631],[5.362812,43.389547],[5.362761,43.389497],[5.362694,43.389478],[5.362705,43.389462],[5.362561,43.389405],[5.362477,43.389461],[5.362404,43.389471],[5.362268,43.3893],[5.361998,43.389062],[5.361843,43.38896],[5.361679,43.388813],[5.361641,43.388848],[5.361467,43.388736],[5.361301,43.388904],[5.361939,43.389265],[5.362085,43.389366],[5.362146,43.389421],[5.362246,43.389523],[5.362333,43.389622],[5.362378,43.389679],[5.362342,43.389624],[5.362169,43.389404],[5.362122,43.389374],[5.362121,43.389347],[5.36203,43.389241],[5.36199,43.389199],[5.361945,43.389197],[5.361954,43.38918],[5.361953,43.389153],[5.361826,43.389065],[5.361768,43.389009],[5.361705,43.388973],[5.361687,43.388987],[5.3617,43.389014],[5.361682,43.389019],[5.361601,43.388962],[5.361531,43.388924],[5.361479,43.388906],[5.361468,43.388884],[5.361496,43.388848],[5.361552,43.38886],[5.361576,43.388841],[5.361623,43.388886],[5.36169,43.388924]]],[[[5.363025,43.390568],[5.363082,43.39055],[5.363058,43.390519],[5.363002,43.390536],[5.363025,43.390568]]],[[[5.352583,43.390896],[5.352522,43.391221],[5.3527,43.391209],[5.352594,43.39173],[5.352576,43.391729],[5.352495,43.392072],[5.35249,43.392124],[5.352515,43.392125],[5.352454,43.392582],[5.352527,43.392859],[5.352565,43.392899],[5.352657,43.393014],[5.352699,43.392986],[5.352724,43.392994],[5.352742,43.39298],[5.352714,43.3929],[5.352726,43.392882],[5.3527,43.392864],[5.352685,43.392801],[5.352683,43.392739],[5.352705,43.392684],[5.35268,43.392667],[5.352678,43.392622],[5.352715,43.392612],[5.352712,43.392549],[5.352674,43.392523],[5.352673,43.392496],[5.352648,43.392487],[5.352661,43.392462],[5.352639,43.392462],[5.352604,43.392475],[5.35259,43.392462],[5.352588,43.392445],[5.3526,43.392436],[5.352613,43.392445],[5.352612,43.392428],[5.352563,43.392446],[5.352563,43.392419],[5.352593,43.392396],[5.352544,43.392373],[5.352703,43.392315],[5.352701,43.392288],[5.352677,43.392289],[5.352675,43.392244],[5.352729,43.392211],[5.352754,43.392219],[5.352796,43.392187],[5.352757,43.392134],[5.352803,43.392061],[5.352777,43.392034],[5.352807,43.392011],[5.352833,43.392038],[5.352875,43.392014],[5.352872,43.391933],[5.352839,43.3919],[5.352813,43.391882],[5.352747,43.391891],[5.352763,43.391875],[5.352808,43.391872],[5.352867,43.391808],[5.352866,43.391781],[5.352902,43.391771],[5.352876,43.391726],[5.352887,43.391699],[5.352923,43.39168],[5.35291,43.391654],[5.352933,43.391617],[5.352908,43.3916],[5.352944,43.391572],[5.352943,43.391554],[5.353078,43.391542],[5.353053,43.391533],[5.353052,43.391515],[5.353076,43.391497],[5.353074,43.391443],[5.35311,43.391424],[5.353097,43.391398],[5.353132,43.391352],[5.353119,43.391343],[5.353143,43.391324],[5.353142,43.391299],[5.353133,43.39129],[5.353136,43.391288],[5.353154,43.391294],[5.353169,43.39128],[5.35314,43.391253],[5.353177,43.391234],[5.353188,43.391207],[5.353186,43.391171],[5.353161,43.391153],[5.353234,43.391116],[5.353256,43.39107],[5.353231,43.391053],[5.353276,43.390944],[5.353281,43.390763],[5.353304,43.390736],[5.353301,43.390655],[5.353275,43.390629],[5.3533,43.390619],[5.353299,43.390601],[5.353248,43.390566],[5.353274,43.390536],[5.353228,43.390515],[5.353038,43.390535],[5.352803,43.390553],[5.352656,43.390579],[5.352583,43.390896]]],[[[5.363719,43.391895],[5.363714,43.392075],[5.36374,43.392111],[5.363823,43.392176],[5.363864,43.39218],[5.363909,43.392155],[5.36393,43.392128],[5.363925,43.392107],[5.363861,43.392054],[5.36386,43.392018],[5.363883,43.391999],[5.363852,43.39194],[5.363889,43.391837],[5.363647,43.391505],[5.363544,43.391552],[5.363466,43.391566],[5.363446,43.391564],[5.363576,43.391727],[5.363626,43.391744],[5.363719,43.391895]]],[[[5.352789,43.393213],[5.352895,43.393349],[5.353022,43.393487],[5.353176,43.393586],[5.35329,43.393665],[5.353353,43.393681],[5.353265,43.393619],[5.353227,43.393602],[5.353102,43.393513],[5.35296,43.393354],[5.352809,43.393105],[5.352751,43.393057],[5.352725,43.393063],[5.352709,43.393084],[5.352771,43.393165],[5.352813,43.393195],[5.352789,43.393213]]],[[[5.353337,43.393957],[5.353281,43.393927],[5.35315,43.393894],[5.353107,43.393895],[5.353101,43.393909],[5.353219,43.393937],[5.353246,43.393982],[5.353271,43.393981],[5.353306,43.393954],[5.353337,43.393957]]],[[[5.354164,43.394204],[5.354171,43.394416],[5.354139,43.394543],[5.354142,43.394624],[5.354074,43.394774],[5.354146,43.394714],[5.354157,43.394678],[5.354186,43.394456],[5.354178,43.394222],[5.354164,43.394204]]],[[[5.353811,43.394816],[5.353932,43.394768],[5.354034,43.394689],[5.354067,43.39459],[5.354059,43.39454],[5.353836,43.394518],[5.353812,43.394537],[5.35378,43.39451],[5.353731,43.394534],[5.353737,43.394678],[5.353713,43.394696],[5.353739,43.394732],[5.353729,43.394786],[5.353749,43.394817],[5.353811,43.394816]]],[[[5.354074,43.394774],[5.354056,43.394774],[5.35405,43.394779],[5.35405,43.394783],[5.354074,43.394774]]],[[[5.354038,43.394793],[5.354044,43.394793],[5.35405,43.394788],[5.35405,43.394783],[5.354038,43.394793]]],[[[5.353716,43.394926],[5.353667,43.394918],[5.353619,43.394955],[5.35357,43.394956],[5.353522,43.395002],[5.353383,43.395063],[5.353325,43.395164],[5.353361,43.395145],[5.353384,43.395099],[5.35345,43.395048],[5.353487,43.395039],[5.35353,43.395042],[5.353551,43.395109],[5.35365,43.395107],[5.353723,43.395079],[5.353703,43.395038],[5.353732,43.394997],[5.353774,43.394983],[5.353761,43.394956],[5.353833,43.394919],[5.353808,43.394901],[5.353947,43.39484],[5.353972,43.394848],[5.354039,43.394806],[5.354038,43.394793],[5.353764,43.39488],[5.353716,43.394926]]],[[[5.35346,43.395291],[5.35357,43.395262],[5.35366,43.39521],[5.353665,43.395188],[5.353708,43.395182],[5.353702,43.395169],[5.353665,43.39517],[5.353639,43.395143],[5.35359,43.395144],[5.353548,43.395177],[5.353585,43.395185],[5.353519,43.395236],[5.353506,43.395209],[5.353468,43.395201],[5.35342,43.395229],[5.353365,43.395226],[5.353467,43.395156],[5.353504,43.395155],[5.353522,43.395141],[5.353508,43.395119],[5.353375,43.395181],[5.353329,43.395254],[5.353342,43.39528],[5.353318,43.395299],[5.353325,43.395312],[5.353373,43.395284],[5.35346,43.395291]]],[[[5.353208,43.395468],[5.353133,43.395442],[5.353109,43.39547],[5.353036,43.39548],[5.352963,43.395518],[5.352982,43.395531],[5.352935,43.395577],[5.352997,43.395603],[5.352953,43.395721],[5.352967,43.395774],[5.352944,43.395802],[5.352984,43.395882],[5.352954,43.395905],[5.352928,43.39587],[5.35291,43.395875],[5.352841,43.395993],[5.352896,43.395988],[5.352929,43.396045],[5.352966,43.396053],[5.352912,43.396086],[5.352741,43.396135],[5.352704,43.396118],[5.352651,43.396186],[5.352751,43.39622],[5.352739,43.396238],[5.352778,43.396283],[5.352781,43.396337],[5.352833,43.396416],[5.352953,43.39649],[5.353015,43.396498],[5.353048,43.396529],[5.353048,43.396547],[5.353012,43.396575],[5.353088,43.396609],[5.353127,43.396662],[5.353116,43.396698],[5.353136,43.39672],[5.353234,43.3967],[5.35344,43.396615],[5.35349,43.396623],[5.353495,43.3966],[5.353537,43.396577],[5.353878,43.396461],[5.353976,43.396441],[5.354121,43.396375],[5.354317,43.396326],[5.354365,43.396298],[5.354414,43.396297],[5.354517,43.396236],[5.354545,43.396177],[5.354598,43.396177],[5.354611,43.396185],[5.354624,43.396185],[5.354598,43.396117],[5.354683,43.396079],[5.354564,43.395884],[5.354562,43.395839],[5.354596,43.395757],[5.354503,43.395597],[5.354524,43.395502],[5.354499,43.395498],[5.354535,43.39547],[5.354508,43.395417],[5.354457,43.395373],[5.354365,43.39524],[5.354387,43.395186],[5.354343,43.395146],[5.354286,43.395125],[5.354266,43.395085],[5.353438,43.395355],[5.353208,43.395468]],[[5.352872,43.396159],[5.352831,43.396205],[5.352787,43.396201],[5.352792,43.39617],[5.352872,43.396159]],[[5.35295,43.396112],[5.353005,43.396102],[5.353019,43.396133],[5.353001,43.396147],[5.352933,43.396153],[5.35295,43.396112]],[[5.354297,43.395237],[5.354277,43.395206],[5.354314,43.395192],[5.354352,43.395222],[5.354297,43.395237]]],[[[5.352688,43.396631],[5.352653,43.396622],[5.352697,43.396707],[5.352674,43.396762],[5.352725,43.396797],[5.352728,43.39686],[5.352698,43.396883],[5.352551,43.396913],[5.352425,43.396992],[5.352464,43.397045],[5.352508,43.397067],[5.35263,43.397028],[5.352704,43.397036],[5.352802,43.397016],[5.352888,43.397162],[5.352973,43.397264],[5.353003,43.39725],[5.352963,43.397188],[5.352969,43.397165],[5.35302,43.397218],[5.353043,43.397172],[5.353118,43.397207],[5.353149,43.397202],[5.353082,43.397068],[5.353131,43.39677],[5.353117,43.396725],[5.353073,43.396686],[5.352926,43.396725],[5.352895,43.396721],[5.352941,43.396639],[5.352814,43.396547],[5.352786,43.396611],[5.352737,43.396575],[5.352711,43.396544],[5.352713,43.396586],[5.352701,43.396603],[5.352701,43.396649],[5.352688,43.396631]],[[5.353078,43.397127],[5.353072,43.397122],[5.353078,43.397118],[5.353084,43.397117],[5.353084,43.397122],[5.353078,43.397127]]],[[[5.351459,43.39722],[5.351392,43.397244],[5.351343,43.397245],[5.351284,43.39731],[5.351223,43.397316],[5.351199,43.397335],[5.351149,43.39734],[5.351063,43.397303],[5.350953,43.397378],[5.35084,43.397633],[5.350829,43.397687],[5.350806,43.397705],[5.350802,43.397748],[5.350778,43.397766],[5.350778,43.397784],[5.350829,43.397819],[5.350812,43.397842],[5.350781,43.397847],[5.350795,43.397892],[5.350827,43.397914],[5.350941,43.397844],[5.350878,43.397809],[5.35087,43.397769],[5.350957,43.397785],[5.350996,43.397811],[5.351032,43.397792],[5.351077,43.397832],[5.351066,43.397868],[5.351142,43.39792],[5.351144,43.397965],[5.351182,43.397991],[5.351159,43.398046],[5.351056,43.398096],[5.351019,43.398097],[5.350971,43.398143],[5.35097,43.398162],[5.351022,43.398161],[5.35106,43.398178],[5.351093,43.398213],[5.351154,43.398097],[5.35118,43.398099],[5.351355,43.398257],[5.351506,43.398202],[5.351671,43.398361],[5.351746,43.398442],[5.351998,43.398549],[5.35222,43.398383],[5.352372,43.398568],[5.352272,43.398701],[5.352365,43.398699],[5.352452,43.398724],[5.352478,43.398751],[5.352514,43.398723],[5.352622,43.398797],[5.352673,43.39885],[5.352662,43.398868],[5.352804,43.399027],[5.352855,43.399053],[5.352856,43.399089],[5.352932,43.399132],[5.352971,43.399186],[5.352974,43.399266],[5.352956,43.39928],[5.352895,43.399282],[5.352811,43.399338],[5.352761,43.399339],[5.352742,43.399325],[5.352728,43.399281],[5.352758,43.399258],[5.352832,43.399265],[5.352887,43.399241],[5.352884,43.399178],[5.352846,43.399143],[5.352838,43.399112],[5.352811,43.399207],[5.352758,43.399249],[5.35266,43.399287],[5.352338,43.399249],[5.351745,43.399235],[5.351412,43.399242],[5.351332,43.399257],[5.351334,43.399293],[5.351391,43.399332],[5.35144,43.399331],[5.351472,43.399353],[5.351473,43.39938],[5.351419,43.399404],[5.351389,43.399436],[5.351405,43.399486],[5.351505,43.399483],[5.351492,43.399551],[5.351531,43.399586],[5.35156,43.399684],[5.351615,43.399678],[5.351648,43.399727],[5.351698,43.399744],[5.351699,43.399762],[5.351674,43.399772],[5.3517,43.399807],[5.351646,43.39984],[5.351621,43.399831],[5.351592,43.399873],[5.351648,43.399885],[5.351732,43.399829],[5.351751,43.399842],[5.351752,43.399869],[5.351692,43.399915],[5.351694,43.399951],[5.351676,43.399965],[5.351602,43.399967],[5.351552,43.39995],[5.351522,43.399973],[5.351555,43.400013],[5.351679,43.400037],[5.351737,43.400103],[5.351714,43.400131],[5.351729,43.400243],[5.351707,43.400262],[5.35173,43.400282],[5.351736,43.40036],[5.351701,43.400397],[5.351762,43.400418],[5.351765,43.40045],[5.351873,43.400431],[5.352028,43.400435],[5.352114,43.400424],[5.352138,43.400405],[5.352164,43.400432],[5.352214,43.40044],[5.352283,43.400479],[5.352208,43.400845],[5.352259,43.400896],[5.35233,43.400859],[5.352408,43.400521],[5.352395,43.400485],[5.352432,43.400399],[5.351976,43.400389],[5.351902,43.400363],[5.351851,43.400331],[5.351813,43.400286],[5.351823,43.40025],[5.351817,43.400098],[5.351847,43.400025],[5.351892,43.399965],[5.351922,43.399942],[5.352019,43.399913],[5.352123,43.399822],[5.352221,43.399793],[5.352282,43.399791],[5.352309,43.399753],[5.352406,43.399788],[5.352564,43.399787],[5.352645,43.399809],[5.352756,43.399816],[5.352768,43.39983],[5.352865,43.399828],[5.352991,43.399893],[5.353136,43.39991],[5.353183,43.399927],[5.353431,43.399922],[5.35347,43.399838],[5.353469,43.399802],[5.353347,43.399636],[5.353237,43.399528],[5.353063,43.399328],[5.35307,43.399192],[5.353004,43.399095],[5.352949,43.3991],[5.352892,43.399052],[5.352826,43.398964],[5.352844,43.39895],[5.352908,43.398993],[5.3529,43.398962],[5.352131,43.398045],[5.351991,43.397848],[5.351805,43.397619],[5.351795,43.397591],[5.351704,43.397467],[5.351639,43.397396],[5.351589,43.39737],[5.351502,43.397131],[5.35145,43.397153],[5.35142,43.397185],[5.351458,43.397202],[5.351459,43.39722]],[[5.351732,43.399532],[5.351776,43.399531],[5.351839,43.399579],[5.35181,43.399611],[5.351761,43.39963],[5.351754,43.399599],[5.351704,43.399582],[5.35169,43.399555],[5.351732,43.399532]]],[[[5.351562,43.399896],[5.35158,43.399882],[5.351567,43.399873],[5.351567,43.399869],[5.351561,43.399869],[5.351555,43.399873],[5.351556,43.399891],[5.351562,43.399896]]],[[[5.364142,43.40236],[5.364167,43.402208],[5.364153,43.402245],[5.364142,43.402308],[5.364142,43.40236]]],[[[5.364101,43.402588],[5.364102,43.40261],[5.364108,43.402574],[5.364101,43.402588]]],[[[5.364091,43.402675],[5.364096,43.402649],[5.364091,43.40266],[5.364091,43.402675]]],[[[5.364081,43.402696],[5.364071,43.402724],[5.364072,43.40278],[5.364088,43.402691],[5.364081,43.402696]]],[[[5.364068,43.402799],[5.364063,43.402805],[5.364062,43.402834],[5.364068,43.402799]]],[[[5.364041,43.402895],[5.364041,43.402936],[5.364059,43.402848],[5.364051,43.402858],[5.364041,43.402895]]],[[[5.363461,43.40334],[5.363468,43.403363],[5.36356,43.403356],[5.363513,43.403411],[5.363591,43.403508],[5.363548,43.403514],[5.363542,43.403527],[5.363561,43.403541],[5.363586,43.403531],[5.363688,43.40361],[5.363762,43.403626],[5.363788,43.403653],[5.363882,43.403687],[5.363904,43.403605],[5.363923,43.403479],[5.363955,43.403361],[5.363965,43.403298],[5.364039,43.402944],[5.364018,43.402986],[5.363819,43.403197],[5.363706,43.403236],[5.363461,43.40334]]],[[[5.372518,43.39204],[5.372261,43.392073],[5.37215,43.392093],[5.37206,43.392138],[5.371797,43.392313],[5.37153,43.392525],[5.371506,43.392547],[5.371508,43.392554],[5.371452,43.392595],[5.371332,43.392597],[5.371132,43.392547],[5.370981,43.39247],[5.37092,43.392428],[5.370929,43.392414],[5.37078,43.392375],[5.370532,43.392363],[5.370482,43.392346],[5.370341,43.392358],[5.370337,43.392421],[5.369929,43.392403],[5.369447,43.392402],[5.369104,43.392383],[5.369109,43.392545],[5.369117,43.392619],[5.369126,43.392604],[5.369125,43.39257],[5.369135,43.392514],[5.36916,43.39246],[5.369146,43.392406],[5.369164,43.392402],[5.369183,43.392415],[5.369193,43.392509],[5.369279,43.392507],[5.36933,43.392533],[5.369454,43.392548],[5.369517,43.392574],[5.369578,43.392573],[5.369629,43.392607],[5.369666,43.392607],[5.369689,43.39257],[5.369766,43.392631],[5.369789,43.392586],[5.369875,43.392584],[5.369913,43.39261],[5.369999,43.392599],[5.369986,43.392573],[5.370109,43.39257],[5.370207,43.39255],[5.370257,43.392567],[5.370368,43.392573],[5.370394,43.392591],[5.370542,43.392587],[5.370642,43.392621],[5.370716,43.39262],[5.370766,43.392637],[5.370779,43.392663],[5.371004,43.392739],[5.371081,43.392792],[5.371156,43.392817],[5.371228,43.392779],[5.371235,43.392802],[5.371285,43.392819],[5.371305,43.39285],[5.371602,43.392861],[5.371703,43.392913],[5.371752,43.392921],[5.371867,43.392851],[5.371838,43.392762],[5.371887,43.392742],[5.371884,43.39268],[5.371959,43.392662],[5.371994,43.392625],[5.372018,43.392606],[5.372018,43.392589],[5.371979,43.392578],[5.372012,43.392547],[5.372004,43.392526],[5.372038,43.392505],[5.372061,43.392469],[5.372085,43.392398],[5.372204,43.392333],[5.372301,43.392286],[5.372354,43.392242],[5.372421,43.392258],[5.372423,43.392274],[5.372467,43.392293],[5.372528,43.392283],[5.372552,43.392264],[5.372639,43.392262],[5.372738,43.392278],[5.372774,43.392321],[5.372736,43.39214],[5.37282,43.392148],[5.372942,43.392148],[5.37304,43.392119],[5.373154,43.39204],[5.373149,43.391914],[5.373069,43.391776],[5.373043,43.391715],[5.373042,43.391703],[5.373056,43.39165],[5.373083,43.391611],[5.373118,43.391512],[5.372994,43.39137],[5.372993,43.391389],[5.372981,43.391398],[5.372922,43.391496],[5.372935,43.391509],[5.372952,43.391639],[5.37293,43.391694],[5.372944,43.391747],[5.372921,43.391784],[5.372923,43.391829],[5.372855,43.391965],[5.372801,43.392007],[5.372679,43.392037],[5.372518,43.39204]]],[[[5.365764,43.392557],[5.365826,43.392565],[5.365852,43.392591],[5.365978,43.392651],[5.366077,43.392667],[5.366163,43.392656],[5.366201,43.392673],[5.366324,43.392671],[5.366461,43.392704],[5.366522,43.392693],[5.366592,43.392737],[5.366595,43.392731],[5.366579,43.392684],[5.366039,43.392641],[5.365886,43.392582],[5.365719,43.392489],[5.365656,43.392482],[5.365764,43.392557]]],[[[5.365472,43.392423],[5.365457,43.392402],[5.365385,43.392401],[5.365291,43.392468],[5.364943,43.39249],[5.364906,43.392527],[5.364573,43.392412],[5.364547,43.392377],[5.364504,43.392377],[5.364252,43.392407],[5.364298,43.39247],[5.3644,43.39253],[5.364489,43.39257],[5.364521,43.392565],[5.36454,43.392656],[5.364547,43.392674],[5.364587,43.392663],[5.364589,43.39272],[5.364569,43.392768],[5.364608,43.393118],[5.364622,43.393153],[5.364673,43.393188],[5.364641,43.393306],[5.364662,43.39334],[5.364666,43.39343],[5.364723,43.393511],[5.364706,43.393552],[5.364675,43.39353],[5.364606,43.393352],[5.364553,43.393272],[5.364538,43.3932],[5.364458,43.393058],[5.364456,43.393022],[5.364431,43.392996],[5.364429,43.39296],[5.364335,43.392782],[5.364253,43.392567],[5.364227,43.392541],[5.364184,43.392415],[5.364087,43.392399],[5.363963,43.392155],[5.363913,43.392167],[5.363891,43.392183],[5.363892,43.392197],[5.363982,43.392373],[5.364986,43.394508],[5.365116,43.394476],[5.365043,43.394315],[5.365059,43.394315],[5.365156,43.394542],[5.365208,43.394649],[5.36528,43.394783],[5.36541,43.395077],[5.365481,43.395246],[5.36539,43.395063],[5.365261,43.395095],[5.365433,43.395462],[5.365565,43.395438],[5.365487,43.395269],[5.365493,43.395264],[5.365574,43.395433],[5.365583,43.395434],[5.365802,43.395916],[5.365824,43.39598],[5.365844,43.396058],[5.365854,43.39612],[5.365855,43.396152],[5.365847,43.396247],[5.365819,43.396354],[5.365783,43.396446],[5.365512,43.397052],[5.36541,43.397272],[5.365411,43.397291],[5.365447,43.397297],[5.36547,43.397275],[5.365523,43.397197],[5.365536,43.397215],[5.365572,43.397205],[5.365591,43.397218],[5.365581,43.397273],[5.3656,43.397286],[5.365631,43.397272],[5.365636,43.397249],[5.365684,43.39723],[5.365705,43.397235],[5.365722,43.397232],[5.365726,43.397216],[5.365707,43.397213],[5.365701,43.397206],[5.365715,43.397201],[5.365728,43.397203],[5.365759,43.397237],[5.365815,43.39725],[5.36581,43.397272],[5.365717,43.397263],[5.365705,43.397279],[5.365713,43.397318],[5.36575,43.397327],[5.365825,43.397335],[5.365935,43.397314],[5.365963,43.397338],[5.365983,43.397335],[5.365971,43.397317],[5.365995,43.397315],[5.36601,43.397349],[5.366147,43.397373],[5.366232,43.397344],[5.366273,43.397294],[5.366251,43.397172],[5.366278,43.397095],[5.366326,43.397076],[5.366325,43.397049],[5.366384,43.396985],[5.366395,43.39694],[5.366471,43.396835],[5.366478,43.396866],[5.366443,43.396921],[5.366434,43.396993],[5.366497,43.397037],[5.366486,43.397064],[5.366561,43.397089],[5.36655,43.397116],[5.366575,43.397134],[5.366553,43.397197],[5.366523,43.397203],[5.366487,43.397239],[5.36645,43.39724],[5.366451,43.397258],[5.366586,43.397246],[5.36665,43.39729],[5.366711,43.39727],[5.366848,43.397312],[5.36691,43.397311],[5.36701,43.397336],[5.367133,43.397333],[5.367184,43.397368],[5.367208,43.397368],[5.367251,43.397344],[5.367247,43.397254],[5.367264,43.397222],[5.367264,43.397371],[5.367286,43.397382],[5.36732,43.397383],[5.367333,43.397369],[5.367324,43.397361],[5.367327,43.397324],[5.367338,43.397323],[5.367345,43.397364],[5.367386,43.397379],[5.367432,43.397376],[5.367431,43.397439],[5.367926,43.397415],[5.368504,43.397357],[5.368948,43.397348],[5.369084,43.397363],[5.36959,43.39736],[5.369826,43.397391],[5.369863,43.397381],[5.369988,43.397424],[5.370261,43.397472],[5.370337,43.397506],[5.370474,43.39753],[5.37051,43.397511],[5.370646,43.397517],[5.370731,43.397497],[5.370858,43.397427],[5.370951,43.39729],[5.370976,43.397281],[5.370998,43.397226],[5.370984,43.397181],[5.370933,43.397156],[5.370933,43.397138],[5.37095,43.397147],[5.370972,43.397105],[5.370959,43.397077],[5.371015,43.39698],[5.37101,43.397004],[5.370973,43.397075],[5.370984,43.397075],[5.371019,43.397028],[5.371022,43.397058],[5.371058,43.397031],[5.371056,43.397057],[5.371071,43.397057],[5.371089,43.397024],[5.371075,43.397008],[5.371112,43.39699],[5.371111,43.396963],[5.371181,43.396871],[5.371231,43.396753],[5.371272,43.396689],[5.37144,43.396545],[5.371425,43.396514],[5.371376,43.396496],[5.371281,43.396523],[5.371459,43.396433],[5.371463,43.396401],[5.371427,43.396402],[5.37127,43.396478],[5.371144,43.396566],[5.371039,43.39673],[5.371017,43.396785],[5.371025,43.39686],[5.370993,43.396915],[5.370786,43.397313],[5.370747,43.397337],[5.370613,43.397365],[5.370554,43.397384],[5.370381,43.397379],[5.370255,43.397328],[5.370218,43.397329],[5.370168,43.397303],[5.370131,43.397304],[5.369993,43.397262],[5.36996,43.397204],[5.369903,43.397156],[5.369797,43.397144],[5.369809,43.397126],[5.369771,43.397109],[5.369751,43.39706],[5.369701,43.397061],[5.369677,43.39708],[5.369652,43.397062],[5.369603,43.397072],[5.369466,43.397048],[5.369405,43.397058],[5.369355,43.397033],[5.369316,43.397047],[5.369226,43.397044],[5.368774,43.397018],[5.368528,43.397033],[5.36839,43.397],[5.367583,43.396978],[5.367272,43.396948],[5.367185,43.396933],[5.366838,43.396831],[5.36662,43.396665],[5.366581,43.396675],[5.366582,43.396693],[5.366722,43.396821],[5.366724,43.396834],[5.366709,43.396828],[5.366679,43.396803],[5.36663,43.396813],[5.366592,43.396778],[5.36653,43.396779],[5.366533,43.396712],[5.366508,43.396703],[5.366519,43.396667],[5.366474,43.396628],[5.366459,43.396629],[5.366447,43.396634],[5.366456,43.396613],[5.366452,43.396443],[5.366493,43.396457],[5.366526,43.396448],[5.366547,43.396432],[5.36658,43.396342],[5.36658,43.396251],[5.366621,43.396152],[5.36663,43.396097],[5.366677,43.396007],[5.36665,43.395935],[5.366676,43.395922],[5.366671,43.395884],[5.366635,43.395873],[5.366646,43.395845],[5.366608,43.395837],[5.366646,43.39579],[5.36661,43.395746],[5.366609,43.395709],[5.366578,43.395703],[5.366603,43.395693],[5.366601,43.395657],[5.366546,43.395489],[5.36653,43.395425],[5.366461,43.395276],[5.366461,43.395255],[5.366386,43.395221],[5.366397,43.395185],[5.366434,43.395167],[5.366413,43.395148],[5.366401,43.395153],[5.366377,43.395172],[5.366358,43.395159],[5.366372,43.395095],[5.366296,43.39494],[5.366181,43.394888],[5.366192,43.394873],[5.366087,43.394833],[5.365982,43.394766],[5.365961,43.394726],[5.365875,43.39469],[5.365856,43.394648],[5.365818,43.39463],[5.365811,43.394608],[5.36578,43.394604],[5.365779,43.394577],[5.365741,43.39456],[5.365611,43.394383],[5.365573,43.394366],[5.3656,43.394344],[5.365587,43.394301],[5.365564,43.394289],[5.365515,43.394299],[5.365496,43.394286],[5.365518,43.394223],[5.36548,43.394206],[5.365519,43.394175],[5.365478,43.394152],[5.365526,43.394115],[5.3655,43.394088],[5.365511,43.39407],[5.365407,43.393919],[5.365278,43.393787],[5.365162,43.393682],[5.365003,43.393573],[5.364916,43.393548],[5.364878,43.393521],[5.364804,43.393523],[5.364785,43.39351],[5.364796,43.393483],[5.364746,43.393457],[5.364754,43.393367],[5.364725,43.393241],[5.364748,43.393205],[5.364744,43.393106],[5.364704,43.393053],[5.364696,43.392855],[5.36467,43.39281],[5.364666,43.39272],[5.364702,43.392702],[5.364701,43.392657],[5.364756,43.392651],[5.364779,43.392623],[5.364853,43.392622],[5.364858,43.392581],[5.364887,43.392558],[5.36489,43.392531],[5.364908,43.392544],[5.364936,43.392539],[5.364997,43.392502],[5.365021,43.392501],[5.365034,43.392519],[5.365218,43.392497],[5.36528,43.392505],[5.365389,43.392439],[5.365426,43.392447],[5.365472,43.392423]],[[5.365442,43.394774],[5.365483,43.394881],[5.365451,43.394859],[5.365433,43.394873],[5.365466,43.394938],[5.365482,43.395002],[5.365442,43.394952],[5.365424,43.394899],[5.365293,43.394609],[5.365438,43.394684],[5.365414,43.394702],[5.365452,43.394737],[5.365442,43.394774]],[[5.36657,43.396099],[5.366541,43.396149],[5.366502,43.396138],[5.366422,43.396209],[5.366393,43.396218],[5.366502,43.396096],[5.366551,43.396086],[5.36657,43.396099]],[[5.366071,43.396123],[5.36606,43.396151],[5.366022,43.396142],[5.365979,43.396173],[5.365979,43.396196],[5.365999,43.396209],[5.366014,43.396242],[5.365977,43.396242],[5.36597,43.396211],[5.365932,43.396194],[5.365925,43.396032],[5.365972,43.396072],[5.365993,43.396071],[5.366009,43.396055],[5.365999,43.396022],[5.365888,43.395918],[5.365869,43.395853],[5.365776,43.395711],[5.36572,43.395551],[5.365593,43.395327],[5.365572,43.395248],[5.365534,43.395213],[5.365544,43.395158],[5.365518,43.395141],[5.365522,43.395082],[5.365699,43.395365],[5.36577,43.395558],[5.365862,43.3957],[5.365944,43.395879],[5.366096,43.396096],[5.366113,43.396129],[5.366132,43.396143],[5.366145,43.396187],[5.366133,43.396188],[5.366116,43.396145],[5.366071,43.396123]],[[5.367389,43.397362],[5.367366,43.397368],[5.367371,43.397354],[5.36738,43.397346],[5.367546,43.397347],[5.367677,43.397357],[5.367782,43.397351],[5.367715,43.397374],[5.367468,43.39738],[5.36747,43.397361],[5.367389,43.397362]],[[5.368918,43.397078],[5.368999,43.397094],[5.369259,43.397107],[5.36929,43.39712],[5.369063,43.397138],[5.369025,43.397112],[5.368857,43.397093],[5.368863,43.397079],[5.368918,43.397078]],[[5.367685,43.397019],[5.367775,43.397031],[5.368244,43.397039],[5.368424,43.397057],[5.367664,43.397043],[5.367615,43.397044],[5.36753,43.397091],[5.367407,43.397093],[5.36735,43.397072],[5.367379,43.397022],[5.367685,43.397019]],[[5.365686,43.39684],[5.365717,43.396845],[5.365694,43.39687],[5.365678,43.39687],[5.365677,43.396858],[5.365686,43.39684]],[[5.365758,43.396709],[5.365744,43.396709],[5.365746,43.396686],[5.365757,43.396674],[5.365764,43.396704],[5.365758,43.396709]],[[5.36579,43.396673],[5.365791,43.396656],[5.365769,43.396656],[5.365791,43.396596],[5.365823,43.396599],[5.365803,43.396606],[5.365795,43.396618],[5.365795,43.396673],[5.36579,43.396673]],[[5.369315,43.397119],[5.369352,43.397114],[5.369644,43.397161],[5.369688,43.397192],[5.369645,43.397197],[5.369495,43.397147],[5.369347,43.397141],[5.369315,43.397119]]],[[[5.371994,43.395935],[5.371935,43.396009],[5.371672,43.396203],[5.371541,43.396323],[5.371505,43.39636],[5.371513,43.396391],[5.371721,43.396211],[5.371949,43.396044],[5.372079,43.395897],[5.372052,43.395857],[5.372016,43.395872],[5.371994,43.395935]]],[[[5.365663,43.397659],[5.365549,43.397642],[5.365673,43.398009],[5.365706,43.398048],[5.366194,43.398218],[5.366248,43.398176],[5.36632,43.398066],[5.366356,43.398083],[5.366884,43.398269],[5.366902,43.398252],[5.366903,43.398236],[5.36688,43.39823],[5.366804,43.398238],[5.366775,43.398214],[5.366713,43.398188],[5.366666,43.398176],[5.366665,43.398123],[5.366541,43.398088],[5.366389,43.398029],[5.366261,43.397934],[5.366207,43.397938],[5.366182,43.397912],[5.366126,43.397918],[5.366148,43.397818],[5.366109,43.39781],[5.36607,43.397748],[5.366191,43.397682],[5.366183,43.397651],[5.366127,43.397639],[5.366171,43.397494],[5.366117,43.397387],[5.366004,43.397363],[5.365864,43.397351],[5.365677,43.397356],[5.365651,43.397321],[5.365589,43.397304],[5.36547,43.39731],[5.365458,43.397343],[5.365746,43.397386],[5.365663,43.397659]]],[[[5.367814,43.398439],[5.36777,43.398408],[5.367707,43.398392],[5.367545,43.398259],[5.367386,43.398227],[5.367319,43.398256],[5.367269,43.39823],[5.367175,43.398219],[5.367041,43.398258],[5.367035,43.39829],[5.367047,43.398302],[5.367019,43.398295],[5.366982,43.398297],[5.366974,43.398302],[5.367055,43.398335],[5.367157,43.398389],[5.367468,43.39861],[5.367725,43.398799],[5.367879,43.398929],[5.368157,43.399138],[5.368353,43.399259],[5.368379,43.399268],[5.368383,43.399197],[5.368333,43.399206],[5.368097,43.399019],[5.367894,43.398878],[5.367943,43.398868],[5.367926,43.398769],[5.367934,43.398708],[5.367959,43.39867],[5.367927,43.398649],[5.367882,43.39859],[5.367818,43.398547],[5.367853,43.398483],[5.367814,43.398439]]],[[[5.365502,43.399655],[5.365507,43.399539],[5.365497,43.399529],[5.365491,43.399645],[5.365483,43.39965],[5.365483,43.399655],[5.365502,43.399655]]],[[[5.368924,43.400432],[5.368963,43.400447],[5.368868,43.400343],[5.368879,43.400367],[5.368856,43.400369],[5.368863,43.400392],[5.368888,43.400391],[5.368924,43.400432]]],[[[5.371646,43.400293],[5.371588,43.400626],[5.371517,43.400618],[5.371605,43.400649],[5.371639,43.400646],[5.371668,43.400619],[5.371738,43.400528],[5.371769,43.400517],[5.371753,43.400567],[5.371808,43.400552],[5.371814,43.400565],[5.37173,43.400603],[5.371717,43.400646],[5.37173,43.400663],[5.371876,43.400713],[5.371892,43.400663],[5.371922,43.40064],[5.371966,43.400678],[5.372016,43.400675],[5.37204,43.400657],[5.372063,43.400596],[5.372106,43.400591],[5.372125,43.400604],[5.372095,43.400629],[5.372065,43.400683],[5.372139,43.4007],[5.37221,43.400732],[5.372234,43.400723],[5.37228,43.400652],[5.372199,43.40062],[5.37221,43.400584],[5.372185,43.400566],[5.372178,43.400503],[5.372119,43.400475],[5.372049,43.400421],[5.371993,43.400423],[5.372044,43.400443],[5.372056,43.400485],[5.372096,43.400514],[5.372091,43.400537],[5.37206,43.400524],[5.37204,43.400493],[5.37199,43.400485],[5.371958,43.400463],[5.371992,43.400373],[5.371979,43.40036],[5.371933,43.400358],[5.371919,43.40036],[5.371892,43.400353],[5.371938,43.400374],[5.37193,43.400389],[5.371919,43.400461],[5.371903,43.40047],[5.371895,43.400453],[5.371883,43.400453],[5.371883,43.400471],[5.371935,43.4005],[5.37193,43.400531],[5.371781,43.400499],[5.371767,43.400472],[5.371718,43.400473],[5.371649,43.400452],[5.37166,43.400416],[5.371707,43.400367],[5.371817,43.400374],[5.371808,43.400413],[5.37182,43.400427],[5.371852,43.400425],[5.371869,43.400384],[5.371843,43.400349],[5.371854,43.400336],[5.371887,43.400347],[5.371869,43.400325],[5.371822,43.400309],[5.371786,43.400319],[5.371708,43.400291],[5.371646,43.400293]]],[[[5.371304,43.400595],[5.371201,43.400583],[5.371197,43.400583],[5.371237,43.4006],[5.371279,43.400609],[5.371304,43.400595]]],[[[5.369406,43.400847],[5.369476,43.400936],[5.369508,43.400975],[5.369511,43.400962],[5.369494,43.400937],[5.369467,43.400919],[5.369453,43.400902],[5.369437,43.400868],[5.369413,43.400845],[5.369406,43.400847]]],[[[5.369638,43.401112],[5.369624,43.401095],[5.369577,43.401096],[5.369595,43.401131],[5.369638,43.401112]]],[[[5.369691,43.401183],[5.36972,43.401259],[5.36985,43.401475],[5.369926,43.401559],[5.369932,43.401606],[5.369993,43.401707],[5.369996,43.40178],[5.369971,43.401778],[5.370118,43.402029],[5.370195,43.402009],[5.370212,43.401999],[5.370206,43.401969],[5.370134,43.40186],[5.370095,43.401755],[5.370033,43.401666],[5.370031,43.401613],[5.370196,43.401568],[5.370201,43.401546],[5.370182,43.401542],[5.37017,43.40156],[5.370151,43.401547],[5.370168,43.401506],[5.370095,43.401526],[5.370021,43.401518],[5.370003,43.401532],[5.369951,43.40147],[5.369936,43.401417],[5.369778,43.401168],[5.369736,43.401061],[5.369717,43.401048],[5.369656,43.401049],[5.369636,43.401066],[5.369637,43.401094],[5.369691,43.401183]]],[[[5.3696,43.401688],[5.369616,43.401712],[5.369627,43.401714],[5.369598,43.401668],[5.3696,43.401688]]],[[[5.36415,43.401795],[5.364189,43.401839],[5.364166,43.401876],[5.364182,43.402136],[5.364199,43.402064],[5.364244,43.401906],[5.364304,43.40176],[5.364351,43.401608],[5.364159,43.401673],[5.364142,43.401687],[5.364147,43.401723],[5.364185,43.401749],[5.36415,43.401795]]],[[[5.369761,43.401953],[5.369789,43.401996],[5.369801,43.401999],[5.369726,43.401876],[5.369729,43.401892],[5.369761,43.401953]]],[[[5.369927,43.402203],[5.369926,43.402215],[5.369933,43.402215],[5.369927,43.402203]]],[[[5.369518,43.402056],[5.369563,43.402086],[5.369581,43.402072],[5.369562,43.402032],[5.369574,43.402032],[5.369605,43.402091],[5.369626,43.402107],[5.369632,43.402134],[5.369608,43.402135],[5.369609,43.402153],[5.369649,43.402224],[5.369661,43.402234],[5.369686,43.402232],[5.36966,43.402206],[5.369665,43.402174],[5.369701,43.402219],[5.369709,43.402271],[5.369967,43.402646],[5.369964,43.402685],[5.370003,43.402729],[5.369979,43.402757],[5.370022,43.40276],[5.37004,43.402746],[5.370038,43.402701],[5.369779,43.402244],[5.369766,43.402229],[5.36989,43.402191],[5.369694,43.40184],[5.369572,43.401875],[5.369553,43.401852],[5.369516,43.401844],[5.369474,43.401872],[5.369488,43.401926],[5.369455,43.401927],[5.369456,43.401956],[5.36948,43.401975],[5.369496,43.401971],[5.369514,43.401948],[5.36954,43.401992],[5.369492,43.402011],[5.369518,43.402056]]],[[[5.369966,43.402271],[5.369962,43.402276],[5.369986,43.402326],[5.370002,43.402335],[5.369966,43.402271]]],[[[5.370013,43.402353],[5.370012,43.40237],[5.370051,43.402434],[5.370069,43.40245],[5.370013,43.402353]]],[[[5.370214,43.402701],[5.3702,43.402661],[5.370181,43.402641],[5.370127,43.402549],[5.370141,43.402587],[5.370208,43.402703],[5.370214,43.402701]]],[[[5.370483,43.40375],[5.370557,43.403905],[5.370583,43.403923],[5.370597,43.403976],[5.370622,43.403995],[5.370633,43.403995],[5.370492,43.403699],[5.370525,43.40369],[5.370381,43.403403],[5.370347,43.403409],[5.370351,43.403453],[5.370469,43.403705],[5.370483,43.40375]]],[[[5.368697,43.401894],[5.368667,43.402074],[5.368996,43.402458],[5.369012,43.4025],[5.369146,43.402464],[5.369178,43.402495],[5.369219,43.402584],[5.369257,43.40261],[5.369221,43.402638],[5.369223,43.402683],[5.369275,43.402736],[5.369275,43.402754],[5.369239,43.402782],[5.369278,43.402826],[5.369373,43.402882],[5.369497,43.40288],[5.369529,43.402929],[5.369545,43.402945],[5.369561,43.402948],[5.369594,43.402935],[5.369606,43.402941],[5.369556,43.402964],[5.369574,43.402976],[5.369587,43.402977],[5.369651,43.40289],[5.36965,43.402854],[5.369611,43.402819],[5.36962,43.40271],[5.369588,43.402706],[5.369618,43.402693],[5.369611,43.402656],[5.369628,43.402676],[5.369777,43.402941],[5.369828,43.402985],[5.369856,43.403065],[5.369934,43.403163],[5.369962,43.403234],[5.370032,43.4033],[5.370063,43.403304],[5.370077,43.403349],[5.370103,43.403366],[5.370465,43.404069],[5.370629,43.404462],[5.370688,43.404685],[5.37075,43.404693],[5.370727,43.40472],[5.370765,43.404747],[5.370779,43.404791],[5.370683,43.404865],[5.370669,43.404978],[5.370634,43.404866],[5.370581,43.404778],[5.370562,43.404774],[5.370532,43.404797],[5.370547,43.40485],[5.370599,43.404921],[5.370589,43.404975],[5.370651,43.405123],[5.370672,43.405126],[5.370662,43.405134],[5.370664,43.405152],[5.370707,43.405274],[5.370727,43.405273],[5.370737,43.405258],[5.370734,43.405224],[5.370721,43.405198],[5.370723,43.405184],[5.370739,43.405194],[5.370749,43.405303],[5.370844,43.405334],[5.370849,43.405432],[5.37086,43.405443],[5.370894,43.405439],[5.370896,43.405536],[5.370878,43.405559],[5.370811,43.405574],[5.370833,43.40565],[5.37077,43.405624],[5.37074,43.405656],[5.370726,43.405917],[5.370641,43.406243],[5.370655,43.406288],[5.370612,43.406433],[5.370614,43.406496],[5.370365,43.407023],[5.370099,43.407461],[5.3699,43.407727],[5.369591,43.408012],[5.369805,43.408116],[5.369808,43.408188],[5.36976,43.408225],[5.369779,43.408247],[5.369834,43.408232],[5.369824,43.408277],[5.369776,43.408314],[5.369796,43.408345],[5.369869,43.408326],[5.369904,43.408289],[5.369935,43.408293],[5.369924,43.40832],[5.369943,43.408333],[5.369983,43.408328],[5.369989,43.408349],[5.370008,43.408349],[5.37004,43.408315],[5.370023,43.408307],[5.3702,43.408125],[5.370061,43.408052],[5.370024,43.408048],[5.369989,43.408103],[5.369905,43.408159],[5.369889,43.408208],[5.36987,43.408195],[5.369893,43.40815],[5.369817,43.408107],[5.370014,43.407874],[5.370039,43.407887],[5.370058,43.407866],[5.370059,43.407851],[5.370038,43.407847],[5.370087,43.407786],[5.370111,43.407779],[5.37017,43.407695],[5.370162,43.4077],[5.370253,43.407568],[5.370247,43.407585],[5.370398,43.407366],[5.370377,43.407375],[5.370471,43.407219],[5.370523,43.407193],[5.370552,43.40713],[5.370541,43.407144],[5.37054,43.407154],[5.370531,43.407162],[5.370505,43.407168],[5.370569,43.407069],[5.370695,43.406811],[5.370693,43.406824],[5.370712,43.406784],[5.370705,43.406789],[5.370832,43.406527],[5.370774,43.406377],[5.370957,43.405813],[5.371006,43.405506],[5.37096,43.405003],[5.370933,43.40495],[5.370916,43.404824],[5.370822,43.404786],[5.370802,43.404764],[5.370811,43.404683],[5.370897,43.404672],[5.370788,43.404427],[5.370782,43.404427],[5.370776,43.404422],[5.370775,43.4044],[5.370769,43.4044],[5.370763,43.404396],[5.370598,43.404003],[5.370475,43.403812],[5.370312,43.403415],[5.37023,43.403435],[5.369914,43.402815],[5.36995,43.402801],[5.369936,43.402764],[5.369917,43.402749],[5.369916,43.402722],[5.36989,43.402705],[5.369889,43.402678],[5.369811,43.402571],[5.369744,43.402438],[5.369653,43.402323],[5.36965,43.402269],[5.369586,43.402207],[5.369585,43.40218],[5.369503,43.402112],[5.369491,43.402116],[5.369292,43.401898],[5.369271,43.401894],[5.369266,43.401917],[5.369442,43.402128],[5.369561,43.402293],[5.369573,43.402316],[5.369531,43.402268],[5.36947,43.402241],[5.369385,43.402113],[5.369217,43.401927],[5.369173,43.401906],[5.369155,43.401929],[5.369206,43.401964],[5.36922,43.401999],[5.369279,43.402056],[5.369325,43.40215],[5.369379,43.402216],[5.369504,43.402438],[5.369504,43.402466],[5.369479,43.402448],[5.369454,43.402458],[5.36946,43.402435],[5.369332,43.402358],[5.369228,43.402364],[5.369122,43.402214],[5.369148,43.402203],[5.369209,43.402193],[5.369239,43.40217],[5.369244,43.40214],[5.369274,43.402124],[5.369273,43.402097],[5.369111,43.401916],[5.36905,43.401917],[5.368948,43.402005],[5.368947,43.402045],[5.368991,43.402139],[5.369057,43.402237],[5.369079,43.40234],[5.368918,43.402159],[5.368915,43.402105],[5.368889,43.402061],[5.368838,43.402035],[5.368829,43.401935],[5.368954,43.401679],[5.369055,43.40156],[5.369185,43.401489],[5.36935,43.401524],[5.369334,43.401493],[5.369463,43.401459],[5.369398,43.401358],[5.369188,43.401267],[5.369112,43.401318],[5.369065,43.401327],[5.368925,43.401474],[5.36886,43.401653],[5.368697,43.401894]],[[5.369112,43.402384],[5.369106,43.402393],[5.3691,43.402389],[5.369106,43.402384],[5.369112,43.402384]],[[5.369099,43.402357],[5.369093,43.402367],[5.369086,43.402362],[5.369092,43.402358],[5.369099,43.402357]]],[[[5.371614,43.405809],[5.37177,43.405452],[5.3717,43.405434],[5.371543,43.405797],[5.371614,43.405809]]],[[[5.370177,43.407852],[5.370119,43.407821],[5.370102,43.407839],[5.370104,43.407855],[5.370137,43.407855],[5.370153,43.407882],[5.370177,43.407852]]],[[[5.370186,43.408386],[5.370086,43.408337],[5.370051,43.408389],[5.370071,43.408429],[5.370132,43.408419],[5.370186,43.408386]]],[[[5.370273,43.408481],[5.370279,43.408473],[5.370282,43.408439],[5.370271,43.408441],[5.370262,43.408447],[5.370258,43.408468],[5.370273,43.408481]]],[[[5.374035,43.371648],[5.37374,43.371673],[5.37347,43.371715],[5.373372,43.371761],[5.373283,43.371864],[5.373716,43.371997],[5.373734,43.371974],[5.37362,43.371914],[5.373569,43.371861],[5.373561,43.37183],[5.373462,43.371832],[5.373443,43.371819],[5.373442,43.371774],[5.373459,43.37176],[5.373755,43.371735],[5.373801,43.371811],[5.373883,43.371859],[5.373932,43.371857],[5.373963,43.371837],[5.373973,43.371807],[5.373994,43.371791],[5.374019,43.371785],[5.374024,43.37179],[5.374007,43.3718],[5.373999,43.371833],[5.374069,43.371872],[5.374106,43.371872],[5.374172,43.371839],[5.374171,43.371821],[5.374146,43.371812],[5.37414,43.371766],[5.374118,43.371723],[5.374161,43.371717],[5.374187,43.371738],[5.374211,43.371734],[5.374222,43.371698],[5.37426,43.371724],[5.374345,43.371704],[5.374387,43.371663],[5.374372,43.3716],[5.374402,43.371577],[5.374536,43.371529],[5.374659,43.371527],[5.374718,43.371462],[5.375083,43.371328],[5.37514,43.371363],[5.375074,43.371274],[5.374303,43.371579],[5.374035,43.371648]]],[[[5.375198,43.378619],[5.375263,43.378719],[5.375365,43.378847],[5.375457,43.378898],[5.375743,43.379001],[5.376232,43.37916],[5.376444,43.379182],[5.377212,43.379362],[5.377618,43.379519],[5.377686,43.37954],[5.377696,43.379539],[5.377702,43.37952],[5.377697,43.379511],[5.377665,43.37948],[5.377325,43.379334],[5.377151,43.379284],[5.376687,43.379218],[5.376653,43.379178],[5.376507,43.379161],[5.376309,43.379111],[5.376071,43.379026],[5.375991,43.378985],[5.375871,43.378938],[5.375694,43.378891],[5.375587,43.378854],[5.37547,43.378785],[5.375265,43.378591],[5.37515,43.378495],[5.374871,43.378304],[5.374856,43.378259],[5.374691,43.378154],[5.374603,43.378102],[5.374567,43.378066],[5.374524,43.3781],[5.374719,43.378257],[5.375198,43.378619]]],[[[5.37754,43.38738],[5.377555,43.387368],[5.377557,43.387366],[5.377525,43.38738],[5.377525,43.387388],[5.37754,43.38738]]],[[[5.37707,43.388097],[5.37704,43.38812],[5.377041,43.388147],[5.377006,43.388193],[5.377032,43.388228],[5.37707,43.388246],[5.377082,43.388286],[5.377107,43.388285],[5.377112,43.388256],[5.377139,43.388259],[5.377155,43.388496],[5.377226,43.388737],[5.377293,43.388871],[5.37745,43.389083],[5.37747,43.389263],[5.377398,43.389387],[5.377425,43.389409],[5.377495,43.389317],[5.37751,43.389276],[5.377495,43.389132],[5.377539,43.389129],[5.377496,43.389001],[5.37747,43.388966],[5.377432,43.388949],[5.377339,43.388776],[5.377228,43.388494],[5.377217,43.388224],[5.37735,43.387852],[5.377396,43.387779],[5.377406,43.387716],[5.37743,43.387698],[5.377429,43.387662],[5.377488,43.387565],[5.37742,43.387543],[5.377384,43.387603],[5.377379,43.387587],[5.377297,43.387787],[5.377165,43.388154],[5.377147,43.388167],[5.377139,43.388118],[5.37707,43.388097]]],[[[5.37629,43.39103],[5.376413,43.391019],[5.376513,43.391034],[5.376539,43.391079],[5.376601,43.391078],[5.37666,43.391022],[5.376673,43.39104],[5.376735,43.391039],[5.376893,43.390981],[5.377003,43.391016],[5.377232,43.391121],[5.377556,43.391097],[5.377619,43.391069],[5.377617,43.391024],[5.37757,43.390939],[5.377423,43.390951],[5.377411,43.390979],[5.377251,43.390973],[5.377239,43.390991],[5.377117,43.390958],[5.377117,43.390951],[5.377126,43.390943],[5.377148,43.39095],[5.377201,43.390961],[5.377204,43.390946],[5.377176,43.390947],[5.377153,43.39093],[5.377113,43.39093],[5.37711,43.390936],[5.377121,43.390936],[5.377114,43.390949],[5.377077,43.39095],[5.377051,43.390924],[5.376976,43.390907],[5.376938,43.390881],[5.376889,43.390882],[5.37683,43.390937],[5.37668,43.390905],[5.376644,43.390924],[5.376619,43.390915],[5.376584,43.390979],[5.376521,43.390926],[5.376516,43.390958],[5.376461,43.390982],[5.376429,43.390951],[5.37644,43.390924],[5.376362,43.390883],[5.37631,43.390913],[5.376247,43.390878],[5.376211,43.390897],[5.376161,43.390889],[5.37613,43.390876],[5.376123,43.390854],[5.376111,43.390872],[5.376098,43.390864],[5.376017,43.390853],[5.376025,43.390818],[5.375988,43.390829],[5.375976,43.390835],[5.376204,43.390962],[5.37619,43.390982],[5.376277,43.391004],[5.376301,43.390994],[5.37629,43.39103]]],[[[5.373367,43.392308],[5.373377,43.392301],[5.373392,43.392299],[5.373392,43.392287],[5.373378,43.392274],[5.373351,43.392291],[5.373367,43.392308]]],[[[5.372581,43.395264],[5.372658,43.395214],[5.372793,43.395174],[5.373094,43.395019],[5.373069,43.395003],[5.372977,43.395003],[5.372916,43.395014],[5.37283,43.395111],[5.372682,43.395115],[5.372677,43.395146],[5.372703,43.395173],[5.372663,43.395196],[5.372607,43.395239],[5.372581,43.395264]]],[[[5.372569,43.395315],[5.372579,43.395315],[5.372604,43.395297],[5.37258,43.395279],[5.372571,43.395295],[5.372569,43.395315]]],[[[5.372326,43.395455],[5.372345,43.395454],[5.372388,43.395416],[5.372491,43.395289],[5.372497,43.395267],[5.372663,43.395177],[5.372665,43.395151],[5.372598,43.395161],[5.372513,43.395199],[5.372411,43.395269],[5.372306,43.395433],[5.372326,43.395455]]],[[[5.3761,43.400599],[5.376102,43.400588],[5.376062,43.400589],[5.376063,43.400599],[5.3761,43.400599]]],[[[5.375498,43.40069],[5.375486,43.400698],[5.375461,43.400683],[5.375443,43.400706],[5.375381,43.400708],[5.375363,43.400686],[5.375264,43.400706],[5.375247,43.400747],[5.375469,43.400742],[5.375573,43.400718],[5.375634,43.400699],[5.375739,43.400691],[5.375812,43.400662],[5.376157,43.400655],[5.376257,43.400697],[5.376277,43.400694],[5.376287,43.400685],[5.376263,43.400649],[5.376143,43.400619],[5.376107,43.400638],[5.376093,43.400613],[5.376076,43.400613],[5.376064,43.400622],[5.376039,43.400594],[5.37597,43.400623],[5.375952,43.400601],[5.375936,43.400611],[5.375928,43.400625],[5.37581,43.400626],[5.375749,43.400646],[5.3757,43.400647],[5.375687,43.400629],[5.375619,43.400672],[5.375609,43.400688],[5.375563,43.400689],[5.375546,43.400655],[5.375535,43.40068],[5.375498,43.40069]]],[[[5.373739,43.400681],[5.373721,43.400665],[5.373707,43.400666],[5.373705,43.400694],[5.373672,43.400718],[5.373635,43.400729],[5.373594,43.400774],[5.37352,43.400776],[5.373455,43.400826],[5.373452,43.400845],[5.373479,43.400843],[5.373528,43.400824],[5.373572,43.400828],[5.373657,43.400791],[5.373718,43.400789],[5.373767,43.400761],[5.373853,43.400759],[5.373926,43.400731],[5.37405,43.400737],[5.374082,43.400767],[5.374112,43.400763],[5.37413,43.400739],[5.374128,43.400704],[5.37406,43.400701],[5.374065,43.400651],[5.374045,43.400638],[5.373996,43.400648],[5.373977,43.400622],[5.373952,43.400627],[5.37396,43.400667],[5.373911,43.400668],[5.373872,43.400633],[5.373823,43.400643],[5.373788,43.40068],[5.373739,43.400681]]],[[[5.372278,43.400732],[5.37229,43.400747],[5.372314,43.400748],[5.372327,43.400743],[5.37233,43.400747],[5.372327,43.400753],[5.372318,43.400756],[5.372313,43.400751],[5.37229,43.400751],[5.372254,43.40076],[5.372299,43.400783],[5.372378,43.400746],[5.372439,43.400783],[5.372502,43.4008],[5.37253,43.400824],[5.372609,43.400831],[5.37266,43.400866],[5.372684,43.400857],[5.372711,43.400901],[5.372747,43.400891],[5.372773,43.400918],[5.372847,43.400898],[5.372864,43.400937],[5.372897,43.400915],[5.373013,43.400919],[5.373039,43.400933],[5.373255,43.400916],[5.373291,43.400898],[5.37334,43.400896],[5.373419,43.400854],[5.373419,43.400844],[5.373387,43.400832],[5.373338,43.400834],[5.373292,43.400811],[5.373279,43.400821],[5.373277,43.400862],[5.373199,43.400846],[5.373141,43.400847],[5.373104,43.400866],[5.37299,43.400868],[5.372881,43.400826],[5.372807,43.400845],[5.372786,43.400811],[5.372773,43.400757],[5.372736,43.400741],[5.372692,43.40074],[5.372644,43.400786],[5.37257,43.400769],[5.372561,43.400689],[5.372456,43.400709],[5.372411,43.400669],[5.372374,43.400592],[5.372308,43.400597],[5.372326,43.400689],[5.372276,43.400707],[5.372278,43.400732]]],[[[5.375059,43.400707],[5.374926,43.400736],[5.37489,43.400763],[5.374743,43.400794],[5.374681,43.400795],[5.374631,43.40076],[5.374569,43.400771],[5.374575,43.400757],[5.374543,43.400735],[5.374468,43.400719],[5.374394,43.40072],[5.374322,43.400767],[5.374272,43.400732],[5.374211,43.400751],[5.374172,43.400725],[5.374153,43.400738],[5.374144,43.400775],[5.374177,43.400824],[5.3743,43.400821],[5.374362,43.400838],[5.374465,43.400831],[5.374535,43.400843],[5.374584,43.400833],[5.374616,43.400855],[5.374604,43.400864],[5.374604,43.400881],[5.374616,43.400865],[5.374653,43.400863],[5.374672,43.400876],[5.374696,43.400858],[5.374746,43.400866],[5.374843,43.400828],[5.374942,43.400816],[5.375063,43.400769],[5.375241,43.400752],[5.375209,43.400739],[5.375184,43.400712],[5.375136,43.40074],[5.375062,43.400742],[5.375059,43.400707]]],[[[5.376418,43.400687],[5.376402,43.400653],[5.376371,43.400647],[5.376374,43.400665],[5.376398,43.400672],[5.37638,43.400686],[5.376298,43.400687],[5.376302,43.40072],[5.376352,43.40073],[5.376452,43.400798],[5.376466,43.400823],[5.376504,43.40085],[5.376482,43.400888],[5.376529,43.400888],[5.376534,43.400912],[5.376544,43.400921],[5.376509,43.400922],[5.376506,43.400932],[5.376534,43.400957],[5.376601,43.400951],[5.376622,43.400993],[5.376671,43.400991],[5.376705,43.400935],[5.376715,43.400847],[5.376677,43.400837],[5.376676,43.40081],[5.376651,43.400785],[5.376614,43.400794],[5.376592,43.400793],[5.376593,43.400768],[5.37665,43.400758],[5.376628,43.400747],[5.376602,43.400748],[5.376582,43.400764],[5.376544,43.400754],[5.376512,43.400732],[5.376586,43.400731],[5.376564,43.400695],[5.376524,43.400689],[5.376487,43.400661],[5.376461,43.40066],[5.37646,43.400672],[5.376473,43.400679],[5.376455,43.400693],[5.376418,43.400687]]],[[[5.372263,43.403859],[5.372187,43.403834],[5.372114,43.403826],[5.37234,43.40396],[5.372506,43.40402],[5.372639,43.404098],[5.372708,43.404144],[5.372706,43.404128],[5.372641,43.404077],[5.372539,43.404007],[5.372428,43.403972],[5.372388,43.403938],[5.372332,43.403923],[5.372263,43.403859]]],[[[5.375729,43.404162],[5.375834,43.404199],[5.375851,43.404204],[5.375841,43.404192],[5.375729,43.404162]]],[[[5.374926,43.404329],[5.37512,43.404225],[5.375277,43.404178],[5.37526,43.404168],[5.375033,43.404235],[5.374983,43.404269],[5.374926,43.404329]]],[[[5.374551,43.404527],[5.374518,43.404549],[5.374614,43.404498],[5.374611,43.404498],[5.374551,43.404527]]],[[[5.374189,43.404663],[5.374201,43.404637],[5.374055,43.40462],[5.37384,43.404663],[5.373819,43.404672],[5.373821,43.404686],[5.373831,43.404688],[5.373861,43.404688],[5.374013,43.404658],[5.374132,43.404656],[5.374139,43.404663],[5.374189,43.404663]]],[[[5.372916,43.404369],[5.372646,43.404575],[5.372563,43.404653],[5.372693,43.404821],[5.372504,43.404969],[5.372407,43.404974],[5.372351,43.405015],[5.372355,43.40504],[5.372414,43.405075],[5.37253,43.405041],[5.372526,43.405077],[5.372498,43.405094],[5.372489,43.405105],[5.372489,43.405121],[5.372506,43.405153],[5.372371,43.405064],[5.372329,43.405031],[5.372322,43.405036],[5.372631,43.405246],[5.372625,43.405227],[5.372629,43.405205],[5.372688,43.405217],[5.372741,43.405221],[5.372808,43.405234],[5.372806,43.405152],[5.372848,43.405119],[5.372908,43.405082],[5.373142,43.404995],[5.373272,43.405022],[5.373335,43.405101],[5.373447,43.405132],[5.373485,43.405035],[5.37373,43.405041],[5.373962,43.405149],[5.374019,43.405157],[5.374072,43.404969],[5.374131,43.404795],[5.37418,43.404684],[5.374076,43.40467],[5.374001,43.40467],[5.373991,43.404677],[5.373939,43.404681],[5.373866,43.404693],[5.373781,43.404703],[5.373748,43.404718],[5.373728,43.404711],[5.373523,43.404727],[5.373487,43.404745],[5.373491,43.404714],[5.373472,43.404701],[5.373461,43.404728],[5.373422,43.404684],[5.373328,43.404654],[5.373333,43.404623],[5.373206,43.404587],[5.373116,43.404544],[5.372959,43.404378],[5.372899,43.404323],[5.372808,43.404207],[5.372743,43.404156],[5.372721,43.404154],[5.372815,43.404239],[5.372896,43.404335],[5.372916,43.404369]]],[[[5.375344,43.404649],[5.375343,43.404632],[5.375337,43.404631],[5.375265,43.404687],[5.375265,43.404702],[5.375286,43.404701],[5.375344,43.404649]]],[[[5.372639,43.405435],[5.372626,43.405493],[5.372679,43.40551],[5.372727,43.405482],[5.37282,43.405476],[5.372815,43.405386],[5.372761,43.405337],[5.372702,43.405325],[5.372724,43.405271],[5.372671,43.40526],[5.372656,43.405324],[5.372611,43.405416],[5.372639,43.405435]]],[[[5.371734,43.405814],[5.371707,43.405824],[5.372054,43.405886],[5.372066,43.406077],[5.372109,43.406211],[5.37216,43.406306],[5.372098,43.406326],[5.372239,43.406505],[5.372352,43.406604],[5.372515,43.406678],[5.372839,43.406673],[5.372851,43.406703],[5.373043,43.4067],[5.373051,43.406696],[5.373048,43.406681],[5.372977,43.406682],[5.372989,43.406659],[5.373034,43.406654],[5.373073,43.406699],[5.373123,43.406716],[5.373143,43.406711],[5.373153,43.406694],[5.373172,43.406695],[5.373174,43.406688],[5.373228,43.406686],[5.373251,43.406679],[5.373266,43.406684],[5.373701,43.40651],[5.373763,43.406478],[5.373801,43.406464],[5.37382,43.406463],[5.373905,43.406428],[5.373905,43.406364],[5.373895,43.406344],[5.373999,43.40639],[5.37408,43.406357],[5.373974,43.406322],[5.373529,43.406119],[5.373211,43.405994],[5.37318,43.406003],[5.373042,43.405934],[5.372986,43.405931],[5.372972,43.405877],[5.372919,43.405806],[5.372902,43.405699],[5.372843,43.405551],[5.372556,43.405599],[5.372246,43.405493],[5.372218,43.405561],[5.372199,43.405566],[5.371837,43.405467],[5.37178,43.405588],[5.371708,43.405761],[5.371733,43.405778],[5.371734,43.405814]],[[5.373092,43.406554],[5.373147,43.406535],[5.373136,43.406576],[5.37307,43.406627],[5.373001,43.406588],[5.373,43.40657],[5.37303,43.406556],[5.373092,43.406554]]],[[[5.374317,43.407063],[5.374355,43.407089],[5.374356,43.407107],[5.374321,43.40718],[5.374338,43.407287],[5.374302,43.407315],[5.374318,43.407396],[5.374337,43.407409],[5.374411,43.407407],[5.374459,43.40737],[5.37452,43.407351],[5.374554,43.407269],[5.374782,43.407476],[5.3749,43.407608],[5.374922,43.407619],[5.374979,43.407613],[5.374937,43.407561],[5.374722,43.407356],[5.374633,43.407254],[5.374736,43.407202],[5.374835,43.407218],[5.374872,43.407199],[5.374958,43.407188],[5.375012,43.407165],[5.375034,43.407132],[5.374761,43.407041],[5.374597,43.40698],[5.374431,43.406927],[5.374418,43.406981],[5.374375,43.406976],[5.374315,43.407018],[5.374317,43.407063]]],[[[5.37703,43.408637],[5.377084,43.408604],[5.377094,43.40855],[5.377056,43.408528],[5.377013,43.408538],[5.376959,43.40858],[5.376992,43.408629],[5.37703,43.408637]]],[[[5.375821,43.40806],[5.376106,43.408248],[5.376188,43.408426],[5.376245,43.408465],[5.376583,43.408593],[5.376665,43.408609],[5.376884,43.408685],[5.377033,43.408718],[5.377296,43.408811],[5.37742,43.408826],[5.377596,43.408895],[5.377726,43.40892],[5.377917,43.408997],[5.378035,43.409056],[5.378085,43.409073],[5.378158,43.409062],[5.378171,43.40908],[5.378208,43.409079],[5.378221,43.409097],[5.378501,43.409194],[5.378725,43.40932],[5.378787,43.409336],[5.378819,43.409358],[5.378807,43.409376],[5.37889,43.409433],[5.378945,43.409426],[5.378948,43.40949],[5.379014,43.409538],[5.37908,43.409574],[5.379259,43.409592],[5.379308,43.409608],[5.379316,43.409586],[5.379391,43.409611],[5.379515,43.409617],[5.379602,43.409642],[5.379925,43.40968],[5.380244,43.409681],[5.38024,43.409668],[5.380189,43.409661],[5.379899,43.409663],[5.379787,43.409638],[5.379614,43.409624],[5.379476,43.409591],[5.379303,43.409577],[5.379283,43.409537],[5.379306,43.409509],[5.379287,43.409496],[5.37914,43.409509],[5.379094,43.409442],[5.379105,43.409406],[5.379067,43.40938],[5.379065,43.409353],[5.37897,43.409278],[5.378882,43.409244],[5.378757,43.40922],[5.37798,43.408922],[5.377894,43.408933],[5.377794,43.408899],[5.377781,43.408881],[5.377596,43.408846],[5.377381,43.408773],[5.377332,43.408774],[5.377281,43.408739],[5.377181,43.408724],[5.377093,43.408681],[5.376595,43.408552],[5.376409,43.408482],[5.376331,43.408463],[5.376224,43.408398],[5.376179,43.408279],[5.376142,43.408211],[5.375858,43.408027],[5.375772,43.408],[5.375707,43.407991],[5.375625,43.407949],[5.375607,43.407957],[5.375446,43.407909],[5.375426,43.407912],[5.375421,43.407929],[5.375545,43.407967],[5.375596,43.408011],[5.37567,43.40801],[5.375821,43.40806]]],[[[5.381002,43.370082],[5.381083,43.370118],[5.381151,43.370204],[5.381206,43.370222],[5.381223,43.370208],[5.38121,43.37019],[5.38124,43.370158],[5.381278,43.370184],[5.381358,43.370212],[5.381472,43.370272],[5.381509,43.370255],[5.381338,43.370156],[5.380817,43.369996],[5.380567,43.36993],[5.380424,43.369905],[5.380518,43.36994],[5.380661,43.369968],[5.380727,43.369998],[5.380858,43.370033],[5.380952,43.370065],[5.380989,43.370064],[5.381002,43.370082]]],[[[5.379385,43.369776],[5.37908,43.369845],[5.378775,43.369933],[5.378431,43.369959],[5.378346,43.369978],[5.37814,43.370082],[5.378039,43.370179],[5.377901,43.370276],[5.377683,43.370371],[5.377488,43.370411],[5.377269,43.370488],[5.377158,43.3705],[5.376897,43.370451],[5.376761,43.370454],[5.37626,43.370573],[5.37617,43.370629],[5.376196,43.370656],[5.376238,43.370637],[5.376263,43.370645],[5.376311,43.370608],[5.37635,43.370652],[5.376423,43.370615],[5.376454,43.370628],[5.376474,43.370659],[5.376554,43.370652],[5.376569,43.370724],[5.376607,43.370746],[5.376649,43.370709],[5.376693,43.370735],[5.376885,43.370708],[5.376893,43.370658],[5.376903,43.370669],[5.376896,43.370703],[5.376899,43.370746],[5.376906,43.370763],[5.376997,43.37077],[5.376993,43.370842],[5.377043,43.371274],[5.377061,43.371342],[5.377104,43.371437],[5.377144,43.371427],[5.377085,43.371297],[5.37704,43.371063],[5.377019,43.370876],[5.377092,43.370848],[5.377091,43.370821],[5.377115,43.370802],[5.377125,43.370757],[5.377083,43.370614],[5.377119,43.370595],[5.377118,43.370577],[5.377087,43.370573],[5.377033,43.370597],[5.377034,43.370642],[5.377072,43.370668],[5.377037,43.370696],[5.377044,43.370727],[5.377025,43.370714],[5.377022,43.370633],[5.376956,43.370536],[5.376961,43.370513],[5.377148,43.370545],[5.377271,43.370542],[5.377368,43.370504],[5.377405,43.370503],[5.377915,43.370312],[5.378072,43.370219],[5.378263,43.370061],[5.378312,43.370051],[5.378347,43.370023],[5.378555,43.369983],[5.378568,43.369992],[5.378826,43.369959],[5.379241,43.369817],[5.37934,43.36982],[5.37966,43.369787],[5.379766,43.36979],[5.379851,43.369819],[5.380009,43.369818],[5.379878,43.369774],[5.379747,43.369741],[5.379682,43.369738],[5.379385,43.369776]]],[[[5.377419,43.372369],[5.377351,43.372295],[5.377159,43.372381],[5.377182,43.37243],[5.377227,43.37246],[5.377285,43.372475],[5.377351,43.372529],[5.377361,43.37253],[5.377503,43.372438],[5.377419,43.372369]]],[[[5.37762,43.372731],[5.37767,43.372729],[5.377795,43.37279],[5.377832,43.372789],[5.378067,43.372866],[5.378221,43.372933],[5.378341,43.372954],[5.378446,43.373009],[5.378554,43.373032],[5.37862,43.373042],[5.378657,43.373041],[5.378687,43.373018],[5.378686,43.372991],[5.378625,43.372958],[5.378553,43.372899],[5.378439,43.372848],[5.37839,43.37284],[5.378377,43.372822],[5.378283,43.372801],[5.378144,43.372732],[5.378082,43.372707],[5.377999,43.37265],[5.377919,43.372746],[5.377603,43.372623],[5.377375,43.37256],[5.377378,43.372574],[5.377417,43.3726],[5.377479,43.372608],[5.377499,43.372621],[5.3775,43.372666],[5.377569,43.372687],[5.37762,43.372731]]],[[[5.378772,43.373074],[5.37879,43.373075],[5.378818,43.373064],[5.378857,43.373099],[5.378906,43.373098],[5.378982,43.373142],[5.379013,43.373136],[5.379024,43.3731],[5.378991,43.373069],[5.378876,43.373057],[5.378872,43.373032],[5.37883,43.373018],[5.37875,43.373009],[5.378724,43.373017],[5.378742,43.373058],[5.378772,43.373074]]],[[[5.37987,43.373131],[5.379957,43.373156],[5.380099,43.373153],[5.380068,43.373136],[5.379944,43.373138],[5.379578,43.372969],[5.379563,43.372987],[5.379678,43.373049],[5.37987,43.373131]]],[[[5.379221,43.373244],[5.379278,43.373251],[5.379303,43.373237],[5.379318,43.373246],[5.379287,43.373256],[5.379289,43.373266],[5.379359,43.373295],[5.379382,43.373277],[5.379428,43.373343],[5.379512,43.37341],[5.379538,43.373446],[5.379538,43.373501],[5.379571,43.373511],[5.379566,43.373543],[5.379599,43.373554],[5.379628,43.37355],[5.379632,43.373501],[5.379711,43.373468],[5.379774,43.373484],[5.379903,43.373481],[5.380061,43.373205],[5.379995,43.373164],[5.37997,43.373165],[5.379916,43.373198],[5.37993,43.373242],[5.379969,43.373277],[5.379939,43.373319],[5.379891,43.373338],[5.379669,43.373351],[5.379609,43.37338],[5.37955,43.373296],[5.379499,43.373253],[5.379442,43.373221],[5.379346,43.373185],[5.379242,43.373163],[5.379143,43.373147],[5.379126,43.373148],[5.379112,43.373161],[5.379182,43.3732],[5.379238,43.373212],[5.379214,43.373231],[5.379221,43.373244]]],[[[5.385029,43.373467],[5.385005,43.373486],[5.384955,43.373478],[5.384883,43.373516],[5.38485,43.373467],[5.384806,43.373454],[5.38479,43.373504],[5.384724,43.373546],[5.384699,43.373547],[5.384654,43.373516],[5.384641,43.373485],[5.384618,43.373522],[5.384626,43.373575],[5.384712,43.373564],[5.384837,43.373598],[5.384886,43.373597],[5.384912,43.373632],[5.385049,43.373656],[5.385175,43.373725],[5.385249,43.373733],[5.385259,43.373809],[5.385291,43.373849],[5.385329,43.373857],[5.385346,43.373834],[5.385332,43.373798],[5.385282,43.373772],[5.385324,43.37374],[5.385356,43.373762],[5.385363,43.373793],[5.385437,43.373783],[5.385453,43.373724],[5.385427,43.373706],[5.385464,43.373687],[5.385298,43.37357],[5.385312,43.373601],[5.385282,43.373615],[5.38523,43.373571],[5.385137,43.373542],[5.385153,43.373522],[5.385289,43.37357],[5.385279,43.373552],[5.385233,43.373531],[5.385029,43.373467]],[[5.385344,43.373668],[5.385289,43.373646],[5.385288,43.373628],[5.385318,43.373629],[5.385393,43.373668],[5.385406,43.373685],[5.385409,43.37372],[5.385347,43.373695],[5.385344,43.373668]],[[5.385153,43.373631],[5.385148,43.373654],[5.385091,43.373633],[5.385128,43.373618],[5.385134,43.373636],[5.385153,43.373631]]],[[[5.385446,43.373859],[5.385383,43.37387],[5.385374,43.373914],[5.385326,43.373933],[5.385351,43.373942],[5.385352,43.373978],[5.385398,43.374044],[5.385428,43.37403],[5.385438,43.373976],[5.385474,43.37393],[5.385522,43.373902],[5.385518,43.373803],[5.385492,43.37379],[5.385443,43.373796],[5.385446,43.373859]]],[[[5.385451,43.374224],[5.385488,43.374187],[5.385499,43.374151],[5.385534,43.374106],[5.385546,43.374105],[5.385544,43.374136],[5.38552,43.374163],[5.385522,43.374208],[5.385641,43.374255],[5.385636,43.374278],[5.385668,43.374299],[5.385742,43.374307],[5.385811,43.374234],[5.385758,43.374155],[5.385741,43.374122],[5.385702,43.374078],[5.385691,43.373966],[5.3856,43.374008],[5.385603,43.374023],[5.385581,43.37405],[5.385554,43.374042],[5.385531,43.374088],[5.385485,43.374125],[5.385451,43.374224]],[[5.385736,43.374218],[5.385694,43.374195],[5.385711,43.374182],[5.385743,43.374181],[5.385752,43.3742],[5.385736,43.374218]]],[[[5.385862,43.374307],[5.385863,43.374287],[5.385846,43.374278],[5.3858,43.37428],[5.385788,43.374289],[5.385804,43.374323],[5.385862,43.374307]]],[[[5.385442,43.374502],[5.385485,43.374506],[5.385518,43.374546],[5.385541,43.374509],[5.38559,43.374508],[5.385703,43.374551],[5.385864,43.374565],[5.385889,43.374583],[5.385919,43.374559],[5.385928,43.374469],[5.385911,43.374371],[5.385892,43.374357],[5.385807,43.374386],[5.385745,43.37437],[5.385578,43.374375],[5.385584,43.374393],[5.385608,43.374394],[5.385598,43.374409],[5.385537,43.37441],[5.385533,43.374394],[5.385561,43.374375],[5.385545,43.374375],[5.385508,43.374402],[5.385484,43.374403],[5.385516,43.374352],[5.385484,43.37433],[5.385405,43.374364],[5.385444,43.374399],[5.385422,43.37448],[5.385442,43.374502]]],[[[5.385552,43.374639],[5.385553,43.374666],[5.385608,43.374652],[5.385683,43.374677],[5.385708,43.374668],[5.385708,43.374686],[5.385654,43.3747],[5.385722,43.374712],[5.385857,43.3747],[5.385886,43.374659],[5.385873,43.374641],[5.385854,43.374628],[5.38583,43.374647],[5.385793,43.374648],[5.385723,43.374595],[5.385644,43.374624],[5.385582,43.374616],[5.385552,43.374639]]],[[[5.38593,43.374646],[5.3859,43.374704],[5.385846,43.374737],[5.385621,43.374752],[5.385864,43.374749],[5.385866,43.374777],[5.385845,43.374792],[5.385845,43.374801],[5.38591,43.37478],[5.385918,43.37482],[5.385949,43.374824],[5.385967,43.37481],[5.385953,43.374793],[5.385989,43.374756],[5.386019,43.374733],[5.386068,43.374723],[5.386075,43.374745],[5.385991,43.374801],[5.38601,43.374814],[5.386071,43.374795],[5.386113,43.374762],[5.386087,43.374736],[5.386105,43.374722],[5.38613,43.37473],[5.386147,43.374707],[5.386117,43.374713],[5.386073,43.374691],[5.386084,43.374664],[5.386045,43.374624],[5.386021,43.374629],[5.386004,43.374661],[5.385967,43.374671],[5.38593,43.374646]],[[5.385927,43.374739],[5.385963,43.374725],[5.385976,43.374747],[5.385934,43.374762],[5.385927,43.374739]]],[[[5.386146,43.374829],[5.386116,43.374834],[5.386107,43.374895],[5.386096,43.374903],[5.386081,43.374902],[5.386059,43.374887],[5.386058,43.374905],[5.386134,43.374957],[5.38616,43.374959],[5.386196,43.374939],[5.386256,43.374938],[5.386271,43.374955],[5.386337,43.37496],[5.386385,43.375025],[5.386447,43.375032],[5.386497,43.375059],[5.386519,43.37505],[5.386533,43.375022],[5.386568,43.375022],[5.386569,43.374993],[5.38652,43.374984],[5.386483,43.374967],[5.386445,43.374968],[5.386329,43.374878],[5.386259,43.37488],[5.386205,43.374829],[5.386205,43.374812],[5.386225,43.374796],[5.386227,43.374776],[5.386169,43.374792],[5.386146,43.374829]]],[[[5.378778,43.380445],[5.378797,43.380467],[5.378842,43.380646],[5.378934,43.380788],[5.378963,43.380905],[5.379017,43.380994],[5.379018,43.381039],[5.379177,43.381305],[5.379179,43.38135],[5.37923,43.381376],[5.379243,43.381403],[5.379262,43.381416],[5.379324,43.381405],[5.379387,43.381458],[5.379613,43.381552],[5.379709,43.381626],[5.379698,43.381663],[5.379723,43.381671],[5.379724,43.381689],[5.379787,43.381715],[5.379801,43.38175],[5.379864,43.381803],[5.379984,43.381868],[5.380074,43.381938],[5.380223,43.381971],[5.380267,43.382001],[5.380256,43.382028],[5.380288,43.382059],[5.380338,43.382067],[5.380387,43.382048],[5.380449,43.382065],[5.380468,43.382087],[5.380445,43.382123],[5.380477,43.382145],[5.38052,43.382149],[5.380503,43.382171],[5.380472,43.382177],[5.38058,43.38226],[5.380631,43.382277],[5.380667,43.382267],[5.380705,43.382284],[5.380801,43.382228],[5.380871,43.382276],[5.380873,43.38233],[5.380905,43.382352],[5.381042,43.382385],[5.381072,43.38237],[5.381089,43.38233],[5.381139,43.382328],[5.381213,43.382345],[5.381423,43.382349],[5.381449,43.382367],[5.381572,43.382355],[5.381567,43.382396],[5.381598,43.382408],[5.381659,43.382389],[5.381689,43.382366],[5.381676,43.3822],[5.381602,43.382201],[5.381542,43.382248],[5.381283,43.382244],[5.380984,43.382179],[5.380897,43.382145],[5.380845,43.382092],[5.380746,43.382094],[5.380645,43.382024],[5.380545,43.381991],[5.380532,43.381973],[5.380495,43.381974],[5.380231,43.381885],[5.380043,43.381795],[5.379871,43.381668],[5.379794,43.381597],[5.379767,43.381544],[5.379697,43.381496],[5.379522,43.381428],[5.379313,43.381311],[5.37925,43.381258],[5.379184,43.381161],[5.379112,43.380919],[5.379047,43.380831],[5.378978,43.38067],[5.378938,43.380603],[5.378894,43.380489],[5.378881,43.380394],[5.378837,43.380284],[5.378837,43.380224],[5.378812,43.380215],[5.378823,43.380197],[5.378797,43.380161],[5.378682,43.380065],[5.378581,43.379999],[5.377999,43.379706],[5.377735,43.379555],[5.377729,43.379534],[5.377712,43.379535],[5.377701,43.379538],[5.3777,43.379547],[5.377788,43.379626],[5.377972,43.379743],[5.378224,43.37989],[5.378552,43.380054],[5.378661,43.380146],[5.378729,43.380298],[5.378747,43.380441],[5.378778,43.380445]]],[[[5.378891,43.386481],[5.378959,43.386411],[5.379008,43.386391],[5.379017,43.386376],[5.37902,43.386344],[5.378956,43.386301],[5.37894,43.386314],[5.378931,43.386396],[5.378885,43.38646],[5.378891,43.386481]]],[[[5.37858,43.386411],[5.378504,43.386464],[5.378569,43.386444],[5.378576,43.386466],[5.378567,43.38653],[5.378542,43.386539],[5.378532,43.386584],[5.378427,43.386591],[5.378389,43.386565],[5.378347,43.386597],[5.378374,43.386642],[5.378318,43.386648],[5.378277,43.386698],[5.378304,43.386742],[5.378287,43.386783],[5.378226,43.386803],[5.378164,43.386786],[5.37804,43.386789],[5.377957,43.386854],[5.377846,43.386865],[5.377835,43.386906],[5.377953,43.386934],[5.377998,43.387041],[5.378,43.387091],[5.378024,43.387106],[5.378198,43.38701],[5.378216,43.387014],[5.3782,43.387055],[5.378,43.38715],[5.377916,43.387201],[5.37795,43.387245],[5.37815,43.387145],[5.378359,43.387034],[5.378379,43.387043],[5.378376,43.386993],[5.378412,43.386935],[5.378413,43.386952],[5.378461,43.386961],[5.378402,43.387007],[5.378429,43.387042],[5.378448,43.387041],[5.378465,43.387014],[5.378475,43.386969],[5.378509,43.386927],[5.378505,43.386828],[5.37857,43.386768],[5.378601,43.386772],[5.378609,43.386664],[5.378627,43.38665],[5.37869,43.386684],[5.378754,43.386598],[5.378838,43.386533],[5.378849,43.386496],[5.378799,43.38648],[5.378798,43.386453],[5.378882,43.386397],[5.378825,43.386366],[5.378773,43.386368],[5.378727,43.386387],[5.3787,43.386369],[5.37858,43.386411]]],[[[5.378587,43.390458],[5.378551,43.390495],[5.378465,43.390488],[5.378344,43.390544],[5.378265,43.390586],[5.378266,43.390613],[5.3782,43.390646],[5.378152,43.390692],[5.378055,43.390722],[5.378042,43.390713],[5.378006,43.390741],[5.37781,43.390781],[5.377744,43.390814],[5.377864,43.391027],[5.377944,43.391039],[5.377989,43.391061],[5.378017,43.391159],[5.378082,43.391229],[5.378083,43.391256],[5.378148,43.391345],[5.378252,43.391469],[5.378327,43.391485],[5.378341,43.39153],[5.378456,43.391626],[5.378458,43.391662],[5.378477,43.391675],[5.378506,43.391625],[5.378491,43.391563],[5.378556,43.391494],[5.378593,43.391493],[5.378635,43.39146],[5.378634,43.391442],[5.378564,43.391385],[5.378465,43.391397],[5.37839,43.391371],[5.378331,43.391278],[5.378288,43.391144],[5.378283,43.391027],[5.378327,43.390891],[5.378324,43.390819],[5.378394,43.390719],[5.378532,43.390621],[5.378557,43.39063],[5.378604,43.390566],[5.378853,43.390466],[5.378787,43.390381],[5.378624,43.390457],[5.378587,43.390458]]],[[[5.376915,43.396349],[5.376841,43.39645],[5.376922,43.396459],[5.376853,43.39653],[5.376822,43.396585],[5.376841,43.396607],[5.376872,43.396593],[5.376889,43.396561],[5.376939,43.396569],[5.376958,43.396582],[5.376956,43.396623],[5.377003,43.39664],[5.377099,43.396575],[5.377161,43.396564],[5.37718,43.396596],[5.377119,43.396606],[5.377108,43.396642],[5.377127,43.396655],[5.377349,43.39665],[5.377422,43.396613],[5.37757,43.396609],[5.377593,43.396582],[5.377753,43.396569],[5.377835,43.396599],[5.377995,43.396744],[5.37822,43.39682],[5.378265,43.396851],[5.378247,43.396865],[5.378209,43.396847],[5.378178,43.396853],[5.378218,43.396906],[5.378268,43.396923],[5.378301,43.39698],[5.378337,43.396953],[5.378424,43.39696],[5.378431,43.396982],[5.378462,43.396995],[5.378611,43.39701],[5.378624,43.397027],[5.378743,43.397058],[5.378787,43.397048],[5.378789,43.397075],[5.378777,43.397084],[5.378678,43.397082],[5.378667,43.397087],[5.378739,43.397115],[5.378885,43.397085],[5.378959,43.397083],[5.379025,43.397107],[5.379057,43.397211],[5.379095,43.397237],[5.379065,43.397252],[5.379027,43.397216],[5.37899,43.397226],[5.378954,43.397189],[5.378906,43.397226],[5.378919,43.397262],[5.379147,43.39741],[5.379139,43.397455],[5.379197,43.397465],[5.379428,43.39737],[5.37947,43.397337],[5.379454,43.397248],[5.379404,43.397231],[5.379401,43.397168],[5.379461,43.39713],[5.379409,43.397051],[5.379294,43.396972],[5.379266,43.396883],[5.379221,43.396852],[5.379185,43.396862],[5.379109,43.396819],[5.379036,43.396838],[5.378976,43.396876],[5.378936,43.396813],[5.378875,43.396824],[5.378837,43.396798],[5.378825,43.396807],[5.378775,43.39679],[5.378739,43.396836],[5.378715,43.396836],[5.378671,43.396824],[5.378664,43.396801],[5.378553,43.396804],[5.378527,43.396777],[5.37849,43.396769],[5.378404,43.39678],[5.378384,43.39674],[5.378294,43.396661],[5.37828,43.396616],[5.37823,43.396617],[5.378241,43.396572],[5.378178,43.396547],[5.378188,43.396474],[5.378149,43.396448],[5.378134,43.396386],[5.378066,43.396383],[5.377952,43.396304],[5.377898,43.396346],[5.377921,43.396291],[5.377945,43.396282],[5.377938,43.396268],[5.377889,43.396278],[5.377813,43.396226],[5.377776,43.396227],[5.377741,43.396273],[5.377728,43.396255],[5.377642,43.396275],[5.377555,43.396259],[5.377459,43.396306],[5.377421,43.396298],[5.377349,43.396335],[5.377202,43.396366],[5.37698,43.39637],[5.376915,43.396349]],[[5.378733,43.396971],[5.378671,43.396972],[5.378627,43.396942],[5.378632,43.396928],[5.378663,43.396927],[5.378857,43.396986],[5.378888,43.397008],[5.378871,43.397022],[5.378796,43.397015],[5.378783,43.396988],[5.378733,43.396971]]],[[[5.377008,43.404194],[5.376998,43.4042],[5.377002,43.404223],[5.376996,43.404227],[5.376971,43.404228],[5.376944,43.404212],[5.376884,43.404221],[5.376853,43.404248],[5.376776,43.404261],[5.376739,43.404278],[5.376641,43.404283],[5.376555,43.404309],[5.376543,43.404317],[5.376468,43.404323],[5.376447,43.404329],[5.376358,43.404321],[5.376353,43.404317],[5.376293,43.404315],[5.376194,43.404282],[5.376157,43.404282],[5.376129,43.404266],[5.376117,43.404248],[5.376104,43.404239],[5.375975,43.404199],[5.375916,43.404172],[5.375895,43.404174],[5.375886,43.404187],[5.375888,43.404212],[5.375899,43.404219],[5.376183,43.404298],[5.376465,43.40435],[5.376457,43.404435],[5.376222,43.404434],[5.376105,43.40444],[5.375884,43.404463],[5.375729,43.404489],[5.375607,43.404519],[5.375607,43.404523],[5.375601,43.404528],[5.375466,43.404567],[5.375384,43.404603],[5.375343,43.404627],[5.375371,43.40465],[5.375411,43.404654],[5.375602,43.404592],[5.375713,43.404567],[5.375775,43.40456],[5.375866,43.404598],[5.375917,43.404625],[5.375942,43.404652],[5.375969,43.404668],[5.376085,43.404709],[5.376144,43.404718],[5.376349,43.404725],[5.376583,43.404692],[5.376754,43.404652],[5.376893,43.404598],[5.377095,43.404525],[5.377254,43.404479],[5.377352,43.404478],[5.377477,43.404505],[5.377539,43.404504],[5.377679,43.404573],[5.377867,43.404686],[5.377904,43.404694],[5.377966,43.404693],[5.377985,43.404709],[5.378002,43.404691],[5.37804,43.404691],[5.378302,43.404749],[5.378426,43.404773],[5.378522,43.404773],[5.378612,43.404769],[5.37877,43.40473],[5.378832,43.404737],[5.378847,43.404728],[5.379141,43.404722],[5.379365,43.404753],[5.379843,43.404829],[5.379908,43.404852],[5.380035,43.404856],[5.380173,43.404869],[5.380443,43.404843],[5.380515,43.404875],[5.380693,43.404927],[5.381016,43.404988],[5.381163,43.404944],[5.381356,43.404935],[5.381422,43.404925],[5.381425,43.40489],[5.381421,43.404861],[5.381406,43.404861],[5.381362,43.404879],[5.381245,43.404848],[5.381125,43.404867],[5.38084,43.404846],[5.380725,43.404805],[5.380624,43.404805],[5.380601,43.404754],[5.380527,43.404736],[5.38051,43.404693],[5.380404,43.404729],[5.380338,43.404712],[5.380289,43.404725],[5.380241,43.404758],[5.38013,43.404736],[5.380079,43.404738],[5.380024,43.404757],[5.37992,43.404732],[5.379814,43.404749],[5.379709,43.404701],[5.379273,43.40462],[5.379208,43.404621],[5.379143,43.404637],[5.379126,43.404594],[5.379023,43.404544],[5.378887,43.404562],[5.378752,43.404585],[5.378569,43.404671],[5.37851,43.404708],[5.378416,43.404683],[5.378437,43.404653],[5.378413,43.404644],[5.378384,43.404653],[5.378272,43.404596],[5.378284,43.404569],[5.378258,43.40456],[5.378223,43.404587],[5.378165,43.404584],[5.37816,43.404525],[5.378017,43.404448],[5.377971,43.404448],[5.377982,43.404413],[5.377967,43.404395],[5.377931,43.404377],[5.377903,43.404388],[5.377893,43.404396],[5.377857,43.404378],[5.377855,43.404333],[5.377782,43.404296],[5.377776,43.404246],[5.3777,43.40421],[5.377561,43.40419],[5.377484,43.404184],[5.377359,43.404151],[5.37729,43.40415],[5.377008,43.404194]]],[[[5.380851,43.409174],[5.380884,43.409218],[5.380864,43.40926],[5.380864,43.409278],[5.380877,43.409269],[5.3809,43.409214],[5.380928,43.409172],[5.381222,43.409171],[5.381324,43.4092],[5.381386,43.409198],[5.381389,43.409216],[5.381419,43.409256],[5.381482,43.409282],[5.381463,43.40931],[5.381461,43.409359],[5.381522,43.409344],[5.381531,43.409263],[5.38156,43.40923],[5.381579,43.409243],[5.381581,43.409288],[5.381559,43.409352],[5.381577,43.409386],[5.381623,43.409397],[5.381637,43.40944],[5.381662,43.409448],[5.381767,43.409412],[5.381694,43.409322],[5.381754,43.409294],[5.381783,43.409252],[5.381832,43.409242],[5.381845,43.40926],[5.381888,43.409255],[5.381899,43.409218],[5.381868,43.409215],[5.381855,43.409188],[5.381817,43.40918],[5.381656,43.409156],[5.381551,43.409137],[5.38139,43.409123],[5.381005,43.409068],[5.380968,43.409069],[5.380885,43.409151],[5.380851,43.409174]]],[[[5.379583,43.409481],[5.379745,43.409504],[5.380033,43.409606],[5.380243,43.40961],[5.380273,43.409624],[5.380358,43.40927],[5.380345,43.409253],[5.380257,43.409201],[5.380237,43.40917],[5.379572,43.409076],[5.379536,43.409081],[5.379501,43.409135],[5.379444,43.40929],[5.379402,43.409426],[5.379583,43.409481]]],[[[5.380345,43.409601],[5.380347,43.409641],[5.380417,43.409643],[5.38042,43.409575],[5.380488,43.409569],[5.380526,43.409586],[5.380587,43.409585],[5.380594,43.409607],[5.380565,43.40963],[5.380514,43.409595],[5.380465,43.409606],[5.380435,43.409638],[5.380454,43.409651],[5.380504,43.409668],[5.380726,43.409663],[5.380731,43.409631],[5.380706,43.409614],[5.380704,43.409578],[5.380753,43.409559],[5.380761,43.409459],[5.380784,43.409423],[5.38077,43.409369],[5.380652,43.409367],[5.380542,43.409388],[5.380472,43.40934],[5.380458,43.409282],[5.380422,43.409323],[5.380427,43.409431],[5.380416,43.409467],[5.380368,43.409504],[5.380345,43.409601]]],[[[5.380759,43.409703],[5.380741,43.409716],[5.380671,43.409696],[5.380643,43.409737],[5.380594,43.409738],[5.380394,43.409688],[5.380332,43.40968],[5.380326,43.409694],[5.380632,43.409773],[5.380718,43.409753],[5.380734,43.409843],[5.380757,43.409806],[5.380819,43.409814],[5.380879,43.409767],[5.380916,43.409767],[5.380911,43.409798],[5.38085,43.409827],[5.380851,43.409845],[5.38079,43.409892],[5.380908,43.409884],[5.380901,43.409852],[5.380967,43.409801],[5.381011,43.409832],[5.380987,43.409851],[5.381001,43.409869],[5.381111,43.409867],[5.381332,43.409844],[5.381475,43.409844],[5.381494,43.409857],[5.381469,43.409867],[5.38147,43.409885],[5.381525,43.409918],[5.381539,43.40993],[5.381521,43.40994],[5.381515,43.409949],[5.381522,43.409957],[5.381542,43.409948],[5.381545,43.409934],[5.381558,43.409936],[5.381557,43.409958],[5.381543,43.409984],[5.381573,43.41],[5.381574,43.410018],[5.381645,43.410075],[5.381668,43.410047],[5.381706,43.410055],[5.381753,43.410018],[5.381778,43.410027],[5.381802,43.410008],[5.381839,43.410007],[5.381886,43.409952],[5.382008,43.409896],[5.382064,43.409946],[5.382195,43.409954],[5.382207,43.409936],[5.382231,43.409936],[5.382344,43.40996],[5.38238,43.40995],[5.382406,43.409968],[5.382541,43.409956],[5.382641,43.40999],[5.382771,43.410008],[5.382976,43.410027],[5.383174,43.410032],[5.383199,43.410049],[5.383621,43.410094],[5.383769,43.410091],[5.383824,43.410076],[5.383767,43.410055],[5.383307,43.410016],[5.383235,43.410013],[5.383188,43.409992],[5.382769,43.409949],[5.382766,43.409877],[5.382775,43.409787],[5.382693,43.409764],[5.382656,43.409764],[5.382636,43.409718],[5.382623,43.4097],[5.3826,43.409736],[5.382569,43.409739],[5.382454,43.409643],[5.382337,43.409652],[5.382212,43.409756],[5.38218,43.409736],[5.382145,43.409736],[5.382154,43.409711],[5.382192,43.409719],[5.382241,43.409717],[5.382275,43.409654],[5.382275,43.409636],[5.382239,43.409626],[5.382225,43.409636],[5.382226,43.409673],[5.382152,43.409674],[5.382119,43.409755],[5.382108,43.409755],[5.382116,43.409682],[5.382044,43.40958],[5.38195,43.409543],[5.381925,43.409544],[5.381907,43.409565],[5.381888,43.409534],[5.381844,43.409512],[5.381807,43.409531],[5.381746,43.409532],[5.381658,43.409498],[5.381609,43.409508],[5.381589,43.409468],[5.381612,43.409441],[5.381592,43.40941],[5.381549,43.409415],[5.381551,43.40946],[5.381521,43.409483],[5.381497,43.409484],[5.381477,43.409462],[5.381494,43.409418],[5.381481,43.409412],[5.381426,43.409427],[5.381464,43.409444],[5.381459,43.409458],[5.381434,43.409449],[5.381398,43.409477],[5.381372,43.40946],[5.38136,43.409469],[5.381217,43.409431],[5.381216,43.409413],[5.381246,43.409399],[5.38134,43.409416],[5.38136,43.409412],[5.381387,43.4094],[5.381394,43.409393],[5.381369,43.409379],[5.381308,43.409389],[5.381288,43.409368],[5.381359,43.409367],[5.381343,43.409344],[5.381312,43.409342],[5.381286,43.409359],[5.381234,43.409357],[5.381178,43.409396],[5.381179,43.409423],[5.381149,43.409437],[5.381124,43.40942],[5.381099,43.40943],[5.381085,43.409396],[5.381013,43.409422],[5.381,43.409414],[5.380976,43.409432],[5.380865,43.409426],[5.380872,43.409457],[5.380854,43.409471],[5.380817,43.409463],[5.380799,43.409486],[5.38078,43.409612],[5.380745,43.409676],[5.380759,43.409703]],[[5.382087,43.409872],[5.381653,43.409829],[5.381554,43.409829],[5.381559,43.409806],[5.381634,43.409814],[5.381645,43.409796],[5.382023,43.409839],[5.382073,43.409838],[5.382084,43.409815],[5.382084,43.409784],[5.382095,43.409775],[5.382108,43.409776],[5.382107,43.409837],[5.382087,43.409872]]],[[[5.380757,43.409883],[5.380716,43.409875],[5.380705,43.409893],[5.380766,43.409893],[5.380757,43.409883]]]],"type":"MultiPolygon"},"properties":{"zoneCode":"ROUGE","zoneLabel":"Titre 5 - Zone Rouge (aléa fort à très fort, ou zone peu/pas urbanisée)","zoneColor":"#C62828","codeZone":"R","typeReg":"03"}},{"type":"Feature","geometry":{"coordinates":[[[[5.350274,43.382702],[5.350277,43.382774],[5.350303,43.382818],[5.350367,43.382862],[5.350355,43.38288],[5.350409,43.382987],[5.350397,43.383005],[5.350435,43.383031],[5.350515,43.383173],[5.350493,43.383228],[5.350555,43.383253],[5.350634,43.38336],[5.350702,43.383381],[5.350717,43.383286],[5.350702,43.383223],[5.350581,43.382983],[5.35053,43.38293],[5.35054,43.382889],[5.350503,43.382872],[5.350503,43.382877],[5.350497,43.382881],[5.350491,43.382877],[5.35049,43.382872],[5.350427,43.382842],[5.350398,43.382735],[5.350389,43.382501],[5.350364,43.382497],[5.350354,43.382556],[5.350319,43.382593],[5.350309,43.382656],[5.350274,43.382702]]],[[[5.350757,43.383654],[5.350807,43.383676],[5.350829,43.383612],[5.350814,43.383549],[5.350762,43.383474],[5.350705,43.383453],[5.350676,43.383485],[5.350691,43.383548],[5.350757,43.383654]]],[[[5.359106,43.386551],[5.359091,43.38647],[5.359162,43.386396],[5.359136,43.38637],[5.359132,43.386326],[5.359097,43.386326],[5.359121,43.386307],[5.359131,43.386262],[5.359167,43.386234],[5.359165,43.38618],[5.359076,43.386119],[5.359063,43.38595],[5.359021,43.385926],[5.358988,43.385927],[5.358975,43.385932],[5.358968,43.38595],[5.358952,43.385854],[5.358945,43.385856],[5.358867,43.38584],[5.358888,43.386033],[5.359073,43.386641],[5.359107,43.386708],[5.35917,43.386694],[5.359106,43.386551]]],[[[5.353399,43.386562],[5.353455,43.38657],[5.353388,43.386503],[5.353375,43.386511],[5.353315,43.386464],[5.353399,43.386562]]],[[[5.353263,43.386696],[5.353396,43.386778],[5.353457,43.386777],[5.353476,43.38679],[5.353456,43.386821],[5.353544,43.38681],[5.35363,43.386782],[5.353654,43.38679],[5.353654,43.38676],[5.353639,43.386745],[5.353509,43.386621],[5.353509,43.386629],[5.353498,43.386632],[5.353445,43.386586],[5.353299,43.386561],[5.353288,43.386565],[5.353263,43.386696]]],[[[5.353538,43.386933],[5.35356,43.386947],[5.353578,43.386849],[5.353534,43.38686],[5.353538,43.386933]]],[[[5.353468,43.387195],[5.353396,43.387242],[5.353397,43.387269],[5.353442,43.387299],[5.353478,43.387272],[5.353503,43.38727],[5.353515,43.387274],[5.353506,43.387292],[5.353507,43.387315],[5.353515,43.387318],[5.353519,43.38729],[5.353523,43.38715],[5.353547,43.387018],[5.353461,43.387027],[5.353428,43.387046],[5.353458,43.38706],[5.353459,43.387087],[5.353429,43.387142],[5.353468,43.387195]]],[[[5.353383,43.387468],[5.35341,43.387519],[5.353462,43.38744],[5.353477,43.387405],[5.353437,43.387427],[5.353383,43.387468]]],[[[5.359857,43.387625],[5.35987,43.387629],[5.35989,43.387626],[5.359917,43.3876],[5.360012,43.387535],[5.36002,43.387522],[5.360015,43.387482],[5.359999,43.387475],[5.359975,43.387476],[5.359963,43.38748],[5.359911,43.387514],[5.359853,43.387596],[5.359848,43.387612],[5.359857,43.387625]]],[[[5.353177,43.387931],[5.35317,43.38794],[5.353087,43.387954],[5.353319,43.387949],[5.353312,43.387871],[5.35326,43.387848],[5.353237,43.387791],[5.353236,43.387757],[5.353164,43.387764],[5.353101,43.38786],[5.353177,43.387931]]],[[[5.359962,43.38778],[5.359955,43.387767],[5.35994,43.387754],[5.3599,43.387728],[5.359841,43.387727],[5.359892,43.387791],[5.359893,43.387783],[5.3599,43.387777],[5.359946,43.387775],[5.359956,43.38778],[5.359962,43.38778]]],[[[5.352979,43.388172],[5.35317,43.388196],[5.353195,43.388214],[5.353393,43.388227],[5.353454,43.388217],[5.353448,43.388199],[5.353441,43.388199],[5.353435,43.388195],[5.353435,43.388191],[5.352966,43.388078],[5.352954,43.388093],[5.352979,43.388172]]],[[[5.360781,43.388447],[5.360742,43.38843],[5.360745,43.388421],[5.36074,43.388418],[5.360679,43.388428],[5.360666,43.388426],[5.360647,43.388417],[5.360496,43.388496],[5.36047,43.388521],[5.360541,43.388576],[5.360634,43.388527],[5.360667,43.388534],[5.360677,43.388515],[5.360694,43.388497],[5.360747,43.388499],[5.360834,43.388539],[5.360757,43.38852],[5.360683,43.388537],[5.360686,43.388549],[5.360762,43.388585],[5.360786,43.38859],[5.360821,43.388591],[5.360872,43.388617],[5.36086,43.388639],[5.360892,43.388665],[5.360972,43.388713],[5.361001,43.388718],[5.361041,43.388746],[5.361066,43.388753],[5.361088,43.388775],[5.361152,43.388796],[5.361235,43.388856],[5.361263,43.388856],[5.361285,43.388873],[5.361301,43.388873],[5.36131,43.388889],[5.361323,43.388882],[5.361437,43.388766],[5.36121,43.388651],[5.360994,43.388582],[5.361018,43.388581],[5.361169,43.38861],[5.361222,43.388642],[5.361297,43.388658],[5.361451,43.388751],[5.361467,43.388736],[5.361641,43.388848],[5.361659,43.388832],[5.361475,43.388727],[5.361392,43.38867],[5.361346,43.388648],[5.36092,43.388496],[5.360808,43.388471],[5.360781,43.388447]]],[[[5.353023,43.388236],[5.352937,43.388237],[5.352865,43.388432],[5.352793,43.388479],[5.352783,43.388542],[5.352698,43.388589],[5.352701,43.388643],[5.352809,43.388717],[5.352807,43.388672],[5.352893,43.38867],[5.353012,43.388717],[5.352978,43.388781],[5.35296,43.388795],[5.35291,43.388796],[5.352893,43.388819],[5.352912,43.388841],[5.352937,43.388831],[5.352981,43.388862],[5.352982,43.38888],[5.352934,43.388917],[5.352936,43.388971],[5.352906,43.388985],[5.352783,43.388988],[5.352734,43.389016],[5.352586,43.389001],[5.352543,43.389024],[5.352455,43.389269],[5.352462,43.389301],[5.352512,43.389309],[5.352544,43.38933],[5.352546,43.389384],[5.352521,43.389394],[5.352499,43.389439],[5.35249,43.38953],[5.352432,43.38963],[5.352435,43.389693],[5.352498,43.389727],[5.352463,43.389764],[5.35254,43.389844],[5.352504,43.38988],[5.352505,43.389907],[5.3526,43.389955],[5.35276,43.389942],[5.352783,43.389915],[5.352791,43.389946],[5.35275,43.389997],[5.353046,43.38999],[5.353125,43.389975],[5.353086,43.389931],[5.353159,43.389893],[5.353167,43.389785],[5.353077,43.389705],[5.353069,43.389702],[5.353064,43.389674],[5.353111,43.38962],[5.353134,43.389562],[5.353082,43.389526],[5.353117,43.38948],[5.353089,43.3894],[5.353209,43.389307],[5.353207,43.389253],[5.353144,43.389218],[5.353178,43.389155],[5.353174,43.389065],[5.353148,43.38902],[5.353183,43.388975],[5.35319,43.38883],[5.353213,43.388812],[5.3532,43.388785],[5.353223,43.388749],[5.353197,43.388713],[5.353218,43.388632],[5.35319,43.388551],[5.353198,43.388425],[5.353226,43.388366],[5.353366,43.388314],[5.353023,43.388236]],[[5.352618,43.389495],[5.352674,43.389499],[5.352572,43.389577],[5.352538,43.389493],[5.35256,43.389434],[5.352618,43.389495]]],[[[5.362108,43.389522],[5.362105,43.389445],[5.362086,43.389445],[5.362039,43.389466],[5.362038,43.389478],[5.362083,43.389498],[5.362101,43.389522],[5.362108,43.389522]]],[[[5.362695,43.390108],[5.362727,43.390121],[5.362805,43.390079],[5.362804,43.390061],[5.36279,43.390046],[5.362738,43.390041],[5.362704,43.390018],[5.362574,43.389779],[5.362539,43.389738],[5.3625,43.389746],[5.362536,43.389833],[5.362593,43.389892],[5.362606,43.389931],[5.362669,43.390064],[5.362695,43.390108]]],[[[5.352873,43.390142],[5.352849,43.390161],[5.352853,43.390269],[5.352824,43.390458],[5.352801,43.390486],[5.352803,43.390553],[5.352828,43.390553],[5.352857,43.39035],[5.352892,43.390313],[5.352877,43.390232],[5.352923,43.390002],[5.352869,43.390043],[5.352883,43.390088],[5.352873,43.390142]]],[[[5.362488,43.390057],[5.362569,43.39014],[5.362629,43.390308],[5.362689,43.390338],[5.362741,43.390409],[5.362761,43.390418],[5.36276,43.390407],[5.362734,43.39035],[5.362698,43.390305],[5.362693,43.390261],[5.362616,43.390181],[5.362536,43.390048],[5.362328,43.389764],[5.36232,43.389764],[5.362371,43.389907],[5.362488,43.390057]]],[[[5.362997,43.390543],[5.363011,43.390597],[5.363056,43.390657],[5.363129,43.390756],[5.363232,43.390862],[5.363221,43.39088],[5.363326,43.3909],[5.363356,43.390877],[5.363355,43.39085],[5.363216,43.390763],[5.363086,43.390613],[5.363059,43.390557],[5.363025,43.390568],[5.363002,43.390536],[5.363039,43.390525],[5.363021,43.39049],[5.363006,43.390471],[5.362956,43.390454],[5.362941,43.390391],[5.36289,43.390347],[5.36285,43.390281],[5.362825,43.390259],[5.362824,43.390232],[5.362811,43.390221],[5.362786,43.390218],[5.362776,43.390225],[5.362812,43.390307],[5.362827,43.390322],[5.362959,43.390517],[5.362997,43.390543]]],[[[5.363146,43.391021],[5.363277,43.391065],[5.363289,43.391061],[5.363211,43.390939],[5.363169,43.390935],[5.363119,43.39095],[5.363089,43.390973],[5.36309,43.391],[5.363109,43.391022],[5.363146,43.391021]]],[[[5.36364,43.391197],[5.363647,43.391219],[5.363666,43.391225],[5.363689,43.391224],[5.363736,43.391269],[5.363754,43.391273],[5.363773,43.391268],[5.363786,43.391257],[5.363785,43.391248],[5.36373,43.391193],[5.363615,43.391096],[5.363447,43.390974],[5.363427,43.390944],[5.363407,43.390934],[5.363389,43.390937],[5.363379,43.390944],[5.363362,43.39097],[5.363373,43.390985],[5.363564,43.391124],[5.36364,43.391197]]],[[[5.363381,43.391531],[5.363391,43.391539],[5.36343,43.391539],[5.363477,43.391564],[5.363544,43.391552],[5.363518,43.391521],[5.363525,43.39144],[5.363477,43.391447],[5.363415,43.391445],[5.36339,43.391437],[5.363371,43.391419],[5.363358,43.391415],[5.363372,43.391446],[5.363434,43.391456],[5.36344,43.391463],[5.363352,43.391509],[5.363353,43.391531],[5.363381,43.391531]]],[[[5.364119,43.392307],[5.364087,43.392148],[5.364076,43.392141],[5.364044,43.392145],[5.36397,43.39217],[5.364087,43.392399],[5.364086,43.392384],[5.364059,43.392326],[5.36406,43.392295],[5.364074,43.392288],[5.3641,43.392305],[5.364119,43.392307]]],[[[5.352574,43.392923],[5.352594,43.392937],[5.352565,43.392899],[5.352574,43.392923]]],[[[5.364058,43.403611],[5.364076,43.403597],[5.364133,43.403488],[5.364131,43.403425],[5.364081,43.403408],[5.364135,43.403384],[5.364165,43.403352],[5.364164,43.403334],[5.36412,43.403303],[5.364044,43.403269],[5.363965,43.403298],[5.363955,43.403361],[5.363982,43.403419],[5.363971,43.403455],[5.363923,43.403479],[5.363904,43.403605],[5.364058,43.403611]]],[[[5.376579,43.39011],[5.376589,43.390083],[5.376619,43.390048],[5.376637,43.390046],[5.376692,43.389979],[5.376696,43.389958],[5.376676,43.389959],[5.376604,43.390014],[5.376605,43.390051],[5.376579,43.390069],[5.376548,43.390068],[5.376535,43.390058],[5.376506,43.390085],[5.376505,43.390103],[5.376467,43.390121],[5.376433,43.390141],[5.376372,43.390196],[5.376311,43.390224],[5.37632,43.390247],[5.376369,43.390246],[5.376405,43.390227],[5.376477,43.390162],[5.376579,43.39011]]],[[[5.375978,43.390836],[5.375928,43.390848],[5.375903,43.390822],[5.37586,43.390836],[5.375806,43.390832],[5.375718,43.390797],[5.375651,43.390788],[5.375552,43.390795],[5.375516,43.390813],[5.375454,43.390797],[5.375417,43.390806],[5.375391,43.39078],[5.375305,43.390791],[5.375299,43.390778],[5.37535,43.390735],[5.375377,43.390705],[5.375343,43.390713],[5.375315,43.390728],[5.375268,43.390774],[5.375243,43.390774],[5.375192,43.39073],[5.375154,43.390753],[5.375148,43.390771],[5.375044,43.390839],[5.374941,43.390934],[5.374892,43.390944],[5.374793,43.390937],[5.374659,43.390976],[5.374629,43.390999],[5.374655,43.391026],[5.374643,43.391044],[5.374594,43.391054],[5.374608,43.391081],[5.374559,43.3911],[5.374561,43.391136],[5.374519,43.391168],[5.374482,43.391178],[5.374407,43.391153],[5.374372,43.391153],[5.374315,43.391175],[5.374313,43.391222],[5.374281,43.391256],[5.374214,43.391256],[5.374222,43.391305],[5.374107,43.391357],[5.373933,43.391325],[5.373783,43.391274],[5.373698,43.391263],[5.37361,43.391269],[5.373596,43.391242],[5.373536,43.391256],[5.373461,43.391245],[5.373242,43.391331],[5.373201,43.391373],[5.373197,43.391431],[5.373147,43.391432],[5.373083,43.391371],[5.37304,43.39142],[5.373118,43.391512],[5.373083,43.391611],[5.373056,43.39165],[5.373042,43.391703],[5.373043,43.391715],[5.373069,43.391776],[5.373137,43.391757],[5.373128,43.391698],[5.373149,43.391626],[5.373174,43.391616],[5.373172,43.39158],[5.373253,43.391523],[5.373348,43.391474],[5.373369,43.391427],[5.373522,43.391379],[5.373534,43.39137],[5.373633,43.391331],[5.37378,43.391328],[5.37401,43.391407],[5.374098,43.39141],[5.374177,43.391399],[5.374258,43.391392],[5.374283,43.391366],[5.374335,43.39134],[5.374515,43.391228],[5.374673,43.391143],[5.374731,43.391122],[5.374758,43.391106],[5.37482,43.391081],[5.374889,43.391066],[5.374897,43.391067],[5.374915,43.391052],[5.374927,43.391033],[5.374987,43.390987],[5.375007,43.391007],[5.375043,43.391004],[5.375068,43.391021],[5.375117,43.391002],[5.375197,43.391009],[5.375339,43.390997],[5.375463,43.39103],[5.375559,43.390956],[5.375645,43.390936],[5.375655,43.390941],[5.375656,43.39095],[5.375634,43.390987],[5.37562,43.391022],[5.375635,43.391036],[5.375649,43.391037],[5.375667,43.391027],[5.375687,43.391053],[5.375772,43.391024],[5.375802,43.391031],[5.375806,43.391019],[5.375833,43.391004],[5.37587,43.391013],[5.375874,43.390985],[5.375929,43.390952],[5.376015,43.390941],[5.376047,43.390959],[5.376051,43.390993],[5.37619,43.390982],[5.376204,43.390962],[5.375978,43.390836]]],[[[5.364312,43.391956],[5.364297,43.392003],[5.364317,43.392014],[5.36433,43.392014],[5.364347,43.391964],[5.364375,43.391973],[5.364402,43.391988],[5.364414,43.392032],[5.364476,43.391996],[5.364476,43.391972],[5.364436,43.391962],[5.364352,43.391948],[5.364338,43.391936],[5.364383,43.391877],[5.364538,43.391715],[5.364459,43.391573],[5.364414,43.391542],[5.364241,43.391528],[5.364192,43.391538],[5.364093,43.391689],[5.36401,43.391772],[5.364025,43.391825],[5.364125,43.391868],[5.364127,43.391892],[5.364073,43.391945],[5.364087,43.391998],[5.364079,43.392104],[5.364098,43.392092],[5.364158,43.39209],[5.36418,43.392051],[5.364165,43.391988],[5.36417,43.391979],[5.364312,43.391956]]],[[[5.372858,43.392169],[5.372869,43.392167],[5.372875,43.392149],[5.37282,43.392148],[5.372858,43.392169]]],[[[5.367003,43.392748],[5.366991,43.392717],[5.367006,43.392715],[5.36701,43.392746],[5.367046,43.392707],[5.367052,43.392673],[5.367069,43.392671],[5.367103,43.392699],[5.367133,43.392694],[5.367138,43.392617],[5.367147,43.392597],[5.367157,43.392592],[5.367147,43.392614],[5.367205,43.392682],[5.367412,43.39271],[5.367556,43.39277],[5.367621,43.392705],[5.367732,43.392694],[5.367805,43.392665],[5.36784,43.392629],[5.367867,43.392673],[5.367902,43.392627],[5.367976,43.392626],[5.368011,43.39258],[5.368123,43.392586],[5.36813,43.39246],[5.368292,43.392502],[5.368439,43.392489],[5.368458,43.392503],[5.368448,43.392548],[5.368467,43.392561],[5.368553,43.392541],[5.368689,43.392556],[5.368713,43.39238],[5.368545,43.392361],[5.368448,43.392399],[5.368373,43.392383],[5.368225,43.392386],[5.368206,43.392373],[5.368185,43.392297],[5.367878,43.39234],[5.367818,43.392377],[5.367682,43.39238],[5.367573,43.392418],[5.367537,43.392455],[5.367506,43.392442],[5.367485,43.392402],[5.367412,43.392404],[5.36742,43.392453],[5.367385,43.392499],[5.367342,43.392513],[5.367315,43.392451],[5.367229,43.392462],[5.367191,43.392436],[5.367129,43.392437],[5.367106,43.392474],[5.367031,43.392448],[5.366947,43.392504],[5.36686,43.392488],[5.366864,43.392447],[5.36683,43.392372],[5.366806,43.392381],[5.36673,43.392338],[5.366705,43.392338],[5.366669,43.392348],[5.366633,43.392385],[5.366609,43.392385],[5.366557,43.392342],[5.36654,43.392373],[5.366549,43.392589],[5.366531,43.392612],[5.366449,43.392546],[5.366432,43.392448],[5.366357,43.392413],[5.366366,43.39235],[5.366323,43.392356],[5.366272,43.392312],[5.366127,43.392387],[5.366065,43.392379],[5.366017,43.392407],[5.365998,43.392394],[5.366015,43.392362],[5.366107,43.392347],[5.366118,43.392311],[5.366099,43.392298],[5.366001,43.392327],[5.365405,43.392223],[5.364985,43.392232],[5.3649,43.392112],[5.364869,43.392105],[5.364842,43.392044],[5.364793,43.392056],[5.364725,43.392028],[5.364702,43.392034],[5.364688,43.392045],[5.364667,43.392047],[5.364644,43.392032],[5.364595,43.392042],[5.36453,43.39212],[5.364486,43.392238],[5.364501,43.392301],[5.364445,43.392307],[5.364391,43.392339],[5.364423,43.392361],[5.364497,43.39236],[5.364504,43.392377],[5.364547,43.392377],[5.364573,43.392412],[5.364763,43.392477],[5.364875,43.392403],[5.36488,43.39239],[5.364792,43.392319],[5.364835,43.392239],[5.364842,43.392237],[5.364854,43.392244],[5.364931,43.392314],[5.364943,43.392316],[5.365141,43.392328],[5.365169,43.392395],[5.365177,43.392399],[5.3652,43.392403],[5.365208,43.392394],[5.365187,43.392327],[5.36531,43.392324],[5.365354,43.392345],[5.365369,43.392413],[5.365385,43.392401],[5.365457,43.392402],[5.365461,43.392408],[5.365474,43.392405],[5.365624,43.392452],[5.365683,43.392485],[5.365719,43.392489],[5.365886,43.392582],[5.366039,43.392641],[5.36628,43.392658],[5.366302,43.392656],[5.366324,43.392658],[5.366334,43.392663],[5.366579,43.392684],[5.366595,43.392731],[5.366592,43.392737],[5.366637,43.392779],[5.366663,43.392785],[5.366792,43.392783],[5.366807,43.392773],[5.367025,43.392769],[5.367031,43.392758],[5.367003,43.392748]]],[[[5.369109,43.392545],[5.369106,43.392434],[5.369066,43.392431],[5.369028,43.392396],[5.368846,43.392394],[5.368912,43.39243],[5.368971,43.392505],[5.369109,43.392545]]],[[[5.372957,43.39509],[5.373202,43.395157],[5.37323,43.395154],[5.373248,43.395129],[5.373262,43.395085],[5.37324,43.395065],[5.373202,43.395079],[5.373152,43.395072],[5.37311,43.395055],[5.373068,43.395032],[5.372957,43.39509]]],[[[5.374802,43.395032],[5.374906,43.395053],[5.375047,43.395139],[5.37506,43.395157],[5.375043,43.395189],[5.375117,43.395196],[5.375147,43.395173],[5.375158,43.395137],[5.375131,43.395092],[5.374985,43.394983],[5.374935,43.394975],[5.374911,43.394994],[5.374874,43.394995],[5.374774,43.39497],[5.374755,43.394943],[5.374725,43.39498],[5.374683,43.394994],[5.374678,43.395035],[5.374727,43.395025],[5.374753,43.395042],[5.374802,43.395032]]],[[[5.375813,43.395486],[5.375826,43.395492],[5.375904,43.395473],[5.375926,43.395455],[5.375932,43.395438],[5.375914,43.395431],[5.375239,43.395264],[5.375228,43.395246],[5.375221,43.395247],[5.375207,43.395284],[5.375139,43.395217],[5.375068,43.395215],[5.375052,43.395256],[5.375115,43.395318],[5.375034,43.395295],[5.374989,43.395287],[5.375044,43.395342],[5.375043,43.395355],[5.375019,43.395365],[5.375029,43.395371],[5.375078,43.395365],[5.375106,43.395381],[5.375108,43.395405],[5.37512,43.395414],[5.375091,43.395424],[5.375068,43.395442],[5.375254,43.39544],[5.375287,43.395418],[5.375309,43.395415],[5.37533,43.395426],[5.375399,43.395444],[5.375414,43.395444],[5.375458,43.395407],[5.375454,43.39538],[5.375419,43.395366],[5.375455,43.395373],[5.375546,43.395406],[5.375801,43.395457],[5.375813,43.395486]],[[5.375222,43.395328],[5.375213,43.395333],[5.375191,43.395334],[5.375204,43.395326],[5.375222,43.395328]],[[5.375299,43.395408],[5.375292,43.395357],[5.375304,43.395343],[5.37536,43.395353],[5.375299,43.395408]]],[[[5.376013,43.395593],[5.376035,43.395582],[5.376045,43.39557],[5.376024,43.395552],[5.375994,43.395559],[5.375965,43.395569],[5.375963,43.395643],[5.375968,43.395658],[5.376054,43.395674],[5.376056,43.395663],[5.376046,43.395662],[5.376007,43.395635],[5.376013,43.395593]]],[[[5.375591,43.395627],[5.375567,43.395636],[5.375454,43.395594],[5.37534,43.395524],[5.375266,43.395508],[5.37524,43.395482],[5.374979,43.395433],[5.37484,43.395355],[5.374803,43.395356],[5.374593,43.395221],[5.374629,43.395175],[5.374585,43.395172],[5.374547,43.395137],[5.374522,43.395137],[5.374463,43.395098],[5.374468,43.395072],[5.374515,43.395017],[5.374485,43.394999],[5.374444,43.395018],[5.374436,43.395029],[5.374458,43.395058],[5.374442,43.39507],[5.374382,43.395032],[5.374247,43.395062],[5.37416,43.395046],[5.374027,43.395094],[5.373931,43.395168],[5.373894,43.395178],[5.373807,43.395144],[5.373772,43.395199],[5.373697,43.395191],[5.373667,43.395215],[5.373651,43.395264],[5.373511,43.395284],[5.373379,43.395252],[5.373335,43.395222],[5.373308,43.395168],[5.373272,43.395158],[5.373272,43.395138],[5.373259,43.395142],[5.373215,43.395181],[5.373138,43.395163],[5.373106,43.395168],[5.372993,43.395148],[5.372966,43.395117],[5.372922,43.395108],[5.372793,43.395174],[5.372738,43.395191],[5.372737,43.395207],[5.372759,43.395269],[5.372773,43.39527],[5.37279,43.395274],[5.372811,43.395271],[5.37281,43.395245],[5.372823,43.395229],[5.372848,43.395237],[5.372908,43.395209],[5.37297,43.395207],[5.373013,43.395192],[5.373027,43.395191],[5.373053,43.395209],[5.373094,43.395216],[5.37317,43.395245],[5.373209,43.395265],[5.373194,43.39528],[5.373277,43.395313],[5.373304,43.395376],[5.373335,43.395388],[5.373409,43.395387],[5.373472,43.395412],[5.373614,43.395409],[5.374004,43.395262],[5.373952,43.395235],[5.373969,43.395203],[5.374129,43.395191],[5.374149,43.395217],[5.374174,43.395217],[5.374245,43.395198],[5.374268,43.395172],[5.374326,43.395169],[5.374343,43.395187],[5.374445,43.395211],[5.37453,43.395269],[5.374533,43.395283],[5.374519,43.395291],[5.374548,43.395312],[5.374537,43.395348],[5.374644,43.395405],[5.374706,43.395412],[5.374744,43.395438],[5.375007,43.395514],[5.37502,43.395549],[5.37506,43.395549],[5.37509,43.395524],[5.375095,43.395562],[5.375148,43.395561],[5.375171,43.395567],[5.37522,43.395599],[5.375398,43.395645],[5.375401,43.395676],[5.375517,43.395688],[5.375548,43.395685],[5.375552,43.395661],[5.375559,43.395661],[5.375557,43.395683],[5.375579,43.395698],[5.375678,43.395734],[5.375706,43.395723],[5.375726,43.395744],[5.375754,43.395744],[5.375796,43.395734],[5.375841,43.395743],[5.375894,43.395747],[5.375918,43.395754],[5.375947,43.395771],[5.375957,43.395786],[5.375958,43.395807],[5.376083,43.395853],[5.376076,43.395864],[5.376102,43.395881],[5.376117,43.395939],[5.376163,43.395969],[5.37618,43.395999],[5.376231,43.396031],[5.376249,43.396069],[5.376247,43.3961],[5.376285,43.39615],[5.376317,43.396147],[5.376396,43.396253],[5.37646,43.396323],[5.376563,43.396375],[5.3768,43.396442],[5.376841,43.39645],[5.376905,43.396363],[5.376844,43.396346],[5.376835,43.396359],[5.376826,43.396357],[5.376826,43.396347],[5.376818,43.39634],[5.376775,43.396322],[5.37677,43.396298],[5.376613,43.396238],[5.376482,43.396116],[5.376481,43.396098],[5.376505,43.396088],[5.376456,43.396062],[5.376414,43.395959],[5.376425,43.395907],[5.376421,43.395838],[5.37637,43.395812],[5.376356,43.395759],[5.376324,43.395737],[5.376216,43.395693],[5.376162,43.395695],[5.376092,43.395656],[5.376073,43.395705],[5.376039,43.395707],[5.37592,43.395674],[5.375827,43.395658],[5.375816,43.395685],[5.375742,43.395687],[5.375704,43.395651],[5.375591,43.395627]],[[5.376768,43.3964],[5.376749,43.396399],[5.376698,43.39638],[5.376691,43.396368],[5.376754,43.396393],[5.37678,43.396394],[5.376768,43.3964]]],[[[5.365489,43.399734],[5.365486,43.399847],[5.365496,43.399852],[5.365491,43.399868],[5.365473,43.399883],[5.36548,43.400099],[5.365463,43.400116],[5.365401,43.400221],[5.36529,43.400292],[5.365279,43.400319],[5.365251,43.400358],[5.365265,43.400394],[5.365303,43.400411],[5.365231,43.400457],[5.365269,43.400475],[5.365288,43.400506],[5.365347,43.400441],[5.365434,43.400439],[5.365459,43.400457],[5.365521,43.400465],[5.3656,43.400431],[5.365623,43.400377],[5.365578,43.400355],[5.365548,43.400354],[5.365493,43.400375],[5.36549,43.400353],[5.365498,43.400346],[5.365504,43.400328],[5.365494,43.400334],[5.365492,43.400345],[5.365489,43.400335],[5.365554,43.400198],[5.365556,43.400187],[5.365574,43.400156],[5.365573,43.400171],[5.365562,43.400189],[5.365563,43.400198],[5.365569,43.400194],[5.365593,43.40015],[5.365635,43.399924],[5.365627,43.399652],[5.36552,43.399552],[5.365521,43.399563],[5.365531,43.399567],[5.365534,43.399574],[5.365531,43.39958],[5.365522,43.399585],[5.365522,43.399628],[5.365502,43.399655],[5.365488,43.399658],[5.365494,43.39967],[5.365492,43.399723],[5.365495,43.399723],[5.365489,43.399734]]],[[[5.365588,43.400215],[5.365617,43.400233],[5.365605,43.40026],[5.36564,43.400286],[5.365638,43.400296],[5.365683,43.400295],[5.365673,43.400277],[5.365676,43.400275],[5.36569,43.400276],[5.365692,43.400293],[5.365713,43.400295],[5.365726,43.400292],[5.365735,43.400284],[5.365734,43.400258],[5.365749,43.400237],[5.365798,43.400228],[5.365807,43.400206],[5.365896,43.400217],[5.36597,43.400213],[5.365971,43.400199],[5.365955,43.40019],[5.365935,43.400163],[5.365943,43.400055],[5.365916,43.400019],[5.365872,43.399998],[5.365774,43.400009],[5.365755,43.399991],[5.365684,43.40007],[5.365623,43.400098],[5.36562,43.400125],[5.36565,43.400142],[5.365601,43.400161],[5.365588,43.400215]]],[[[5.365276,43.400663],[5.365296,43.400703],[5.36531,43.400702],[5.36537,43.400652],[5.365429,43.40057],[5.365437,43.40055],[5.365439,43.400525],[5.365463,43.400497],[5.365436,43.400463],[5.3654,43.400463],[5.365393,43.400467],[5.365338,43.400543],[5.365317,43.40059],[5.365326,43.400617],[5.365276,43.400663]]],[[[5.364802,43.400743],[5.364709,43.400889],[5.364672,43.400908],[5.364673,43.400922],[5.364698,43.40094],[5.3647,43.401],[5.364682,43.401014],[5.364664,43.401016],[5.36466,43.401022],[5.364632,43.401028],[5.364618,43.401026],[5.364619,43.401031],[5.364637,43.401032],[5.364723,43.401009],[5.364674,43.401037],[5.36462,43.401153],[5.364617,43.401176],[5.364601,43.401179],[5.364587,43.401168],[5.364538,43.401179],[5.364521,43.401211],[5.364547,43.401237],[5.364565,43.401381],[5.364445,43.401464],[5.36444,43.401491],[5.364479,43.401544],[5.364396,43.401597],[5.364331,43.401672],[5.364304,43.40176],[5.364265,43.401852],[5.364274,43.401891],[5.364245,43.401944],[5.364229,43.401954],[5.364199,43.402064],[5.364156,43.402412],[5.364138,43.402471],[5.364125,43.40255],[5.364115,43.402642],[5.364096,43.402711],[5.364062,43.402958],[5.364024,43.403017],[5.364017,43.403054],[5.364032,43.403067],[5.364034,43.403103],[5.364003,43.403148],[5.364001,43.403168],[5.363988,43.403185],[5.363986,43.403193],[5.364009,43.40322],[5.364083,43.403264],[5.364112,43.403293],[5.364128,43.403299],[5.364146,43.403289],[5.364176,43.403262],[5.364154,43.403217],[5.364171,43.403163],[5.364167,43.403154],[5.364104,43.403083],[5.364176,43.403037],[5.364201,43.402991],[5.3642,43.402937],[5.364109,43.402885],[5.364111,43.402867],[5.364247,43.402864],[5.364264,43.402889],[5.364254,43.40265],[5.36425,43.402635],[5.364241,43.402626],[5.364234,43.40254],[5.36424,43.40254],[5.364282,43.402305],[5.364298,43.40228],[5.364304,43.402242],[5.364321,43.40221],[5.364349,43.40213],[5.364392,43.401979],[5.364423,43.401927],[5.364434,43.401891],[5.364456,43.401844],[5.36443,43.401861],[5.364382,43.401835],[5.364447,43.401798],[5.364517,43.401711],[5.364528,43.401649],[5.364548,43.401627],[5.364536,43.401615],[5.364546,43.4016],[5.364582,43.401573],[5.364583,43.401494],[5.364579,43.401476],[5.364587,43.401465],[5.364627,43.401455],[5.364679,43.40141],[5.36468,43.401387],[5.364673,43.401369],[5.364681,43.401333],[5.364694,43.401317],[5.364671,43.401304],[5.364653,43.401302],[5.364649,43.40129],[5.364706,43.401264],[5.364733,43.401256],[5.364773,43.401183],[5.364884,43.401172],[5.364912,43.401121],[5.364906,43.401105],[5.364861,43.401078],[5.364867,43.401055],[5.364769,43.401084],[5.364734,43.40108],[5.364754,43.401013],[5.364766,43.400998],[5.364779,43.400998],[5.364841,43.401024],[5.364851,43.401022],[5.364847,43.401014],[5.364815,43.400988],[5.364778,43.400971],[5.364787,43.400969],[5.364789,43.400958],[5.364769,43.400953],[5.364769,43.400936],[5.364862,43.400828],[5.364885,43.400792],[5.364921,43.400755],[5.364921,43.400734],[5.365014,43.400627],[5.365014,43.40061],[5.364995,43.400622],[5.3649,43.400723],[5.364882,43.400732],[5.36487,43.400722],[5.364871,43.400708],[5.364906,43.400663],[5.364904,43.400638],[5.364915,43.400624],[5.364856,43.400659],[5.36483,43.400692],[5.364822,43.400731],[5.364802,43.400743]]],[[[5.370117,43.402205],[5.370242,43.40236],[5.370232,43.402397],[5.370269,43.402522],[5.370304,43.402575],[5.370275,43.402628],[5.370199,43.402645],[5.3702,43.402661],[5.370208,43.402681],[5.37029,43.402664],[5.37036,43.402721],[5.370364,43.402811],[5.370414,43.402837],[5.370407,43.402909],[5.370451,43.402977],[5.37049,43.403012],[5.370516,43.40312],[5.370511,43.403132],[5.370473,43.40309],[5.370455,43.403086],[5.370443,43.403091],[5.370442,43.403113],[5.370484,43.403185],[5.370479,43.403209],[5.370506,43.403254],[5.370506,43.403263],[5.370533,43.40333],[5.370678,43.403394],[5.370849,43.403354],[5.37089,43.403304],[5.370835,43.403152],[5.370716,43.402975],[5.370595,43.402734],[5.370321,43.402278],[5.370275,43.402181],[5.37017,43.402014],[5.370118,43.402029],[5.37008,43.401964],[5.370006,43.401912],[5.369971,43.401958],[5.369976,43.401991],[5.37003,43.402092],[5.370093,43.40212],[5.370117,43.402205]]],[[[5.371349,43.403771],[5.371333,43.403742],[5.371297,43.40374],[5.371274,43.403723],[5.371248,43.403679],[5.371232,43.403687],[5.371285,43.403767],[5.37131,43.403774],[5.371349,43.403771]]],[[[5.372734,43.404195],[5.3727,43.404223],[5.372601,43.404225],[5.372483,43.404205],[5.372531,43.404122],[5.372566,43.404122],[5.372579,43.404111],[5.372604,43.404153],[5.372675,43.404153],[5.372721,43.404187],[5.372733,43.404183],[5.372724,43.40417],[5.372696,43.404152],[5.37268,43.404136],[5.372643,43.404114],[5.372613,43.404089],[5.372614,43.404084],[5.372506,43.40402],[5.37234,43.40396],[5.372147,43.403848],[5.372054,43.403841],[5.371666,43.403696],[5.371309,43.403593],[5.371216,43.403577],[5.371123,43.403543],[5.371024,43.403402],[5.371021,43.403408],[5.371025,43.403426],[5.371117,43.403581],[5.371145,43.403566],[5.371567,43.403689],[5.371618,43.403742],[5.37175,43.403789],[5.371682,43.403804],[5.371635,43.403841],[5.371522,43.403798],[5.371467,43.403813],[5.371617,43.403873],[5.371709,43.403988],[5.371759,43.404005],[5.371748,43.404041],[5.371779,43.404054],[5.371793,43.404033],[5.371815,43.404026],[5.371847,43.404048],[5.371848,43.404066],[5.371885,43.404083],[5.371874,43.404119],[5.371937,43.404145],[5.371977,43.404207],[5.371996,43.40422],[5.372051,43.404214],[5.372047,43.404255],[5.372059,43.404246],[5.372147,43.404298],[5.372247,43.404323],[5.372335,43.404366],[5.372428,43.404368],[5.372442,43.404413],[5.372384,43.404495],[5.372404,43.404526],[5.37244,43.404516],[5.372453,43.404534],[5.372646,43.404575],[5.372916,43.404369],[5.372896,43.404335],[5.372815,43.404239],[5.372757,43.404186],[5.372734,43.404195]],[[5.372255,43.40393],[5.372231,43.403927],[5.372167,43.403898],[5.372045,43.40388],[5.372067,43.403866],[5.37213,43.403869],[5.372179,43.403878],[5.372229,43.403901],[5.372261,43.403927],[5.372255,43.40393]]],[[[5.376458,43.404423],[5.376465,43.40435],[5.376431,43.404345],[5.376402,43.404345],[5.376382,43.404336],[5.376371,43.404341],[5.376298,43.404348],[5.37628,43.404329],[5.376203,43.404307],[5.376074,43.404315],[5.375922,43.40431],[5.375901,43.404332],[5.375851,43.404307],[5.375666,43.404311],[5.375627,43.404406],[5.375729,43.404489],[5.375884,43.404463],[5.375884,43.404457],[5.375963,43.404443],[5.375979,43.404426],[5.376115,43.404417],[5.376374,43.404417],[5.376458,43.404423]]],[[[5.374385,43.40469],[5.374219,43.404687],[5.374199,43.404706],[5.374188,43.404706],[5.374174,43.404698],[5.374131,43.404795],[5.374072,43.404969],[5.374019,43.405157],[5.373962,43.405149],[5.37373,43.405041],[5.373507,43.405036],[5.373439,43.405228],[5.373481,43.405262],[5.373553,43.40522],[5.3736,43.405103],[5.373637,43.405102],[5.373964,43.405257],[5.374014,43.405256],[5.37411,43.4052],[5.374222,43.405206],[5.374311,43.405119],[5.37431,43.405101],[5.37422,43.405022],[5.374226,43.405008],[5.374337,43.405015],[5.374401,43.405067],[5.374451,43.405075],[5.37452,43.404957],[5.374571,43.404992],[5.374669,43.404981],[5.374719,43.404997],[5.374749,43.404983],[5.374761,43.404956],[5.374685,43.404931],[5.37466,43.404904],[5.374664,43.404864],[5.374726,43.404871],[5.374789,43.404906],[5.374805,43.404847],[5.374933,43.404786],[5.374954,43.404853],[5.374997,43.404856],[5.375033,43.404829],[5.375082,43.404827],[5.375124,43.404786],[5.37506,43.404742],[5.37504,43.404693],[5.375101,43.404692],[5.375139,43.404709],[5.375162,43.404655],[5.375186,43.404654],[5.375212,43.404681],[5.375256,43.404673],[5.375309,43.404613],[5.375381,43.404588],[5.37541,43.404588],[5.37543,43.404575],[5.375595,43.404528],[5.375607,43.404519],[5.375642,43.404478],[5.375574,43.404466],[5.375567,43.404452],[5.375623,43.404325],[5.375647,43.404307],[5.375628,43.404293],[5.375368,43.404272],[5.375308,43.404309],[5.375282,43.404283],[5.37522,43.404275],[5.375191,43.404308],[5.375266,43.404333],[5.375248,43.404356],[5.375223,43.404356],[5.375174,43.404348],[5.375155,43.404335],[5.375153,43.40429],[5.375109,43.404278],[5.37506,43.404288],[5.374911,43.404413],[5.374926,43.404475],[5.374908,43.404489],[5.374797,43.404492],[5.374663,43.404531],[5.374566,43.404587],[5.374517,43.404597],[5.374385,43.40469]]],[[[5.373286,43.40504],[5.373272,43.405022],[5.373142,43.404995],[5.373126,43.405002],[5.373162,43.40502],[5.373187,43.405026],[5.373286,43.40504]]],[[[5.374194,43.406341],[5.374237,43.406327],[5.374187,43.40631],[5.374203,43.406242],[5.374148,43.406266],[5.374133,43.406308],[5.374121,43.406309],[5.373974,43.406242],[5.373936,43.406252],[5.373949,43.406275],[5.374,43.40631],[5.374064,43.4063],[5.374076,43.406312],[5.374065,43.406329],[5.37405,43.406331],[5.374051,43.406348],[5.37408,43.406357],[5.374067,43.406363],[5.374079,43.406363],[5.374087,43.406368],[5.37414,43.406322],[5.374194,43.406341]]],[[[5.374418,43.406687],[5.374468,43.406686],[5.374595,43.406634],[5.374544,43.40659],[5.374559,43.406542],[5.374465,43.406479],[5.374447,43.406479],[5.374381,43.406539],[5.374408,43.406593],[5.374418,43.406687]]],[[[5.374803,43.406531],[5.374743,43.406553],[5.374734,43.406642],[5.374746,43.406653],[5.374811,43.406633],[5.374841,43.40661],[5.374803,43.406531]]],[[[5.374948,43.406926],[5.374943,43.406854],[5.374906,43.406801],[5.374816,43.406759],[5.374713,43.406741],[5.374597,43.406827],[5.37453,43.406842],[5.374519,43.406878],[5.374483,43.406906],[5.374589,43.406926],[5.374625,43.406917],[5.374645,43.406948],[5.374597,43.40698],[5.374761,43.407041],[5.374818,43.407051],[5.374839,43.407048],[5.374855,43.407041],[5.37492,43.406998],[5.374945,43.406955],[5.374948,43.406926]]],[[[5.376941,43.371224],[5.376927,43.371022],[5.376945,43.371008],[5.377003,43.371066],[5.376979,43.371093],[5.37698,43.37112],[5.377005,43.371137],[5.377008,43.3712],[5.376985,43.371246],[5.377011,43.371263],[5.377012,43.37129],[5.376948,43.371295],[5.376956,43.371306],[5.376955,43.37132],[5.376885,43.371339],[5.376818,43.371367],[5.376803,43.371489],[5.376777,43.371532],[5.376816,43.371534],[5.37689,43.371617],[5.376943,43.371724],[5.376957,43.371733],[5.377009,43.371748],[5.377037,43.371744],[5.377047,43.371727],[5.377025,43.371694],[5.376964,43.371551],[5.376877,43.371523],[5.376877,43.371514],[5.376959,43.371492],[5.376965,43.371479],[5.376956,43.371445],[5.376974,43.371431],[5.377022,43.371437],[5.377024,43.371419],[5.377011,43.371402],[5.376974,43.371375],[5.377,43.371344],[5.377053,43.37137],[5.37706,43.37137],[5.377061,43.371342],[5.377043,43.371274],[5.377004,43.370951],[5.376993,43.370842],[5.376997,43.37077],[5.376909,43.370763],[5.376907,43.370804],[5.376932,43.370805],[5.376944,43.370813],[5.376944,43.370827],[5.376932,43.370836],[5.376929,43.370857],[5.376905,43.370861],[5.376903,43.370911],[5.376886,43.370918],[5.376886,43.370956],[5.376921,43.371184],[5.376941,43.371224]]],[[[5.377143,43.371778],[5.376944,43.371755],[5.376948,43.371849],[5.376987,43.371916],[5.377004,43.371926],[5.377011,43.371905],[5.377021,43.371902],[5.377052,43.371902],[5.377079,43.371883],[5.377122,43.371882],[5.377135,43.371891],[5.377135,43.371903],[5.377075,43.371932],[5.377067,43.371948],[5.377146,43.372012],[5.377228,43.371931],[5.377246,43.371875],[5.377235,43.371858],[5.377214,43.371839],[5.377196,43.371792],[5.377143,43.371778]]],[[[5.377164,43.372197],[5.377229,43.372179],[5.377287,43.372154],[5.377278,43.372145],[5.377222,43.372128],[5.377209,43.37212],[5.37717,43.372068],[5.377136,43.372055],[5.377104,43.372051],[5.377069,43.372019],[5.377031,43.372046],[5.377009,43.372109],[5.377024,43.372124],[5.377049,43.372123],[5.37711,43.372203],[5.377105,43.372215],[5.377117,43.372215],[5.377138,43.372198],[5.377164,43.372197]]],[[[5.37724,43.372345],[5.377262,43.372336],[5.37731,43.372226],[5.377299,43.372212],[5.377263,43.372197],[5.377185,43.372226],[5.37715,43.37225],[5.377199,43.372285],[5.377206,43.372317],[5.37724,43.372345]]],[[[5.377391,43.372323],[5.377387,43.372308],[5.377376,43.3723],[5.377356,43.3723],[5.377386,43.372334],[5.377391,43.372323]]],[[[5.377419,43.372369],[5.377421,43.372372],[5.377434,43.372382],[5.377433,43.372371],[5.377419,43.372369]]],[[[5.377499,43.372436],[5.377503,43.372438],[5.377369,43.372525],[5.377391,43.372564],[5.377603,43.372623],[5.377919,43.372746],[5.377958,43.372696],[5.377841,43.37269],[5.377834,43.372667],[5.377776,43.372628],[5.377653,43.372622],[5.377592,43.372581],[5.377589,43.372554],[5.377603,43.372544],[5.377599,43.372511],[5.377608,43.372452],[5.377558,43.372435],[5.377499,43.372436]]],[[[5.380532,43.373192],[5.380533,43.373202],[5.380608,43.373218],[5.380603,43.373206],[5.380581,43.373195],[5.380532,43.373192]]],[[[5.380056,43.373248],[5.380039,43.373245],[5.379932,43.373434],[5.379952,43.373428],[5.380004,43.37338],[5.380029,43.373389],[5.380047,43.373375],[5.380075,43.373325],[5.380119,43.373346],[5.380139,43.373377],[5.380175,43.373375],[5.380207,43.373349],[5.380215,43.373349],[5.380229,43.373333],[5.380216,43.373338],[5.380205,43.373329],[5.380216,43.373281],[5.380193,43.373273],[5.380141,43.373274],[5.3802,43.373266],[5.380227,43.373254],[5.380232,43.373227],[5.380215,43.373215],[5.3802,43.373214],[5.380144,43.373188],[5.38012,43.373216],[5.380056,43.373248]]],[[[5.380465,43.373373],[5.380437,43.373369],[5.380431,43.373284],[5.380418,43.373259],[5.380354,43.373287],[5.380399,43.373349],[5.380473,43.373397],[5.380584,43.373403],[5.380631,43.373425],[5.38068,43.373424],[5.380751,43.373453],[5.380784,43.373452],[5.380782,43.373429],[5.380724,43.373409],[5.380723,43.373368],[5.38074,43.373355],[5.38078,43.373353],[5.380779,43.373345],[5.380656,43.373355],[5.380511,43.373304],[5.380488,43.373346],[5.380465,43.373373]]],[[[5.380869,43.37347],[5.380894,43.373441],[5.380931,43.373431],[5.38093,43.373417],[5.380917,43.373417],[5.380886,43.373392],[5.380878,43.373338],[5.380847,43.373317],[5.380835,43.373339],[5.38086,43.373357],[5.380864,43.373385],[5.380836,43.373442],[5.380869,43.37347]]],[[[5.380925,43.373471],[5.380926,43.373477],[5.380932,43.373483],[5.380944,43.373468],[5.380925,43.373471]]],[[[5.380963,43.373611],[5.381063,43.373627],[5.381129,43.373585],[5.381143,43.373478],[5.381098,43.373446],[5.381098,43.373437],[5.381022,43.373401],[5.381036,43.373443],[5.380964,43.373472],[5.380943,43.37358],[5.380963,43.373611]]],[[[5.384312,43.373447],[5.384253,43.373494],[5.384093,43.373515],[5.384039,43.373539],[5.38407,43.373552],[5.384113,43.373546],[5.384084,43.373587],[5.384021,43.373571],[5.384028,43.373593],[5.38401,43.373607],[5.383961,43.373608],[5.383932,43.37364],[5.383963,43.373653],[5.384011,43.373625],[5.384079,43.373623],[5.384139,43.373611],[5.384193,43.373619],[5.384257,43.373611],[5.384262,43.37357],[5.384305,43.373564],[5.384324,43.373578],[5.384311,43.373652],[5.384331,43.373649],[5.384436,43.373598],[5.384456,43.373503],[5.384549,43.373496],[5.384567,43.373482],[5.384498,43.373461],[5.384551,43.373442],[5.384544,43.373436],[5.384508,43.373432],[5.384411,43.373445],[5.384406,43.373477],[5.384375,43.373482],[5.384312,43.373447]]],[[[5.383722,43.373684],[5.383728,43.373675],[5.383756,43.373672],[5.383761,43.373677],[5.383782,43.373678],[5.383779,43.373655],[5.383772,43.373649],[5.38376,43.373623],[5.383745,43.373608],[5.383575,43.37367],[5.383573,43.373679],[5.383587,43.373687],[5.383586,43.373701],[5.383592,43.373704],[5.383612,43.373692],[5.383627,43.373702],[5.383638,43.373695],[5.383652,43.373698],[5.383654,43.373708],[5.383659,43.373709],[5.383668,43.373686],[5.383689,43.373664],[5.383701,43.373657],[5.383709,43.373658],[5.383722,43.373684]]],[[[5.381271,43.373604],[5.381173,43.373606],[5.381133,43.373702],[5.381204,43.373759],[5.381264,43.37373],[5.381375,43.373728],[5.381439,43.373772],[5.381463,43.373771],[5.381487,43.373744],[5.381514,43.373757],[5.381525,43.373787],[5.381503,43.373805],[5.381581,43.373865],[5.381591,43.373881],[5.381599,43.373859],[5.381615,43.373858],[5.381696,43.373939],[5.381726,43.373943],[5.38174,43.373909],[5.381799,43.373919],[5.381841,43.373913],[5.381827,43.373887],[5.381839,43.373859],[5.381842,43.373821],[5.381822,43.373799],[5.381657,43.373788],[5.381641,43.373791],[5.381633,43.373798],[5.381629,43.373809],[5.381596,43.373794],[5.381579,43.373741],[5.38156,43.373746],[5.381522,43.37372],[5.381495,43.373722],[5.381481,43.373714],[5.381472,43.373675],[5.381475,43.373659],[5.38147,43.373642],[5.381458,43.373636],[5.381271,43.373604]]],[[[5.383093,43.373757],[5.383205,43.373743],[5.383198,43.373734],[5.383133,43.37374],[5.383096,43.373747],[5.383093,43.373757]]],[[[5.383378,43.373681],[5.383317,43.373691],[5.38328,43.37371],[5.383268,43.373719],[5.383268,43.373724],[5.383374,43.37371],[5.383269,43.373726],[5.383266,43.373736],[5.383294,43.373738],[5.383294,43.373763],[5.383321,43.37378],[5.383303,43.373794],[5.38327,43.373782],[5.383252,43.373797],[5.383272,43.373805],[5.383339,43.373805],[5.383351,43.373791],[5.38332,43.373762],[5.383375,43.373756],[5.383393,43.373742],[5.383397,43.373727],[5.383366,43.373719],[5.383456,43.373706],[5.383496,43.373743],[5.383517,43.373752],[5.383523,43.373746],[5.383521,43.373696],[5.383471,43.373679],[5.383378,43.373681]]],[[[5.3821,43.373782],[5.382069,43.373742],[5.382037,43.373721],[5.382025,43.373721],[5.382006,43.373748],[5.38197,43.373767],[5.382001,43.3738],[5.382007,43.373846],[5.382015,43.373848],[5.382006,43.373856],[5.381967,43.373821],[5.381868,43.373833],[5.381855,43.373848],[5.381869,43.373884],[5.381926,43.373932],[5.381968,43.373936],[5.38195,43.373918],[5.381953,43.373881],[5.381973,43.373868],[5.381997,43.373875],[5.382003,43.373915],[5.382045,43.373918],[5.382073,43.37385],[5.38209,43.373858],[5.38212,43.373857],[5.382132,43.373842],[5.382117,43.373827],[5.382121,43.373817],[5.382131,43.37381],[5.382146,43.373811],[5.38216,43.373818],[5.382162,43.373829],[5.382193,43.373828],[5.38219,43.373755],[5.382078,43.373818],[5.382065,43.373808],[5.382065,43.373802],[5.3821,43.373782]],[[5.382033,43.373821],[5.382033,43.37383],[5.38202,43.373844],[5.382018,43.373828],[5.382033,43.373821]]],[[[5.382753,43.373923],[5.382801,43.373886],[5.38288,43.373863],[5.382905,43.373819],[5.382896,43.373801],[5.382879,43.373788],[5.382842,43.373775],[5.382941,43.373773],[5.383054,43.373759],[5.383055,43.373751],[5.382881,43.373754],[5.382807,43.37375],[5.382763,43.373751],[5.382759,43.373763],[5.382724,43.373766],[5.382712,43.373745],[5.382687,43.37374],[5.382675,43.373759],[5.382719,43.373796],[5.382748,43.373836],[5.382734,43.37391],[5.382753,43.373923]]],[[[5.383201,43.373813],[5.383196,43.373822],[5.383227,43.373844],[5.383259,43.373832],[5.383238,43.373807],[5.383201,43.373813]]],[[[5.38226,43.373926],[5.382304,43.373899],[5.382383,43.373954],[5.382394,43.373923],[5.382406,43.373903],[5.382432,43.373921],[5.382481,43.37392],[5.382517,43.373892],[5.382555,43.373914],[5.382561,43.373894],[5.382579,43.37389],[5.382598,43.373904],[5.382574,43.373922],[5.382622,43.373976],[5.382643,43.373963],[5.382623,43.37393],[5.382675,43.373923],[5.382697,43.37391],[5.382702,43.373886],[5.382689,43.373868],[5.382632,43.373849],[5.382631,43.373808],[5.382596,43.373807],[5.382502,43.373829],[5.38245,43.373855],[5.382302,43.373859],[5.38224,43.373902],[5.382241,43.373929],[5.38226,43.373926]]],[[[5.3771,43.389716],[5.377141,43.389675],[5.377116,43.389661],[5.377085,43.389663],[5.377049,43.389682],[5.377,43.389683],[5.376913,43.38972],[5.376883,43.389745],[5.376856,43.389752],[5.376829,43.389766],[5.37683,43.38979],[5.376862,43.389792],[5.376885,43.389761],[5.376886,43.38975],[5.376944,43.389733],[5.37697,43.389733],[5.377025,43.3897],[5.3771,43.389716]]]],"type":"MultiPolygon"},"properties":{"zoneCode":"ORANGE_AZU","zoneLabel":"Titre 4 - Zone Orange (aléa fort à très fort, zone urbanisée)","zoneColor":"#F57C00","codeZone":"R","typeReg":"03"}},{"type":"Feature","geometry":{"coordinates":[[[[5.358842,43.385836],[5.358701,43.385077],[5.358656,43.385068],[5.35865,43.385083],[5.358676,43.385199],[5.358734,43.38551],[5.358855,43.386114],[5.358929,43.386433],[5.358973,43.386544],[5.358996,43.386561],[5.358998,43.386597],[5.359011,43.38662],[5.359013,43.386667],[5.359055,43.386795],[5.359093,43.386839],[5.359121,43.38691],[5.359123,43.386964],[5.359149,43.386982],[5.359149,43.387001],[5.359229,43.387142],[5.359466,43.387497],[5.359505,43.38755],[5.359569,43.387594],[5.359621,43.38769],[5.35997,43.388086],[5.360042,43.388151],[5.360055,43.388154],[5.36006,43.388168],[5.360106,43.388213],[5.360117,43.388214],[5.360185,43.38827],[5.360273,43.388357],[5.36047,43.388521],[5.360496,43.388496],[5.360647,43.388417],[5.360602,43.388368],[5.360568,43.388369],[5.360545,43.388354],[5.360528,43.388352],[5.360515,43.388354],[5.360477,43.38838],[5.360454,43.388367],[5.360395,43.388303],[5.360328,43.388251],[5.360205,43.388126],[5.360093,43.38803],[5.359993,43.387928],[5.359947,43.387868],[5.359912,43.387847],[5.359886,43.387812],[5.359892,43.387791],[5.359841,43.387727],[5.359824,43.387724],[5.359811,43.387718],[5.359768,43.387668],[5.359574,43.387422],[5.359464,43.38725],[5.359394,43.38715],[5.359262,43.386929],[5.35917,43.386694],[5.359107,43.386708],[5.359073,43.386641],[5.358888,43.386033],[5.358867,43.38584],[5.358842,43.385836]]],[[[5.365508,43.397014],[5.365533,43.396962],[5.36554,43.396961],[5.36555,43.396967],[5.365729,43.396568],[5.36571,43.396601],[5.36563,43.396781],[5.36562,43.396785],[5.365605,43.396779],[5.365604,43.39676],[5.365612,43.396752],[5.365638,43.396697],[5.365637,43.396683],[5.36563,43.396683],[5.365607,43.396728],[5.365584,43.396765],[5.365569,43.396816],[5.3655,43.396943],[5.365451,43.397009],[5.36544,43.397011],[5.365428,43.397],[5.36544,43.396949],[5.365372,43.39703],[5.365303,43.39714],[5.365277,43.397196],[5.365248,43.397275],[5.365217,43.397407],[5.36522,43.39757],[5.365233,43.397579],[5.365239,43.397618],[5.365304,43.397799],[5.365355,43.397864],[5.365358,43.397889],[5.365346,43.397898],[5.365354,43.397915],[5.365364,43.39791],[5.365379,43.397914],[5.365381,43.397924],[5.365376,43.397929],[5.365368,43.397931],[5.36536,43.39793],[5.365385,43.397991],[5.365386,43.398023],[5.365448,43.398168],[5.365466,43.398168],[5.365476,43.398173],[5.365479,43.398179],[5.365478,43.398192],[5.365473,43.398196],[5.36546,43.398198],[5.365463,43.39821],[5.365563,43.398317],[5.36562,43.398352],[5.365614,43.398365],[5.365651,43.398369],[5.365672,43.398565],[5.365604,43.39877],[5.365613,43.398778],[5.36561,43.398805],[5.365593,43.398818],[5.365582,43.398876],[5.365592,43.398882],[5.365593,43.398899],[5.365582,43.398908],[5.365582,43.398934],[5.365568,43.398942],[5.365552,43.399031],[5.365563,43.39904],[5.365584,43.39903],[5.365598,43.399037],[5.36558,43.399169],[5.365579,43.399265],[5.365561,43.399314],[5.365563,43.399395],[5.365528,43.399432],[5.36554,43.399452],[5.36554,43.399471],[5.365521,43.399502],[5.365502,43.399503],[5.3655,43.399526],[5.365503,43.399534],[5.365513,43.399535],[5.365519,43.39954],[5.36552,43.399552],[5.365627,43.399652],[5.365627,43.399638],[5.365614,43.39963],[5.365612,43.399585],[5.365632,43.399584],[5.365634,43.399514],[5.365645,43.399471],[5.365714,43.399418],[5.365753,43.399357],[5.365749,43.399303],[5.365637,43.399282],[5.36562,43.399179],[5.365664,43.39899],[5.365708,43.399011],[5.365738,43.398979],[5.365686,43.398908],[5.365694,43.398809],[5.365742,43.398656],[5.365723,43.39862],[5.365759,43.398583],[5.365781,43.398519],[5.365774,43.398357],[5.365822,43.398329],[5.365822,43.39832],[5.365731,43.398285],[5.365593,43.398163],[5.365571,43.39806],[5.365659,43.398103],[5.365781,43.398083],[5.365813,43.398105],[5.36586,43.398198],[5.366042,43.398189],[5.366208,43.398262],[5.366253,43.398291],[5.366278,43.398337],[5.366624,43.39846],[5.366681,43.3985],[5.366707,43.398544],[5.366722,43.398607],[5.366682,43.398609],[5.366752,43.39864],[5.366789,43.398635],[5.36679,43.39861],[5.36684,43.398609],[5.366965,43.398642],[5.367053,43.398685],[5.367126,43.398674],[5.367261,43.398772],[5.367334,43.398773],[5.367376,43.398812],[5.367503,43.398861],[5.367564,43.398865],[5.367862,43.399018],[5.367913,43.399048],[5.36795,43.399048],[5.367962,43.399045],[5.367965,43.399031],[5.367958,43.399012],[5.367818,43.398899],[5.36777,43.398872],[5.367723,43.398802],[5.367725,43.398799],[5.367468,43.39861],[5.367451,43.398615],[5.367401,43.398599],[5.367332,43.39856],[5.367328,43.398529],[5.367287,43.398515],[5.367244,43.398488],[5.367258,43.398459],[5.367157,43.398389],[5.367077,43.398369],[5.367055,43.398372],[5.367041,43.398393],[5.367011,43.398403],[5.366908,43.398405],[5.366855,43.398392],[5.366786,43.398344],[5.366746,43.398273],[5.366714,43.398251],[5.366424,43.398114],[5.366325,43.398107],[5.366302,43.398096],[5.366248,43.398176],[5.366194,43.398218],[5.365706,43.398048],[5.365673,43.398009],[5.365592,43.397771],[5.365565,43.39777],[5.365515,43.397741],[5.365515,43.397732],[5.365546,43.397692],[5.365551,43.39766],[5.365548,43.39765],[5.365536,43.397641],[5.365429,43.397596],[5.365383,43.397533],[5.365416,43.397456],[5.365447,43.397427],[5.365487,43.397406],[5.36551,43.397351],[5.365458,43.397343],[5.365461,43.397335],[5.3654,43.397337],[5.365384,43.397344],[5.365368,43.397345],[5.365359,43.397339],[5.365358,43.397331],[5.365463,43.397117],[5.365457,43.39711],[5.365463,43.397099],[5.365473,43.397097],[5.365497,43.397037],[5.365491,43.397031],[5.365491,43.397022],[5.365497,43.397017],[5.365508,43.397014]],[[5.365711,43.39832],[5.36571,43.398308],[5.365722,43.398296],[5.365741,43.398303],[5.365759,43.398338],[5.365736,43.398344],[5.365727,43.39834],[5.365729,43.398331],[5.365711,43.39832]]],[[[5.372255,43.405007],[5.372238,43.405007],[5.372216,43.405024],[5.372221,43.405039],[5.372281,43.405087],[5.37238,43.405157],[5.372411,43.405161],[5.372413,43.405206],[5.372432,43.40521],[5.372456,43.40519],[5.372442,43.405149],[5.372366,43.405097],[5.372366,43.405087],[5.372318,43.405056],[5.372316,43.405033],[5.372293,43.405017],[5.372255,43.405007]]],[[[5.372226,43.405326],[5.372242,43.405335],[5.372255,43.405362],[5.372262,43.405368],[5.372274,43.405365],[5.372317,43.405331],[5.372265,43.405292],[5.37226,43.405279],[5.372264,43.405271],[5.372273,43.405266],[5.372323,43.405275],[5.372347,43.405246],[5.372358,43.405198],[5.372292,43.405198],[5.372163,43.405215],[5.372151,43.405229],[5.372131,43.405292],[5.372135,43.405301],[5.372226,43.405326]]],[[[5.372656,43.405324],[5.372634,43.405316],[5.372606,43.405315],[5.372584,43.405299],[5.372555,43.40529],[5.372606,43.405322],[5.372653,43.405331],[5.372656,43.405324]]]],"type":"MultiPolygon"},"properties":{"zoneCode":"ROUGE_CU","zoneLabel":"Titre 5 - Zone Rouge (aléa fort à très fort, ou zone peu/pas urbanisée)","zoneColor":"#C62828","codeZone":"R","typeReg":"03"}},{"type":"Feature","geometry":{"coordinates":[[[[5.350216,43.382515],[5.350266,43.382509],[5.350219,43.382513],[5.350216,43.382515]]],[[[5.350378,43.382499],[5.350389,43.382501],[5.350391,43.382544],[5.350391,43.382498],[5.350378,43.382499]]],[[[5.350428,43.382843],[5.350399,43.38271],[5.350396,43.382684],[5.350398,43.382735],[5.350428,43.382843]]],[[[5.35045,43.382853],[5.35049,43.382872],[5.350499,43.382872],[5.35045,43.382853]]],[[[5.350526,43.382883],[5.35054,43.382889],[5.350551,43.382892],[5.350526,43.382883]]],[[[5.350217,43.382948],[5.350261,43.38296],[5.350293,43.383],[5.350308,43.383054],[5.350284,43.383081],[5.350327,43.383076],[5.350409,43.383133],[5.350412,43.383196],[5.350437,43.383213],[5.350427,43.383249],[5.350446,43.383262],[5.350461,43.383258],[5.350431,43.383238],[5.350443,43.383211],[5.350491,43.383192],[5.35049,43.383174],[5.350411,43.383041],[5.350392,43.383028],[5.350361,43.383033],[5.35036,43.382997],[5.350384,43.382987],[5.350332,43.382916],[5.350256,43.382882],[5.350215,43.382766],[5.350238,43.382729],[5.350219,43.382577],[5.350152,43.382601],[5.350097,43.382597],[5.350103,43.382581],[5.350079,43.3826],[5.35008,43.382627],[5.350117,43.382626],[5.350106,43.382653],[5.350143,43.382661],[5.350134,43.382734],[5.350173,43.382787],[5.350149,43.382805],[5.350152,43.382859],[5.350217,43.382948]]],[[[5.350611,43.382916],[5.350724,43.382993],[5.350772,43.383001],[5.350762,43.38299],[5.350757,43.382973],[5.350611,43.382916]]],[[[5.350807,43.383059],[5.350839,43.383074],[5.350839,43.383069],[5.350775,43.383004],[5.350807,43.383059]]],[[[5.350836,43.383151],[5.350826,43.383239],[5.350833,43.383232],[5.350836,43.383151]]],[[[5.350826,43.383239],[5.350753,43.383249],[5.350755,43.383303],[5.350781,43.383348],[5.350785,43.383437],[5.350789,43.383358],[5.350762,43.383305],[5.350826,43.383239]]],[[[5.350633,43.383434],[5.350623,43.383405],[5.350568,43.383313],[5.350633,43.383434]]],[[[5.350705,43.383592],[5.35068,43.383575],[5.350678,43.38357],[5.350675,43.383586],[5.350689,43.383631],[5.350695,43.383635],[5.350705,43.383592]]],[[[5.350739,43.383665],[5.350732,43.383646],[5.350701,43.383639],[5.350739,43.383665]]],[[[5.350927,43.383715],[5.350909,43.383696],[5.350926,43.383721],[5.350927,43.383715]]],[[[5.350804,43.383757],[5.350798,43.383752],[5.350797,43.383739],[5.350759,43.383717],[5.35074,43.383668],[5.350754,43.383719],[5.350793,43.383754],[5.350795,43.383799],[5.350814,43.383812],[5.350847,43.383812],[5.350837,43.38381],[5.350811,43.383774],[5.35081,43.383756],[5.350804,43.383757]]],[[[5.350917,43.383779],[5.350918,43.383774],[5.350916,43.38378],[5.350917,43.383779]]],[[[5.351399,43.383816],[5.3514,43.383815],[5.351374,43.383803],[5.351399,43.383816]]],[[[5.351364,43.383852],[5.351338,43.38386],[5.351346,43.383863],[5.351349,43.383892],[5.35136,43.3839],[5.351367,43.383896],[5.351364,43.383852]]],[[[5.351237,43.383913],[5.351236,43.383914],[5.351283,43.383955],[5.351237,43.383913]]],[[[5.351398,43.383946],[5.351394,43.383928],[5.351362,43.383945],[5.351363,43.383906],[5.351324,43.383927],[5.351311,43.38391],[5.351293,43.383924],[5.351294,43.383942],[5.351319,43.38395],[5.351302,43.383972],[5.35132,43.383988],[5.351398,43.383946]]],[[[5.351632,43.384106],[5.35162,43.384108],[5.351622,43.384116],[5.35163,43.38412],[5.351633,43.384137],[5.351659,43.384134],[5.351666,43.384131],[5.351647,43.384123],[5.351671,43.384104],[5.351664,43.384102],[5.351658,43.38409],[5.351674,43.384067],[5.351631,43.384071],[5.351631,43.384083],[5.351641,43.384084],[5.351641,43.3841],[5.351632,43.384106]]],[[[5.351529,43.384127],[5.351553,43.384105],[5.351532,43.384091],[5.351511,43.384108],[5.351529,43.384127]]],[[[5.351714,43.384108],[5.35171,43.384111],[5.351718,43.384108],[5.351714,43.384108]]],[[[5.351214,43.384216],[5.351211,43.384211],[5.351129,43.384123],[5.351129,43.384125],[5.351214,43.384216]]],[[[5.351809,43.384173],[5.351802,43.384166],[5.351802,43.384176],[5.351809,43.384173]]],[[[5.351769,43.384211],[5.351745,43.384233],[5.351756,43.384233],[5.351769,43.384211]]],[[[5.351704,43.384252],[5.351674,43.384262],[5.351696,43.384261],[5.351704,43.384252]]],[[[5.3516,43.384289],[5.351598,43.384311],[5.351617,43.384296],[5.3516,43.384289]]],[[[5.351654,43.384373],[5.351687,43.384351],[5.351738,43.384369],[5.351705,43.384349],[5.351662,43.384354],[5.351654,43.384373]]],[[[5.351818,43.38438],[5.351842,43.384342],[5.351798,43.38437],[5.351795,43.384388],[5.351812,43.384394],[5.351864,43.384447],[5.351913,43.384446],[5.351938,43.384463],[5.351988,43.384462],[5.351993,43.384448],[5.351923,43.384382],[5.351873,43.384374],[5.351837,43.384393],[5.351818,43.38438]]],[[[5.351265,43.38434],[5.351353,43.384471],[5.351475,43.384599],[5.35159,43.384547],[5.35151,43.384447],[5.351518,43.384454],[5.351517,43.38443],[5.351538,43.384419],[5.351505,43.384427],[5.351488,43.3844],[5.35152,43.38438],[5.351446,43.384364],[5.35142,43.384337],[5.351292,43.384381],[5.351265,43.38434]]],[[[5.351572,43.384501],[5.351539,43.384474],[5.351569,43.384501],[5.351572,43.384501]]],[[[5.352525,43.385288],[5.35251,43.385275],[5.352511,43.385261],[5.35252,43.385254],[5.352501,43.385252],[5.352483,43.385266],[5.352498,43.385319],[5.352463,43.385365],[5.352464,43.385392],[5.352431,43.385425],[5.352458,43.385428],[5.352465,43.385424],[5.352525,43.385288]]],[[[5.352404,43.385429],[5.352404,43.385431],[5.352407,43.385429],[5.352404,43.385429]]],[[[5.352444,43.385649],[5.35253,43.38565],[5.352421,43.385567],[5.352372,43.385595],[5.352349,43.385585],[5.352362,43.385619],[5.352407,43.385668],[5.352444,43.385649]]],[[[5.352594,43.388608],[5.352598,43.388571],[5.352594,43.388575],[5.352594,43.388608]]],[[[5.352579,43.388944],[5.352585,43.388943],[5.35258,43.388943],[5.352579,43.388944]]],[[[5.352382,43.389764],[5.352416,43.389839],[5.352416,43.389824],[5.352398,43.389782],[5.352382,43.389764]]],[[[5.352462,43.389938],[5.352465,43.38994],[5.35246,43.389936],[5.352462,43.389938]]],[[[5.352594,43.389999],[5.352606,43.390009],[5.352601,43.390002],[5.352594,43.389999]]],[[[5.352658,43.390149],[5.352675,43.390099],[5.352729,43.390075],[5.35272,43.39006],[5.352705,43.39006],[5.352674,43.390081],[5.352588,43.390083],[5.352557,43.390097],[5.35259,43.390175],[5.352599,43.390178],[5.352658,43.390149]]],[[[5.35245,43.390235],[5.352461,43.390162],[5.352532,43.390089],[5.352535,43.390051],[5.352525,43.390042],[5.352531,43.390033],[5.35255,43.390031],[5.352549,43.390028],[5.352531,43.39003],[5.352519,43.390037],[5.352458,43.390043],[5.352445,43.390055],[5.352446,43.3901],[5.3524,43.390173],[5.352415,43.390235],[5.352404,43.390262],[5.352429,43.390289],[5.352394,43.390326],[5.352407,43.390352],[5.352383,43.390371],[5.352399,43.390443],[5.352436,43.39046],[5.352425,43.390478],[5.35245,43.390486],[5.352452,43.390531],[5.352428,43.39055],[5.352471,43.390554],[5.352503,43.390575],[5.3525,43.390587],[5.352533,43.390573],[5.352507,43.390546],[5.352543,43.390528],[5.352528,43.390516],[5.352519,43.390516],[5.352509,43.390502],[5.352416,43.390431],[5.352415,43.390404],[5.352445,43.390379],[5.352431,43.390325],[5.352517,43.390305],[5.352428,43.390244],[5.35245,43.390235]]],[[[5.352454,43.390581],[5.352417,43.390586],[5.352405,43.390604],[5.352419,43.390631],[5.352394,43.390641],[5.352392,43.390663],[5.352406,43.390652],[5.352451,43.390692],[5.352425,43.390647],[5.352475,43.390599],[5.352454,43.390581]]],[[[5.352369,43.391112],[5.352357,43.391108],[5.352366,43.390845],[5.352293,43.390868],[5.352307,43.390922],[5.352248,43.390986],[5.352268,43.391026],[5.352318,43.391025],[5.352337,43.391038],[5.352326,43.391074],[5.352351,43.391083],[5.35234,43.39111],[5.352369,43.391112]]],[[[5.35242,43.391129],[5.352416,43.391128],[5.352421,43.391131],[5.35242,43.391129]]],[[[5.35231,43.391431],[5.352344,43.391387],[5.352341,43.391324],[5.352317,43.391324],[5.352328,43.391297],[5.35229,43.39128],[5.3523,43.391217],[5.352318,43.391212],[5.352343,43.391229],[5.352371,43.391181],[5.352361,43.391186],[5.352312,43.391178],[5.352294,43.391192],[5.352284,43.391255],[5.352247,43.391265],[5.352262,43.391319],[5.35228,43.391335],[5.352331,43.391338],[5.352332,43.391352],[5.352299,43.391369],[5.35231,43.391431]]],[[[5.352334,43.391459],[5.352334,43.391441],[5.35231,43.391433],[5.35231,43.391434],[5.352334,43.391459]]],[[[5.352332,43.391693],[5.35232,43.39172],[5.352339,43.391733],[5.352406,43.391701],[5.352398,43.391512],[5.352378,43.391501],[5.352385,43.391622],[5.352355,43.391627],[5.352266,43.391575],[5.352237,43.391625],[5.352239,43.39167],[5.352215,43.391691],[5.352264,43.39169],[5.352275,43.391672],[5.352332,43.391693]]],[[[5.352115,43.391664],[5.352155,43.391717],[5.352131,43.391744],[5.352133,43.39178],[5.352059,43.3918],[5.352141,43.391839],[5.352145,43.391789],[5.352182,43.391769],[5.352149,43.39176],[5.352154,43.391737],[5.352185,43.391729],[5.352178,43.391689],[5.35223,43.391464],[5.352116,43.391454],[5.352082,43.391492],[5.352031,43.391485],[5.352046,43.391511],[5.352081,43.391521],[5.352061,43.391583],[5.352099,43.391574],[5.352115,43.391664]]],[[[5.352207,43.391723],[5.352209,43.391723],[5.352214,43.391695],[5.352207,43.391723]]],[[[5.352533,43.391795],[5.352498,43.391822],[5.352503,43.391781],[5.352527,43.391776],[5.352533,43.391782],[5.352533,43.391779],[5.352507,43.391757],[5.352483,43.391771],[5.352457,43.391893],[5.352536,43.391869],[5.352535,43.391851],[5.352498,43.391843],[5.352534,43.391815],[5.352533,43.391795]]],[[[5.352446,43.392057],[5.352493,43.392067],[5.352488,43.392054],[5.352449,43.392052],[5.352437,43.392043],[5.352472,43.392016],[5.352459,43.391998],[5.352399,43.391984],[5.352328,43.392049],[5.352284,43.392045],[5.352367,43.391962],[5.352367,43.391944],[5.352404,43.391944],[5.35239,43.391908],[5.352426,43.391889],[5.352435,43.391799],[5.35238,43.391814],[5.352304,43.39177],[5.352268,43.391798],[5.352243,43.391799],[5.35223,43.391781],[5.352197,43.391772],[5.352238,43.391801],[5.352288,43.391818],[5.352325,43.391808],[5.352357,43.39183],[5.352353,43.391888],[5.352212,43.391923],[5.352233,43.391981],[5.352295,43.391979],[5.352318,43.391952],[5.352338,43.391974],[5.352302,43.391993],[5.352276,43.392037],[5.352214,43.392039],[5.352196,43.392054],[5.352175,43.392087],[5.352215,43.392057],[5.352231,43.392084],[5.352262,43.392088],[5.352286,43.39207],[5.352318,43.392082],[5.352329,43.392117],[5.352353,43.392114],[5.352385,43.392076],[5.352422,43.392076],[5.352446,43.392057]],[[5.352425,43.392004],[5.352433,43.392039],[5.352412,43.392043],[5.352377,43.392027],[5.352398,43.392008],[5.352425,43.392004]],[[5.352306,43.391943],[5.352286,43.391921],[5.35231,43.391907],[5.352324,43.391938],[5.352306,43.391943]],[[5.352376,43.392063],[5.352365,43.392054],[5.352375,43.392045],[5.352387,43.392044],[5.352386,43.392053],[5.352425,43.392053],[5.352412,43.392062],[5.352376,43.392063]]],[[[5.352044,43.392183],[5.352106,43.392042],[5.352137,43.391902],[5.352101,43.391916],[5.352072,43.391957],[5.352017,43.391963],[5.352006,43.392008],[5.351982,43.392018],[5.351947,43.392072],[5.351967,43.392113],[5.352022,43.392107],[5.352012,43.392152],[5.352044,43.392183]]],[[[5.352424,43.392132],[5.352441,43.3921],[5.35249,43.392091],[5.352435,43.392084],[5.352423,43.392103],[5.35238,43.392108],[5.352438,43.392156],[5.35248,43.39216],[5.352492,43.392118],[5.352477,43.392115],[5.352453,43.392133],[5.352448,43.392146],[5.352424,43.392132]]],[[[5.351978,43.392216],[5.351973,43.392256],[5.352028,43.392251],[5.352039,43.392214],[5.352026,43.392192],[5.351978,43.392216]]],[[[5.352287,43.392236],[5.35229,43.392317],[5.352255,43.392363],[5.352268,43.39238],[5.352232,43.392399],[5.352245,43.392426],[5.352234,43.392462],[5.352263,43.392449],[5.352237,43.392397],[5.352342,43.392408],[5.352372,43.392385],[5.352372,43.39238],[5.352336,43.392392],[5.352329,43.39237],[5.352366,43.392356],[5.352371,43.392365],[5.352369,43.392304],[5.352412,43.392299],[5.352438,43.392325],[5.352468,43.392302],[5.352465,43.392245],[5.352423,43.392233],[5.352422,43.392215],[5.352446,43.39221],[5.352465,43.392244],[5.352464,43.392212],[5.352479,43.392161],[5.352439,43.392183],[5.352401,43.392166],[5.352371,43.392171],[5.352372,43.392216],[5.352399,43.392252],[5.352374,43.392261],[5.352375,43.392288],[5.352345,43.392293],[5.352312,43.392236],[5.352287,43.392236]]],[[[5.352073,43.392448],[5.352083,43.392385],[5.352064,43.392371],[5.351906,43.39236],[5.351936,43.392397],[5.351925,43.392531],[5.351923,43.392694],[5.351994,43.392778],[5.352013,43.392773],[5.351998,43.392728],[5.352016,43.392714],[5.352042,43.392732],[5.352085,43.392726],[5.352095,43.392663],[5.352058,43.392664],[5.352044,43.392637],[5.352056,43.392619],[5.352012,43.392616],[5.352006,43.392602],[5.352023,43.392579],[5.352061,43.392587],[5.352078,43.392565],[5.35201,43.392553],[5.351978,43.392531],[5.352002,43.392512],[5.351995,43.392499],[5.352119,43.392505],[5.352104,43.392582],[5.352132,43.392671],[5.352122,43.392735],[5.352148,43.392752],[5.352149,43.392788],[5.352103,43.392861],[5.352183,43.392873],[5.352186,43.392796],[5.352241,43.392787],[5.35224,43.392766],[5.352263,43.392739],[5.3522,43.392713],[5.352187,43.392677],[5.352184,43.392614],[5.352207,43.392578],[5.352194,43.39256],[5.352224,43.392537],[5.352311,43.392544],[5.352352,43.392503],[5.352296,43.39247],[5.352322,43.392487],[5.352323,43.392523],[5.352305,43.392537],[5.352256,43.392538],[5.352199,43.392508],[5.352191,43.392468],[5.352168,43.392495],[5.352155,43.392477],[5.352105,43.39247],[5.352073,43.392448]]],[[[5.352245,43.39283],[5.35224,43.392903],[5.352245,43.392908],[5.352243,43.392856],[5.352267,43.392838],[5.352245,43.39283]]],[[[5.352682,43.392997],[5.352657,43.393014],[5.352587,43.393071],[5.352654,43.393065],[5.352682,43.392997]]],[[[5.352607,43.395541],[5.352614,43.395555],[5.352631,43.395527],[5.352607,43.395541]]],[[[5.352809,43.395496],[5.352864,43.395482],[5.352853,43.395527],[5.352774,43.39556],[5.352725,43.395552],[5.35264,43.39559],[5.352578,43.395582],[5.352518,43.395629],[5.352419,43.395622],[5.352322,43.39566],[5.352272,43.395652],[5.352267,43.395666],[5.352318,43.395727],[5.352347,43.395677],[5.352446,43.395675],[5.352478,43.395715],[5.352467,43.395733],[5.352482,43.395796],[5.352526,43.395826],[5.352551,43.395826],[5.352562,43.395799],[5.352605,43.395784],[5.352566,43.39574],[5.352564,43.395695],[5.35268,43.395652],[5.352738,43.395727],[5.352739,43.395754],[5.352715,43.395773],[5.352759,43.395776],[5.352789,43.395753],[5.352735,43.395646],[5.352753,43.395633],[5.35279,43.395641],[5.352836,43.395698],[5.352905,43.395728],[5.35291,43.395706],[5.352859,43.395662],[5.352832,43.395608],[5.352934,43.395548],[5.352918,43.395588],[5.35295,43.395628],[5.352981,43.395623],[5.352982,43.395645],[5.352997,43.395603],[5.352935,43.395577],[5.352982,43.395531],[5.352963,43.395518],[5.353036,43.39548],[5.353109,43.39547],[5.353131,43.395445],[5.353078,43.395436],[5.353042,43.395464],[5.35298,43.395466],[5.352948,43.39543],[5.352747,43.39548],[5.352648,43.395482],[5.35263,43.395496],[5.352631,43.395527],[5.352673,43.395499],[5.352809,43.395496]]],[[[5.35246,43.395873],[5.352417,43.395883],[5.352412,43.395896],[5.352431,43.39591],[5.352473,43.395886],[5.35246,43.395873]]],[[[5.352638,43.395991],[5.352637,43.395964],[5.352684,43.395909],[5.35267,43.395877],[5.352605,43.395942],[5.352555,43.395925],[5.352519,43.395944],[5.352493,43.395926],[5.352488,43.395949],[5.352464,43.395958],[5.352502,43.395993],[5.352517,43.396056],[5.352562,43.396105],[5.352577,43.396019],[5.352638,43.395991]]],[[[5.352794,43.396194],[5.352812,43.396171],[5.352854,43.396162],[5.352792,43.39617],[5.352787,43.396201],[5.352831,43.396205],[5.352872,43.396159],[5.352855,43.396161],[5.352825,43.396198],[5.352794,43.396194]]],[[[5.352722,43.396241],[5.35271,43.39625],[5.352724,43.396277],[5.352749,43.396294],[5.35274,43.396366],[5.352815,43.39641],[5.352811,43.396441],[5.352847,43.396431],[5.352923,43.396484],[5.353017,43.396513],[5.353043,43.39654],[5.353007,43.396577],[5.353096,43.39662],[5.353119,43.396688],[5.353127,43.396662],[5.353088,43.396609],[5.353012,43.396575],[5.353048,43.396547],[5.353048,43.396529],[5.353015,43.396498],[5.352953,43.39649],[5.352833,43.396416],[5.352781,43.396337],[5.352778,43.396283],[5.352739,43.396238],[5.352751,43.39622],[5.352651,43.396186],[5.352704,43.396118],[5.352741,43.396135],[5.352912,43.396086],[5.352966,43.396053],[5.352929,43.396045],[5.352937,43.396056],[5.352907,43.396079],[5.352785,43.396118],[5.352777,43.396086],[5.352838,43.396049],[5.352837,43.396022],[5.352866,43.395999],[5.352897,43.395998],[5.352927,43.396043],[5.352896,43.395988],[5.352841,43.395993],[5.35291,43.395875],[5.352928,43.39587],[5.352954,43.395905],[5.352984,43.395882],[5.352948,43.39581],[5.352941,43.395849],[5.352892,43.395877],[5.352864,43.395927],[5.352879,43.395841],[5.352926,43.395786],[5.352924,43.395737],[5.352875,43.395742],[5.352889,43.395787],[5.352877,43.395814],[5.352781,43.395879],[5.352667,43.396089],[5.352657,43.396152],[5.352609,43.396198],[5.3526,43.396279],[5.352678,43.396228],[5.352722,43.396241]]],[[[5.352525,43.39624],[5.3525,43.396255],[5.352502,43.396299],[5.352572,43.396347],[5.352577,43.396325],[5.352525,43.39624]]],[[[5.352188,43.396459],[5.352189,43.396495],[5.352227,43.396512],[5.35224,43.39653],[5.352229,43.396548],[5.35226,43.39657],[5.352285,43.396579],[5.352322,43.39656],[5.352371,43.396559],[5.352415,43.396571],[5.352416,43.396603],[5.352506,43.396529],[5.352531,43.396546],[5.352554,43.396552],[5.352549,43.396532],[5.352529,43.396526],[5.352537,43.396504],[5.352523,43.396472],[5.352535,43.396456],[5.352548,43.396463],[5.352551,43.396498],[5.352586,43.396498],[5.352583,43.396463],[5.352546,43.396426],[5.352521,43.396409],[5.352532,43.396382],[5.352494,43.396346],[5.352486,43.396306],[5.352468,43.396311],[5.352482,43.396346],[5.352535,43.396454],[5.352491,43.396466],[5.352452,43.396422],[5.352416,43.396441],[5.35234,43.396415],[5.352316,43.396416],[5.352299,43.396448],[5.352256,43.396471],[5.352188,43.396459]]],[[[5.352018,43.396526],[5.352005,43.396513],[5.351956,43.396527],[5.352,43.39654],[5.352018,43.396526]]],[[[5.352814,43.396547],[5.352883,43.396597],[5.352872,43.396579],[5.352802,43.39654],[5.352763,43.396594],[5.352786,43.396611],[5.352814,43.396547]]],[[[5.352078,43.396489],[5.352106,43.396578],[5.352158,43.39664],[5.352135,43.396676],[5.352185,43.396693],[5.352231,43.396769],[5.352281,43.396768],[5.352341,43.39673],[5.352403,43.396729],[5.352406,43.396671],[5.352517,43.39658],[5.352515,43.39657],[5.352388,43.396666],[5.352381,43.396644],[5.352416,43.396603],[5.352361,43.396613],[5.352338,43.396659],[5.352253,43.396687],[5.35227,43.396647],[5.352206,43.396603],[5.352204,43.396558],[5.352167,43.396541],[5.352177,43.396505],[5.352133,43.396465],[5.352078,43.396489]]],[[[5.352899,43.396722],[5.352948,43.396632],[5.352912,43.396618],[5.352941,43.396639],[5.352895,43.396721],[5.352899,43.396722]]],[[[5.35257,43.396897],[5.352412,43.396963],[5.352379,43.396914],[5.352422,43.3969],[5.352427,43.396877],[5.35236,43.396883],[5.352302,43.396835],[5.352313,43.396808],[5.352282,43.396795],[5.352252,43.396818],[5.352291,43.396871],[5.352306,43.396934],[5.352384,43.397022],[5.352411,43.397075],[5.352399,43.397103],[5.352437,43.39712],[5.352457,43.397151],[5.352482,43.39715],[5.352492,43.397105],[5.352529,43.397113],[5.352625,43.397048],[5.352675,43.397056],[5.352711,43.397037],[5.352808,43.397026],[5.352802,43.397016],[5.352704,43.397036],[5.35263,43.397028],[5.352508,43.397067],[5.352464,43.397045],[5.352425,43.396992],[5.352551,43.396913],[5.352698,43.396883],[5.352728,43.39686],[5.352725,43.396797],[5.352674,43.396762],[5.352697,43.396707],[5.352653,43.396622],[5.352688,43.396631],[5.352701,43.396649],[5.352701,43.396603],[5.352713,43.396586],[5.352711,43.396544],[5.352734,43.396572],[5.352697,43.396513],[5.352672,43.39653],[5.352687,43.396601],[5.352657,43.396607],[5.352636,43.396574],[5.352615,43.396569],[5.352678,43.396683],[5.35268,43.396728],[5.352662,43.396742],[5.352617,43.396684],[5.352602,43.39663],[5.352557,43.396591],[5.352468,43.39666],[5.352505,43.396668],[5.352507,43.396713],[5.352532,43.396722],[5.352473,43.396795],[5.352548,43.396816],[5.3525,43.396849],[5.352471,43.396899],[5.352533,43.396888],[5.352592,43.396833],[5.352678,43.396831],[5.35271,43.396862],[5.35268,43.396876],[5.352667,43.396858],[5.352631,43.396886],[5.35257,43.396897]],[[5.352565,43.39678],[5.352608,43.396774],[5.352579,43.396824],[5.352548,43.396816],[5.352565,43.39678]],[[5.352396,43.397013],[5.352395,43.396995],[5.352419,43.39699],[5.35244,43.397043],[5.352396,43.397013]]],[[[5.351908,43.39653],[5.351886,43.396538],[5.351991,43.396771],[5.352071,43.396896],[5.35206,43.396957],[5.352124,43.397001],[5.352138,43.397054],[5.352126,43.397064],[5.352217,43.397161],[5.352218,43.397206],[5.352262,43.397218],[5.351908,43.39653]]],[[[5.352966,43.397256],[5.352922,43.397203],[5.352948,43.397244],[5.352966,43.397256]]],[[[5.35298,43.397266],[5.352985,43.397258],[5.352976,43.397263],[5.35298,43.397266]]],[[[5.351639,43.397396],[5.351704,43.397467],[5.351769,43.397556],[5.35171,43.397451],[5.351645,43.39738],[5.351617,43.397385],[5.351639,43.397396]]],[[[5.351991,43.397848],[5.35214,43.398057],[5.352011,43.397867],[5.3518,43.397606],[5.351805,43.397619],[5.351991,43.397848]]],[[[5.352377,43.398827],[5.352438,43.398798],[5.352477,43.398843],[5.352551,43.398841],[5.352589,43.398876],[5.352651,43.398875],[5.352795,43.399017],[5.352662,43.398868],[5.352673,43.39885],[5.352622,43.398797],[5.352514,43.398723],[5.352478,43.398751],[5.352452,43.398724],[5.352365,43.398699],[5.352272,43.398701],[5.352222,43.39868],[5.352163,43.398596],[5.352115,43.398624],[5.352026,43.398572],[5.352002,43.398572],[5.351966,43.3986],[5.351901,43.39852],[5.35179,43.398532],[5.351678,43.398507],[5.351579,43.398509],[5.35151,43.39847],[5.351508,43.398425],[5.351463,43.398386],[5.351427,43.398396],[5.351355,43.398451],[5.351318,43.398452],[5.351295,43.39834],[5.351125,43.398267],[5.351093,43.398213],[5.35106,43.398178],[5.351022,43.398161],[5.35097,43.398162],[5.350971,43.398143],[5.351019,43.398097],[5.351056,43.398096],[5.351159,43.398046],[5.351182,43.397991],[5.351144,43.397965],[5.351142,43.39792],[5.351066,43.397868],[5.351077,43.397832],[5.351032,43.397792],[5.350996,43.397811],[5.350957,43.397785],[5.35087,43.397769],[5.350878,43.397809],[5.350941,43.397844],[5.350827,43.397914],[5.350795,43.397892],[5.350781,43.397847],[5.350812,43.397842],[5.350829,43.397819],[5.350778,43.397784],[5.350778,43.397766],[5.350802,43.397748],[5.350806,43.397705],[5.350829,43.397687],[5.35084,43.397633],[5.350953,43.397378],[5.351063,43.397303],[5.351149,43.39734],[5.351199,43.397335],[5.351223,43.397316],[5.351284,43.39731],[5.351343,43.397245],[5.351392,43.397244],[5.351459,43.39722],[5.351458,43.397202],[5.35142,43.397185],[5.35145,43.397153],[5.351502,43.397131],[5.351589,43.39737],[5.351607,43.39738],[5.351596,43.397372],[5.351512,43.397131],[5.351453,43.397047],[5.351367,43.397049],[5.3513,43.397073],[5.351267,43.397172],[5.351206,43.39721],[5.351233,43.397254],[5.351197,43.397282],[5.35118,43.397323],[5.351092,43.397289],[5.350935,43.397364],[5.350917,43.397387],[5.350874,43.397532],[5.350749,43.397787],[5.350751,43.397841],[5.350707,43.397986],[5.350637,43.398077],[5.350603,43.398159],[5.350508,43.398251],[5.350523,43.398296],[5.350598,43.398339],[5.350557,43.398371],[5.350501,43.398368],[5.350515,43.398413],[5.350462,43.398481],[5.350443,43.398468],[5.350445,43.398356],[5.350368,43.398443],[5.350376,43.398474],[5.350419,43.398469],[5.350383,43.398515],[5.350403,43.398537],[5.350459,43.398549],[5.350442,43.398581],[5.35049,43.398562],[5.350571,43.398564],[5.350486,43.398611],[5.350469,43.398652],[5.350445,43.398653],[5.350421,43.39868],[5.350378,43.398695],[5.350385,43.398708],[5.350514,43.398701],[5.350473,43.398742],[5.350439,43.398739],[5.35039,43.398748],[5.350376,43.398725],[5.350315,43.398733],[5.350313,43.39876],[5.35023,43.398769],[5.350154,43.398726],[5.350106,43.398764],[5.35008,43.398803],[5.350292,43.398807],[5.350415,43.398758],[5.350486,43.398751],[5.350534,43.398732],[5.350806,43.398726],[5.350953,43.398705],[5.350952,43.398687],[5.350792,43.39869],[5.350681,43.398711],[5.35062,43.398712],[5.350601,43.398699],[5.350606,43.398685],[5.350655,43.398675],[5.350791,43.398672],[5.350771,43.398641],[5.350807,43.398622],[5.350794,43.398605],[5.350825,43.39859],[5.350998,43.398596],[5.351017,43.398609],[5.351008,43.39869],[5.351027,43.398703],[5.351262,43.398716],[5.351329,43.398692],[5.35131,43.398679],[5.351198,43.398672],[5.35121,43.398645],[5.351382,43.398632],[5.351501,43.39867],[5.351483,43.398693],[5.351434,43.398694],[5.351396,43.398677],[5.351353,43.398691],[5.35136,43.398705],[5.351435,43.398721],[5.351521,43.398719],[5.351582,43.3987],[5.351632,43.398708],[5.351645,43.398726],[5.35165,43.398703],[5.351612,43.398668],[5.351617,43.398654],[5.351679,43.398653],[5.351743,43.398678],[5.351699,43.398731],[5.351748,43.39873],[5.35177,43.398677],[5.351914,43.398675],[5.352009,43.398722],[5.352004,43.398745],[5.352029,43.398753],[5.352077,43.398734],[5.352128,43.398778],[5.352215,43.398785],[5.352266,43.39882],[5.352377,43.398827]],[[5.35148,43.398459],[5.351493,43.398472],[5.351475,43.398486],[5.351419,43.398492],[5.351425,43.398469],[5.35148,43.398459]],[[5.351157,43.398426],[5.351162,43.398394],[5.351205,43.398393],[5.351157,43.398426]],[[5.35111,43.398476],[5.351136,43.398516],[5.35107,43.398558],[5.35105,43.398518],[5.351079,43.398477],[5.35111,43.398476]],[[5.351018,43.398024],[5.350975,43.398047],[5.350943,43.398016],[5.350955,43.397998],[5.350929,43.397981],[5.350929,43.397955],[5.35099,43.397948],[5.351016,43.397979],[5.351018,43.398024]],[[5.350871,43.398526],[5.350852,43.398504],[5.350888,43.39849],[5.350914,43.398512],[5.350871,43.398526]],[[5.350891,43.398544],[5.350904,43.398557],[5.350874,43.39858],[5.350817,43.398559],[5.350823,43.398546],[5.350891,43.398544]],[[5.350841,43.397942],[5.350796,43.398029],[5.350754,43.398061],[5.350746,43.39803],[5.350792,43.397948],[5.350841,43.397942]],[[5.350767,43.398385],[5.350759,43.398353],[5.350796,43.398348],[5.350797,43.398371],[5.350767,43.398385]],[[5.350576,43.398254],[5.350594,43.39825],[5.350593,43.398258],[5.350641,43.39825],[5.350642,43.398267],[5.35063,43.398276],[5.350607,43.398276],[5.350603,43.39826],[5.350593,43.39826],[5.350581,43.398268],[5.350569,43.398268],[5.35057,43.398258],[5.350576,43.398254]]],[[[5.350235,43.398657],[5.350278,43.398643],[5.350264,43.398612],[5.350227,43.398626],[5.350235,43.398657]]],[[[5.352791,43.398831],[5.352746,43.398778],[5.352799,43.398841],[5.352791,43.398831]]],[[[5.352909,43.399067],[5.352859,43.398983],[5.352879,43.398978],[5.352935,43.39903],[5.352932,43.399011],[5.352903,43.398974],[5.352908,43.398993],[5.352844,43.39895],[5.352826,43.398964],[5.352892,43.399052],[5.352909,43.399067]]],[[[5.352949,43.3991],[5.352953,43.3991],[5.352927,43.399082],[5.352949,43.3991]]],[[[5.352971,43.399098],[5.352997,43.399095],[5.352993,43.399092],[5.352971,43.399098]]],[[[5.352846,43.399143],[5.352883,43.399177],[5.35285,43.399113],[5.352861,43.399104],[5.352923,43.399139],[5.352962,43.399192],[5.352973,43.399226],[5.352971,43.399186],[5.352932,43.399132],[5.352856,43.399089],[5.352855,43.399053],[5.352807,43.399028],[5.352831,43.399052],[5.352858,43.399094],[5.352837,43.399111],[5.352816,43.399146],[5.352789,43.399214],[5.352709,43.399268],[5.352758,43.399249],[5.352811,43.399207],[5.352838,43.399112],[5.352846,43.399143]]],[[[5.353066,43.399265],[5.353077,43.399194],[5.353011,43.399105],[5.35307,43.399192],[5.353066,43.399265]]],[[[5.352683,43.399278],[5.352295,43.399243],[5.35193,43.399239],[5.352338,43.399249],[5.35266,43.399287],[5.352683,43.399278]]],[[[5.352758,43.399258],[5.352728,43.399281],[5.352742,43.399325],[5.352761,43.399339],[5.352811,43.399338],[5.352849,43.399312],[5.352772,43.399329],[5.352746,43.399277],[5.352791,43.399269],[5.352817,43.399276],[5.352843,43.399266],[5.352892,43.399256],[5.35289,43.399192],[5.352884,43.399181],[5.352887,43.399241],[5.352832,43.399265],[5.352758,43.399258]]],[[[5.351103,43.399283],[5.350905,43.399306],[5.350906,43.399324],[5.351052,43.399333],[5.351103,43.399283]]],[[[5.352863,43.399303],[5.352895,43.399282],[5.352956,43.39928],[5.352974,43.399266],[5.352973,43.399241],[5.352954,43.399271],[5.352892,43.399274],[5.352863,43.399303]]],[[[5.350928,43.399466],[5.350997,43.399487],[5.35101,43.399504],[5.351002,43.399455],[5.351019,43.399423],[5.351082,43.39944],[5.351118,43.39943],[5.351126,43.399461],[5.351102,43.399498],[5.351066,43.399517],[5.351079,43.399534],[5.35111,43.399538],[5.351122,43.39952],[5.351165,43.399515],[5.35117,43.399492],[5.351195,43.399491],[5.35124,43.399549],[5.351323,43.399606],[5.35142,43.399568],[5.351494,43.399575],[5.351515,43.399633],[5.351541,43.39965],[5.351542,43.399686],[5.351623,43.399698],[5.351678,43.39977],[5.351699,43.399762],[5.351698,43.399744],[5.351648,43.399727],[5.351615,43.399678],[5.35156,43.399684],[5.351531,43.399586],[5.351492,43.399551],[5.351505,43.399483],[5.351405,43.399486],[5.351389,43.399436],[5.351419,43.399404],[5.351473,43.39938],[5.351472,43.399353],[5.35144,43.399331],[5.351391,43.399332],[5.351334,43.399293],[5.351332,43.399257],[5.351412,43.399242],[5.35166,43.399236],[5.351431,43.399234],[5.351198,43.399266],[5.35118,43.39928],[5.35123,43.399297],[5.351231,43.399333],[5.351214,43.399347],[5.35108,43.399413],[5.35103,43.399396],[5.350952,43.399429],[5.350928,43.399466]],[[5.351364,43.399407],[5.351345,43.399394],[5.351356,43.399366],[5.351343,43.399349],[5.351417,43.399343],[5.351455,43.399364],[5.351389,43.399406],[5.351364,43.399407]],[[5.351336,43.399475],[5.351341,43.399443],[5.351384,43.399442],[5.351367,43.399479],[5.351336,43.399475]]],[[[5.351704,43.399582],[5.351754,43.399599],[5.351761,43.39963],[5.35181,43.399611],[5.351839,43.399579],[5.351776,43.399531],[5.351732,43.399532],[5.35169,43.399555],[5.351704,43.399582]]],[[[5.351236,43.399756],[5.351235,43.399729],[5.351253,43.399697],[5.351327,43.399705],[5.351351,43.399686],[5.351418,43.39968],[5.351387,43.399676],[5.351336,43.399632],[5.351312,43.399633],[5.351264,43.399679],[5.351215,43.39968],[5.351201,43.399653],[5.351146,43.39965],[5.351193,43.399591],[5.351107,43.399606],[5.351096,43.399642],[5.351122,43.399669],[5.351074,43.399697],[5.351105,43.3997],[5.351131,43.399736],[5.351168,43.399735],[5.3512,43.399775],[5.351257,43.399805],[5.351274,43.399764],[5.351236,43.399756]]],[[[5.351565,43.39978],[5.351581,43.39974],[5.351556,43.399727],[5.351519,43.399732],[5.351565,43.39978]]],[[[5.352337,43.399764],[5.352309,43.399753],[5.352282,43.399791],[5.35222,43.399793],[5.352306,43.399791],[5.352317,43.399764],[5.352337,43.399764]]],[[[5.352526,43.399788],[5.352406,43.399788],[5.352406,43.399788],[5.352429,43.399798],[5.352526,43.399788]]],[[[5.352645,43.399809],[5.352564,43.399787],[5.352546,43.399788],[5.352727,43.399827],[5.352767,43.399829],[5.352756,43.399816],[5.352645,43.399809]]],[[[5.351421,43.399883],[5.351462,43.399841],[5.351461,43.39981],[5.351412,43.399815],[5.351421,43.399883]]],[[[5.352874,43.399833],[5.352865,43.399828],[5.35279,43.39983],[5.352874,43.399833]]],[[[5.352951,43.399885],[5.352986,43.399891],[5.352878,43.399835],[5.352951,43.399885]]],[[[5.352193,43.399906],[5.352167,43.399884],[5.352143,43.399889],[5.352132,43.399917],[5.352133,43.399944],[5.352165,43.399965],[5.352193,43.399906]]],[[[5.351496,43.399917],[5.35141,43.399919],[5.351379,43.399933],[5.351537,43.400015],[5.351661,43.400039],[5.351719,43.400088],[5.351717,43.400127],[5.351737,43.400103],[5.351679,43.400037],[5.351555,43.400013],[5.351522,43.399973],[5.351552,43.39995],[5.351602,43.399967],[5.351676,43.399965],[5.351694,43.399951],[5.351692,43.399915],[5.351752,43.399869],[5.351751,43.399842],[5.351732,43.399829],[5.351648,43.399885],[5.351592,43.399873],[5.351621,43.399831],[5.351646,43.39984],[5.3517,43.399807],[5.351692,43.399795],[5.351677,43.399814],[5.351603,43.399825],[5.351592,43.399852],[5.351549,43.399848],[5.351538,43.399894],[5.351558,43.399916],[5.351606,43.399879],[5.351637,43.399891],[5.351571,43.399933],[5.351521,43.399934],[5.351496,43.399917]],[[5.351608,43.399933],[5.351663,43.399931],[5.351634,43.399959],[5.351602,43.399946],[5.351608,43.399933]],[[5.351567,43.399873],[5.35158,43.399882],[5.351562,43.399896],[5.351556,43.399891],[5.351555,43.399873],[5.351561,43.399869],[5.351567,43.399869],[5.351567,43.399873]]],[[[5.352437,43.399938],[5.352521,43.39994],[5.352547,43.399957],[5.352551,43.40001],[5.352515,43.400029],[5.352488,43.399989],[5.352464,43.400003],[5.352467,43.400056],[5.352479,43.400075],[5.352563,43.40001],[5.352573,43.399993],[5.352622,43.399991],[5.352655,43.400031],[5.352644,43.400058],[5.352675,43.400062],[5.35274,43.400011],[5.352703,43.399994],[5.352702,43.399976],[5.352738,43.399948],[5.352737,43.399921],[5.352645,43.399946],[5.352568,43.399867],[5.352544,43.399876],[5.35253,43.399849],[5.352493,43.399841],[5.352432,43.399861],[5.352397,43.399906],[5.352358,43.399871],[5.35234,43.399885],[5.352329,43.399921],[5.352342,43.399939],[5.352319,43.399958],[5.352344,43.399984],[5.352326,43.399998],[5.352295,43.399994],[5.352295,43.399976],[5.352257,43.39995],[5.35229,43.399868],[5.352247,43.399865],[5.352229,43.399879],[5.352243,43.399923],[5.352228,43.399972],[5.35217,43.400017],[5.352133,43.400054],[5.352217,43.400036],[5.352329,43.400061],[5.352337,43.400045],[5.352326,43.400045],[5.352329,43.400034],[5.352334,43.400038],[5.352345,43.400039],[5.352366,43.400032],[5.352366,43.400014],[5.352406,43.399983],[5.352416,43.399919],[5.352434,43.399915],[5.352437,43.399938]]],[[[5.352809,43.400023],[5.352814,43.399992],[5.352881,43.399968],[5.352898,43.399945],[5.352884,43.399905],[5.352757,43.399953],[5.352752,43.400002],[5.352809,43.400023]]],[[[5.352116,43.399836],[5.352158,43.399813],[5.352195,43.399812],[5.352219,43.399794],[5.352123,43.399822],[5.352019,43.399913],[5.351922,43.399942],[5.351892,43.399965],[5.351847,43.400025],[5.351817,43.400098],[5.351823,43.40025],[5.351813,43.400286],[5.351851,43.400331],[5.351906,43.400365],[5.351852,43.400328],[5.351826,43.400292],[5.351819,43.400112],[5.351866,43.400057],[5.351888,43.399985],[5.351917,43.399953],[5.352029,43.399959],[5.352045,43.399918],[5.352117,43.399863],[5.352116,43.399836]]],[[[5.352998,43.400127],[5.353063,43.400063],[5.35302,43.400064],[5.35298,43.400123],[5.352998,43.400127]]],[[[5.351603,43.400279],[5.351591,43.400266],[5.351387,43.40027],[5.351369,43.400284],[5.351425,43.400305],[5.351549,43.400303],[5.351603,43.400279]]],[[[5.351703,43.400461],[5.351814,43.400459],[5.351851,43.40044],[5.352171,43.400433],[5.352278,43.40048],[5.352279,43.400499],[5.352283,43.400479],[5.352214,43.40044],[5.352164,43.400432],[5.352138,43.400405],[5.352114,43.400424],[5.352028,43.400435],[5.351873,43.400431],[5.351765,43.40045],[5.351762,43.400418],[5.351701,43.400397],[5.351736,43.40036],[5.35173,43.400282],[5.351707,43.400262],[5.351729,43.400243],[5.351716,43.400148],[5.351712,43.400223],[5.351725,43.40024],[5.351665,43.400278],[5.351717,43.40034],[5.351632,43.400368],[5.35167,43.400395],[5.351634,43.400422],[5.351623,43.400468],[5.351643,43.400481],[5.351703,43.400461]]],[[[5.352402,43.400503],[5.35242,43.400482],[5.352656,43.400513],[5.352672,43.400463],[5.352733,43.400444],[5.35264,43.400414],[5.352503,43.400399],[5.352467,43.400409],[5.352428,43.400408],[5.352395,43.400485],[5.352402,43.400503]]],[[[5.35222,43.40086],[5.352223,43.40086],[5.352219,43.400856],[5.35222,43.40086]]],[[[5.352822,43.385558],[5.352726,43.385467],[5.352648,43.385361],[5.35262,43.38529],[5.352576,43.385259],[5.352548,43.385256],[5.352562,43.385272],[5.352625,43.385316],[5.352652,43.38537],[5.352695,43.385429],[5.352787,43.385545],[5.352822,43.385558]]],[[[5.352597,43.385644],[5.352557,43.38565],[5.352631,43.385651],[5.352597,43.385644]]],[[[5.352871,43.385698],[5.352897,43.38571],[5.352858,43.385681],[5.352871,43.385698]]],[[[5.352959,43.385723],[5.352933,43.385703],[5.352968,43.385733],[5.352959,43.385723]]],[[[5.352967,43.385799],[5.352916,43.385749],[5.352906,43.385724],[5.352898,43.385743],[5.352911,43.38576],[5.352967,43.385799]]],[[[5.352884,43.385876],[5.352928,43.385907],[5.352954,43.385886],[5.352947,43.385881],[5.352922,43.385891],[5.352884,43.385872],[5.352884,43.385876]]],[[[5.352842,43.385897],[5.352847,43.385895],[5.352823,43.385886],[5.352842,43.385897]]],[[[5.359052,43.385822],[5.358952,43.385854],[5.359063,43.385819],[5.359052,43.385822]]],[[[5.358423,43.385213],[5.358455,43.385226],[5.358457,43.38528],[5.358422,43.385343],[5.358386,43.385371],[5.358377,43.385434],[5.358341,43.385462],[5.358345,43.385561],[5.358415,43.385618],[5.358477,43.385626],[5.358572,43.385682],[5.358517,43.385706],[5.3585,43.385738],[5.358528,43.385809],[5.358578,43.385817],[5.358559,43.38597],[5.358587,43.386042],[5.358625,43.386077],[5.358614,43.386113],[5.358678,43.386157],[5.35868,43.38622],[5.358706,43.386237],[5.358696,43.386291],[5.358733,43.386309],[5.358711,43.386354],[5.358755,43.386533],[5.358774,43.386546],[5.358947,43.386543],[5.358993,43.386609],[5.358981,43.386618],[5.358994,43.386645],[5.358964,43.386668],[5.358902,43.386669],[5.358836,43.386693],[5.358911,43.386728],[5.358951,43.386799],[5.358915,43.386827],[5.358905,43.38689],[5.358924,43.386903],[5.359036,43.38691],[5.359068,43.38694],[5.359057,43.386977],[5.358974,43.387059],[5.359026,43.387121],[5.359127,43.387182],[5.359092,43.387219],[5.359192,43.387262],[5.359133,43.387326],[5.359133,43.387331],[5.359209,43.38725],[5.359182,43.387206],[5.359128,43.386987],[5.359105,43.386968],[5.359045,43.38688],[5.35904,43.386851],[5.359005,43.386813],[5.358997,43.386783],[5.358943,43.38674],[5.35895,43.386721],[5.359004,43.386691],[5.359011,43.38662],[5.358998,43.386597],[5.358984,43.386557],[5.358959,43.386552],[5.358952,43.38654],[5.358907,43.386537],[5.358869,43.386493],[5.358887,43.386461],[5.358854,43.386408],[5.358836,43.386369],[5.358814,43.38635],[5.358811,43.386269],[5.358771,43.386207],[5.358741,43.386081],[5.358677,43.38602],[5.358614,43.385994],[5.358624,43.385913],[5.35867,43.385849],[5.358668,43.385795],[5.358604,43.385733],[5.35861,43.3857],[5.358657,43.385673],[5.358583,43.385684],[5.358506,43.385614],[5.358419,43.385591],[5.358387,43.385567],[5.358387,43.385553],[5.358495,43.385484],[5.358469,43.385448],[5.358499,43.385425],[5.358582,43.385396],[5.358613,43.385355],[5.358577,43.385317],[5.35861,43.385251],[5.358597,43.385215],[5.358563,43.385208],[5.358548,43.385176],[5.358588,43.38513],[5.358578,43.385057],[5.358607,43.385054],[5.35862,43.385016],[5.358565,43.385004],[5.358561,43.384987],[5.358684,43.38498],[5.358199,43.385007],[5.3582,43.385033],[5.358237,43.385041],[5.358253,43.385131],[5.358217,43.38515],[5.358189,43.385206],[5.358132,43.385254],[5.358159,43.385254],[5.358214,43.385217],[5.358423,43.385213]]],[[[5.353233,43.386349],[5.353215,43.386342],[5.353207,43.386347],[5.353262,43.386391],[5.353267,43.386383],[5.353233,43.386349]]],[[[5.353106,43.386492],[5.353105,43.386456],[5.353124,43.38633],[5.353138,43.386313],[5.353152,43.386314],[5.353124,43.386291],[5.353094,43.386305],[5.353087,43.38645],[5.353065,43.386513],[5.353041,43.386532],[5.353042,43.386548],[5.353061,43.38654],[5.353145,43.386527],[5.353144,43.3865],[5.353106,43.386492]]],[[[5.359517,43.386148],[5.35951,43.386125],[5.359436,43.386136],[5.359388,43.386164],[5.359319,43.386152],[5.359318,43.386125],[5.359293,43.386107],[5.35931,43.386076],[5.359384,43.386074],[5.359408,43.386046],[5.359506,43.386044],[5.359532,43.386062],[5.359562,43.386048],[5.359557,43.38594],[5.359538,43.385927],[5.359458,43.385933],[5.359469,43.385879],[5.359456,43.385861],[5.359375,43.385858],[5.359349,43.385814],[5.359263,43.385825],[5.359188,43.385799],[5.359183,43.38579],[5.359063,43.385819],[5.359049,43.385843],[5.359078,43.385858],[5.359056,43.385921],[5.359062,43.385926],[5.359086,43.385927],[5.359104,43.386114],[5.359132,43.386113],[5.359155,43.386099],[5.359175,43.386098],[5.359189,43.386105],[5.359193,43.386113],[5.359279,43.38611],[5.359299,43.386123],[5.359303,43.386147],[5.3593,43.386168],[5.359271,43.386227],[5.35928,43.386253],[5.359188,43.386307],[5.359152,43.386323],[5.35935,43.386316],[5.359381,43.386329],[5.359345,43.386365],[5.359324,43.386447],[5.359282,43.386479],[5.359219,43.386436],[5.359163,43.386441],[5.359214,43.386476],[5.359206,43.386584],[5.359269,43.38668],[5.359285,43.3867],[5.359311,43.386707],[5.3594,43.386683],[5.35943,43.386657],[5.359419,43.386652],[5.359367,43.386599],[5.35934,43.386527],[5.359446,43.386557],[5.359459,43.386583],[5.359508,43.386564],[5.359557,43.386588],[5.359568,43.386581],[5.359578,43.386554],[5.35957,43.386537],[5.359579,43.386526],[5.359592,43.38652],[5.359607,43.386525],[5.359625,43.386566],[5.359617,43.386608],[5.359625,43.386623],[5.359616,43.386647],[5.35968,43.386691],[5.359683,43.386763],[5.359729,43.386829],[5.359815,43.386828],[5.359819,43.386778],[5.35997,43.386698],[5.359988,43.386716],[5.359931,43.386616],[5.35982,43.386321],[5.359788,43.38629],[5.359689,43.386292],[5.359666,43.38632],[5.359592,43.386339],[5.359573,43.386308],[5.359596,43.38629],[5.359493,43.386184],[5.359517,43.386148]]],[[[5.353647,43.386572],[5.353644,43.386568],[5.35365,43.386594],[5.353647,43.386572]]],[[[5.353662,43.386695],[5.353658,43.386705],[5.353664,43.386712],[5.353662,43.386695]]],[[[5.353253,43.38675],[5.353221,43.386679],[5.353248,43.386752],[5.353235,43.38676],[5.353253,43.38675]]],[[[5.353662,43.386765],[5.353668,43.386776],[5.353667,43.386757],[5.353662,43.386765]]],[[[5.353303,43.38682],[5.353295,43.386819],[5.353288,43.386821],[5.353303,43.38682]]],[[[5.353123,43.386822],[5.353084,43.386823],[5.353078,43.386837],[5.353103,43.386835],[5.353123,43.386822]]],[[[5.353646,43.386824],[5.353554,43.386833],[5.353655,43.386831],[5.353646,43.386824]]],[[[5.353423,43.386841],[5.353372,43.386832],[5.353393,43.386843],[5.353444,43.386841],[5.353423,43.386841]]],[[[5.353579,43.386842],[5.353663,43.386836],[5.353662,43.386836],[5.353579,43.386842]]],[[[5.359495,43.386664],[5.359495,43.386674],[5.359487,43.386677],[5.359477,43.386672],[5.359449,43.386672],[5.359426,43.386729],[5.359403,43.386754],[5.359405,43.386765],[5.359454,43.386778],[5.359482,43.386773],[5.3595,43.386798],[5.359533,43.386807],[5.359547,43.38683],[5.359545,43.386841],[5.359531,43.386864],[5.359508,43.38687],[5.359513,43.386914],[5.359539,43.386953],[5.359575,43.386951],[5.359621,43.386944],[5.35964,43.386917],[5.359615,43.386769],[5.35959,43.386749],[5.359593,43.386693],[5.359567,43.386658],[5.35951,43.386648],[5.359498,43.386652],[5.359496,43.386666],[5.359495,43.386664]]],[[[5.353312,43.387149],[5.353255,43.387101],[5.353253,43.387065],[5.353313,43.387028],[5.353308,43.386988],[5.353308,43.38703],[5.353199,43.387077],[5.3532,43.387095],[5.353289,43.387156],[5.353288,43.387168],[5.3533,43.387158],[5.353338,43.387176],[5.353381,43.38717],[5.353374,43.387157],[5.353312,43.387149]]],[[[5.359954,43.387034],[5.359989,43.386988],[5.360032,43.386982],[5.360055,43.386928],[5.360027,43.386865],[5.360029,43.386857],[5.359918,43.386942],[5.359794,43.386927],[5.359789,43.386941],[5.359839,43.386976],[5.35984,43.386994],[5.35975,43.387045],[5.359725,43.387046],[5.359672,43.387105],[5.359735,43.387131],[5.359723,43.387149],[5.359742,43.387162],[5.359785,43.387166],[5.359812,43.387219],[5.35985,43.387236],[5.359846,43.387286],[5.359809,43.387287],[5.359761,43.387315],[5.359693,43.387321],[5.359798,43.387332],[5.359847,43.387313],[5.359909,43.38733],[5.359923,43.387347],[5.359958,43.38732],[5.359995,43.387319],[5.359997,43.387322],[5.359995,43.38728],[5.359969,43.387254],[5.359881,43.387211],[5.359873,43.38717],[5.359811,43.387163],[5.359791,43.387132],[5.359729,43.387106],[5.359752,43.387069],[5.359806,43.387046],[5.359954,43.387034]]],[[[5.353282,43.387282],[5.353284,43.387285],[5.353282,43.387272],[5.353282,43.387282]]],[[[5.353309,43.387349],[5.353314,43.387343],[5.353314,43.38734],[5.353309,43.387349]]],[[[5.35331,43.38741],[5.353329,43.387405],[5.353306,43.387398],[5.35331,43.38741]]],[[[5.353712,43.387412],[5.353699,43.387415],[5.353708,43.387441],[5.353707,43.387417],[5.353712,43.387412]]],[[[5.353714,43.38746],[5.353727,43.387466],[5.353712,43.387456],[5.353714,43.38746]]],[[[5.353747,43.38748],[5.353715,43.387505],[5.353759,43.387488],[5.353747,43.38748]]],[[[5.359134,43.387362],[5.359173,43.387406],[5.359205,43.387419],[5.35921,43.387396],[5.359276,43.387354],[5.359326,43.38736],[5.359293,43.387343],[5.359158,43.387364],[5.359134,43.387357],[5.359134,43.387362]]],[[[5.359359,43.387429],[5.359384,43.387432],[5.359366,43.387401],[5.359359,43.387429]]],[[[5.360179,43.387398],[5.360168,43.3874],[5.360189,43.387407],[5.360179,43.387398]]],[[[5.360074,43.387434],[5.360141,43.387404],[5.360056,43.387418],[5.360074,43.387434]]],[[[5.360214,43.3875],[5.360201,43.387459],[5.360193,43.387481],[5.360225,43.387512],[5.360246,43.387511],[5.360214,43.3875]]],[[[5.35313,43.387613],[5.353138,43.387683],[5.353143,43.387681],[5.35313,43.387613]]],[[[5.360265,43.387583],[5.360259,43.387587],[5.36026,43.387596],[5.360265,43.387583]]],[[[5.353576,43.387706],[5.353494,43.387834],[5.353496,43.387866],[5.353508,43.387849],[5.35357,43.387848],[5.35362,43.387865],[5.353696,43.387759],[5.353682,43.387715],[5.353741,43.387641],[5.353736,43.387629],[5.353733,43.38764],[5.353691,43.387672],[5.353576,43.387706]]],[[[5.360168,43.387769],[5.360193,43.387778],[5.360201,43.387809],[5.360237,43.387812],[5.3602,43.387762],[5.360271,43.387743],[5.360235,43.387745],[5.360168,43.387769]]],[[[5.35298,43.387955],[5.352954,43.387953],[5.352964,43.387955],[5.352964,43.387971],[5.35298,43.387955]]],[[[5.360289,43.387868],[5.360284,43.387863],[5.360246,43.387852],[5.360246,43.387858],[5.360265,43.387871],[5.360289,43.387868]]],[[[5.353571,43.388014],[5.353562,43.388008],[5.353576,43.388028],[5.353571,43.388014]]],[[[5.360131,43.388006],[5.360126,43.38802],[5.36013,43.388022],[5.360143,43.388022],[5.360181,43.388011],[5.360207,43.388011],[5.360197,43.388005],[5.360331,43.387957],[5.360316,43.387894],[5.360313,43.387891],[5.360323,43.387946],[5.360181,43.388008],[5.360133,43.38801],[5.360131,43.388006]]],[[[5.35281,43.388175],[5.352829,43.388163],[5.352876,43.388088],[5.35281,43.388175]]],[[[5.352789,43.388202],[5.352841,43.388282],[5.352842,43.388314],[5.352846,43.38828],[5.352789,43.388202]]],[[[5.359571,43.387775],[5.35961,43.38782],[5.359611,43.387847],[5.359601,43.38791],[5.359566,43.387947],[5.359645,43.387931],[5.359664,43.387944],[5.359667,43.387998],[5.359706,43.388052],[5.359689,43.388083],[5.359626,43.388055],[5.359602,43.388039],[5.359613,43.388067],[5.359666,43.388104],[5.359806,43.388252],[5.359843,43.388251],[5.359892,43.388223],[5.359899,43.388245],[5.359875,43.388264],[5.359884,43.388286],[5.359918,43.388267],[5.359936,43.388253],[5.359911,43.388236],[5.35991,43.388209],[5.359928,43.388195],[5.359965,43.388203],[5.359997,43.388243],[5.360073,43.388287],[5.360087,43.388331],[5.360113,43.388349],[5.360108,43.388371],[5.360057,43.388345],[5.360008,43.388346],[5.359994,43.38832],[5.35997,43.38832],[5.359928,43.388362],[5.359947,43.388375],[5.360003,43.388369],[5.35998,43.388415],[5.360076,43.388507],[5.360112,43.388488],[5.360162,43.388496],[5.360186,43.388478],[5.360297,43.388484],[5.360321,43.388466],[5.36034,43.388479],[5.360298,43.388511],[5.360175,43.388514],[5.360158,43.388537],[5.360158,43.388555],[5.360266,43.388629],[5.360315,43.388619],[5.360353,43.388636],[5.360402,43.388635],[5.360442,43.388697],[5.360478,43.388687],[5.360562,43.388622],[5.3606,43.388631],[5.360631,43.388652],[5.360646,43.388715],[5.360665,43.388728],[5.360689,43.38871],[5.360708,43.388714],[5.360684,43.388741],[5.360735,43.388785],[5.360713,43.388831],[5.36072,43.388862],[5.360814,43.388761],[5.360807,43.388759],[5.360756,43.388706],[5.360643,43.388673],[5.360635,43.388632],[5.360603,43.388605],[5.360591,43.388617],[5.360505,43.388552],[5.36047,43.388538],[5.360464,43.388526],[5.360324,43.388413],[5.360115,43.388217],[5.36007,43.388216],[5.360027,43.388185],[5.360012,43.388168],[5.359982,43.388157],[5.359959,43.388135],[5.35995,43.388097],[5.359904,43.388066],[5.359854,43.38804],[5.359828,43.388014],[5.359824,43.387963],[5.359761,43.387897],[5.359712,43.387878],[5.359681,43.387793],[5.359597,43.387692],[5.35957,43.38762],[5.359478,43.38758],[5.359473,43.387529],[5.359415,43.387487],[5.359375,43.38751],[5.359388,43.387536],[5.359322,43.38756],[5.359292,43.387593],[5.359331,43.387646],[5.359413,43.387693],[5.359461,43.387656],[5.359498,43.387656],[5.359569,43.387721],[5.359571,43.387775]]],[[[5.352812,43.388374],[5.352837,43.388361],[5.352839,43.388341],[5.352812,43.388374]]],[[[5.353333,43.388657],[5.353341,43.388657],[5.353383,43.388632],[5.353473,43.388432],[5.353507,43.388276],[5.353541,43.388195],[5.353539,43.388187],[5.353497,43.388207],[5.353462,43.388248],[5.353467,43.388374],[5.35334,43.388584],[5.353333,43.388657]]],[[[5.35278,43.388412],[5.352737,43.388464],[5.352751,43.388482],[5.352739,43.388509],[5.352672,43.388533],[5.352647,43.388516],[5.352615,43.388551],[5.352666,43.388558],[5.352745,43.388525],[5.352755,43.388453],[5.35278,43.388412]]],[[[5.35334,43.388666],[5.353332,43.38867],[5.353332,43.388671],[5.35334,43.388666]]],[[[5.353339,43.388765],[5.353324,43.388792],[5.353329,43.388797],[5.353349,43.388762],[5.353345,43.388746],[5.353309,43.388747],[5.353293,43.388757],[5.353291,43.388761],[5.353305,43.388765],[5.353321,43.388759],[5.353339,43.388765]]],[[[5.352798,43.388779],[5.352874,43.38883],[5.352869,43.388823],[5.352806,43.38878],[5.352798,43.388779]]],[[[5.352803,43.388942],[5.352814,43.388942],[5.352846,43.388916],[5.352853,43.388905],[5.352942,43.388872],[5.352926,43.388865],[5.352933,43.38887],[5.352867,43.388883],[5.352803,43.388942]]],[[[5.353305,43.38895],[5.353304,43.388927],[5.353292,43.38891],[5.353306,43.388889],[5.353279,43.388909],[5.353305,43.38895]]],[[[5.352754,43.388979],[5.352624,43.388943],[5.35263,43.388953],[5.352744,43.38898],[5.352754,43.388979]]],[[[5.353291,43.389206],[5.353293,43.389242],[5.353269,43.389262],[5.353273,43.389275],[5.353305,43.389252],[5.353327,43.389179],[5.353311,43.389075],[5.353298,43.38908],[5.353301,43.389093],[5.353305,43.389099],[5.353306,43.389126],[5.353315,43.389179],[5.353291,43.389206]]],[[[5.353297,43.38935],[5.353251,43.389432],[5.353222,43.389447],[5.353196,43.389493],[5.35317,43.389551],[5.353159,43.389562],[5.35317,43.389635],[5.353155,43.389681],[5.353172,43.389702],[5.353197,43.389695],[5.353193,43.389784],[5.3532,43.38979],[5.353202,43.389695],[5.353212,43.389677],[5.35322,43.38964],[5.353187,43.389637],[5.35317,43.389558],[5.353232,43.389455],[5.35326,43.389428],[5.353298,43.389351],[5.353292,43.389335],[5.353297,43.38935]]],[[[5.353282,43.389955],[5.35328,43.389926],[5.35326,43.389925],[5.353257,43.3899],[5.353245,43.389886],[5.353247,43.389926],[5.35326,43.389928],[5.353259,43.389955],[5.353226,43.390027],[5.353227,43.390039],[5.353282,43.389955]]],[[[5.353171,43.390067],[5.353154,43.390073],[5.353154,43.390074],[5.353171,43.390067]]],[[[5.353181,43.390218],[5.353195,43.390218],[5.353207,43.390208],[5.353192,43.39021],[5.353169,43.39014],[5.35316,43.390141],[5.353181,43.390218]]],[[[5.352644,43.39041],[5.352665,43.390459],[5.352744,43.390444],[5.352778,43.390358],[5.35271,43.390368],[5.352699,43.390396],[5.352644,43.39041]]],[[[5.352949,43.390471],[5.352917,43.390431],[5.352958,43.39039],[5.353019,43.390371],[5.353042,43.390334],[5.353079,43.390333],[5.353126,43.390278],[5.353188,43.390277],[5.353238,43.390294],[5.353259,43.390343],[5.353302,43.390346],[5.353317,43.390261],[5.353268,43.390262],[5.353259,43.390203],[5.353231,43.390206],[5.353226,43.390217],[5.353241,43.390217],[5.353212,43.390249],[5.353181,43.390255],[5.353188,43.390268],[5.353076,43.390252],[5.353077,43.390279],[5.35304,43.390271],[5.352998,43.390304],[5.353024,43.39033],[5.353014,43.390344],[5.353017,43.390346],[5.352915,43.390402],[5.352897,43.390422],[5.3529,43.390493],[5.352968,43.390514],[5.353018,43.390513],[5.353025,43.390523],[5.353115,43.390516],[5.353129,43.390503],[5.353185,43.3905],[5.353274,43.390536],[5.35325,43.390567],[5.353299,43.390601],[5.3533,43.390619],[5.353275,43.390629],[5.353301,43.390655],[5.353304,43.390736],[5.353281,43.390763],[5.353279,43.390837],[5.353323,43.390702],[5.353303,43.390513],[5.353234,43.390501],[5.353208,43.390475],[5.353171,43.390475],[5.353107,43.390405],[5.353072,43.39045],[5.353035,43.390451],[5.353023,43.39047],[5.352949,43.390471]]],[[[5.353295,43.390927],[5.353279,43.390838],[5.353276,43.390934],[5.353295,43.390927]]],[[[5.353285,43.39099],[5.353274,43.390949],[5.353231,43.391053],[5.35325,43.391066],[5.35325,43.39106],[5.353285,43.39099]]],[[[5.353166,43.391157],[5.353253,43.391107],[5.353251,43.39108],[5.353234,43.391116],[5.353161,43.391153],[5.353166,43.391157]]],[[[5.353142,43.391299],[5.353143,43.391324],[5.353119,43.391343],[5.353132,43.391352],[5.353097,43.391398],[5.353106,43.391416],[5.353184,43.391272],[5.353201,43.391217],[5.353188,43.391198],[5.353188,43.391207],[5.353177,43.391234],[5.35314,43.391253],[5.353169,43.39128],[5.353154,43.391294],[5.353136,43.391288],[5.353133,43.39129],[5.353142,43.391299]]],[[[5.353098,43.391431],[5.353074,43.391443],[5.353076,43.391497],[5.353052,43.391515],[5.353053,43.391533],[5.353076,43.391541],[5.353098,43.391431]]],[[[5.353075,43.391545],[5.353076,43.391542],[5.353062,43.391543],[5.353075,43.391545]]],[[[5.352706,43.392515],[5.35273,43.392505],[5.352692,43.392479],[5.352678,43.392444],[5.352647,43.392449],[5.352641,43.392435],[5.352689,43.392416],[5.352688,43.392389],[5.352724,43.392353],[5.352722,43.392317],[5.352758,43.392298],[5.352745,43.392271],[5.352781,43.392243],[5.352768,43.392226],[5.352779,43.392207],[5.352815,43.39218],[5.3528,43.392117],[5.352862,43.392107],[5.352848,43.392071],[5.352895,43.392016],[5.35288,43.391953],[5.352904,43.391944],[5.352866,43.391917],[5.352852,43.391882],[5.352876,43.391845],[5.352863,43.391828],[5.352935,43.391781],[5.352941,43.391628],[5.352963,43.391564],[5.352991,43.39155],[5.352943,43.391554],[5.352944,43.391572],[5.352908,43.3916],[5.352933,43.391617],[5.35291,43.391654],[5.352923,43.39168],[5.352887,43.391699],[5.352876,43.391726],[5.352902,43.391771],[5.352866,43.391781],[5.352867,43.391808],[5.352808,43.391872],[5.352763,43.391875],[5.352747,43.391891],[5.352813,43.391882],[5.352839,43.3919],[5.352872,43.391933],[5.352875,43.392014],[5.352833,43.392038],[5.352807,43.392011],[5.352777,43.392034],[5.352803,43.392061],[5.352757,43.392134],[5.352796,43.392187],[5.352754,43.392219],[5.352729,43.392211],[5.352675,43.392244],[5.352677,43.392289],[5.352701,43.392288],[5.352703,43.392315],[5.352544,43.392373],[5.352593,43.392396],[5.352563,43.392419],[5.352563,43.392446],[5.352612,43.392428],[5.352613,43.392445],[5.3526,43.392436],[5.352588,43.392445],[5.35259,43.392462],[5.352604,43.392475],[5.352639,43.392462],[5.352661,43.392462],[5.352648,43.392487],[5.352673,43.392496],[5.352674,43.392523],[5.352712,43.392549],[5.352715,43.392612],[5.352678,43.392622],[5.35268,43.392667],[5.352705,43.392684],[5.352683,43.392739],[5.352685,43.392801],[5.3527,43.392864],[5.352726,43.392882],[5.352714,43.3929],[5.352742,43.39298],[5.352724,43.392994],[5.352699,43.392986],[5.352682,43.392997],[5.352731,43.392996],[5.352749,43.392982],[5.352747,43.392928],[5.352692,43.392794],[5.352712,43.392677],[5.352686,43.392632],[5.352722,43.392623],[5.352734,43.392595],[5.352731,43.392541],[5.352706,43.392515]],[[5.352661,43.39234],[5.352687,43.392362],[5.352669,43.392385],[5.352601,43.392382],[5.352643,43.392341],[5.352661,43.39234]]],[[[5.352907,43.393268],[5.352855,43.393151],[5.352771,43.393058],[5.352754,43.393058],[5.352809,43.393105],[5.352907,43.393268]]],[[[5.352454,43.393146],[5.352472,43.393132],[5.352465,43.39311],[5.352526,43.393108],[5.352509,43.393131],[5.352528,43.393144],[5.352564,43.393135],[5.352627,43.39316],[5.35264,43.393187],[5.352708,43.39319],[5.35268,43.393227],[5.352644,43.393228],[5.352644,43.393246],[5.352753,43.39322],[5.352797,43.393242],[5.352798,43.393269],[5.352836,43.393295],[5.352877,43.393375],[5.352835,43.393408],[5.352785,43.3934],[5.352779,43.393413],[5.352842,43.39343],[5.352856,43.393475],[5.352832,43.393502],[5.352882,43.393519],[5.352902,43.39355],[5.353075,43.393546],[5.353182,43.393603],[5.353189,43.393625],[5.353214,43.393624],[5.35339,43.39372],[5.353516,43.393762],[5.353608,43.393764],[5.353402,43.393701],[5.353104,43.393514],[5.352941,43.393324],[5.35296,43.393354],[5.353102,43.393513],[5.353227,43.393602],[5.353265,43.393619],[5.353353,43.393681],[5.35329,43.393665],[5.353176,43.393586],[5.353022,43.393487],[5.352895,43.393349],[5.352789,43.393213],[5.352813,43.393195],[5.352771,43.393165],[5.352744,43.393174],[5.352705,43.393139],[5.352669,43.393136],[5.352652,43.393147],[5.352627,43.393147],[5.352627,43.393138],[5.352674,43.393119],[5.352673,43.393099],[5.352709,43.393084],[5.352725,43.393063],[5.352742,43.393059],[5.352722,43.393059],[5.352698,43.393087],[5.352613,43.393124],[5.352581,43.393103],[5.352586,43.393072],[5.352556,43.393097],[5.352506,43.393098],[5.352487,43.393085],[5.352511,43.393057],[5.352466,43.393027],[5.352448,43.393032],[5.352443,43.393063],[5.352387,43.393042],[5.35236,43.392998],[5.352432,43.392942],[5.352413,43.392938],[5.352389,43.392956],[5.352382,43.392934],[5.352351,43.39293],[5.352315,43.392958],[5.352252,43.392914],[5.352304,43.392965],[5.352294,43.393019],[5.35237,43.393071],[5.352347,43.393099],[5.352373,43.393125],[5.352418,43.393133],[5.352408,43.393088],[5.352439,43.393083],[5.352447,43.393124],[5.352418,43.39314],[5.352454,43.393146]],[[5.352935,43.393442],[5.352927,43.393406],[5.352953,43.393428],[5.352935,43.393442]],[[5.352348,43.392946],[5.352378,43.39295],[5.35236,43.392977],[5.352329,43.392964],[5.352348,43.392946]]],[[[5.353137,43.393703],[5.353138,43.393739],[5.353157,43.393752],[5.353175,43.393738],[5.353162,43.393711],[5.353173,43.393684],[5.35313,43.39368],[5.35311,43.393663],[5.353099,43.393676],[5.353137,43.393703]]],[[[5.353613,43.393881],[5.353593,43.39385],[5.353576,43.393882],[5.353589,43.393909],[5.353572,43.393923],[5.353521,43.393888],[5.35341,43.39389],[5.353384,43.393873],[5.353335,43.393874],[5.353288,43.39392],[5.353163,43.393887],[5.35307,43.393893],[5.353078,43.393915],[5.353209,43.393953],[5.353161,43.39399],[5.35323,43.394029],[5.353304,43.394027],[5.353322,43.394014],[5.353308,43.393978],[5.353364,43.393981],[5.353369,43.393959],[5.3534,43.393953],[5.353474,43.394105],[5.353505,43.394104],[5.353543,43.394139],[5.353592,43.394129],[5.353835,43.394025],[5.353852,43.393993],[5.353702,43.393942],[5.353757,43.393919],[5.353658,43.39393],[5.353651,43.393898],[5.353613,43.393881]],[[5.353466,43.393916],[5.35346,43.393916],[5.353454,43.393912],[5.35346,43.393907],[5.353466,43.393911],[5.353466,43.393916]],[[5.353509,43.393906],[5.353516,43.393928],[5.353486,43.393943],[5.353466,43.393916],[5.353509,43.393906]],[[5.353343,43.393914],[5.35336,43.393891],[5.353391,43.393891],[5.353416,43.393904],[5.353405,43.393922],[5.353351,43.393954],[5.353343,43.393914]],[[5.353281,43.393927],[5.353337,43.393957],[5.353306,43.393954],[5.353271,43.393981],[5.353246,43.393982],[5.353219,43.393937],[5.353101,43.393909],[5.353107,43.393895],[5.35315,43.393894],[5.353281,43.393927]]],[[[5.353463,43.394128],[5.353469,43.394132],[5.353475,43.394127],[5.353474,43.394105],[5.353468,43.394105],[5.353462,43.39411],[5.353463,43.394128]]],[[[5.354165,43.394409],[5.354134,43.394536],[5.354127,43.394657],[5.354142,43.394624],[5.354139,43.394543],[5.354171,43.394416],[5.354164,43.394204],[5.354178,43.394222],[5.354186,43.394456],[5.354157,43.394678],[5.354147,43.39471],[5.354164,43.394688],[5.354203,43.394417],[5.354182,43.39422],[5.354162,43.39415],[5.35412,43.394034],[5.354081,43.393991],[5.354108,43.394054],[5.354121,43.394071],[5.354151,43.394206],[5.354165,43.394409]]],[[[5.353726,43.394536],[5.353715,43.394554],[5.35373,43.394635],[5.353696,43.394698],[5.353723,43.39477],[5.3537,43.394806],[5.353725,43.394806],[5.353726,43.394833],[5.353684,43.394856],[5.353733,43.394855],[5.353818,43.394826],[5.353964,43.39476],[5.354053,43.394691],[5.354077,43.394654],[5.354096,43.394519],[5.354083,43.394501],[5.354105,43.394438],[5.354129,43.394419],[5.354109,43.394248],[5.354089,43.394208],[5.354067,43.394263],[5.353996,43.394201],[5.35393,43.39423],[5.353855,43.394223],[5.353844,43.39425],[5.35376,43.394297],[5.353735,43.394297],[5.353722,43.39427],[5.353697,43.394271],[5.353618,43.394304],[5.353632,43.394349],[5.35367,43.394375],[5.353726,43.394536]],[[5.354078,43.394393],[5.354103,43.394388],[5.354104,43.394411],[5.354085,43.394416],[5.354078,43.394393]],[[5.353733,43.394392],[5.353719,43.394365],[5.353737,43.394351],[5.35381,43.394331],[5.353965,43.394328],[5.354015,43.39435],[5.354004,43.394377],[5.354017,43.394395],[5.353988,43.394445],[5.353902,43.394456],[5.353854,43.394493],[5.353841,43.394466],[5.353761,43.394472],[5.35376,43.394445],[5.353722,43.394428],[5.353733,43.394392]],[[5.353713,43.394696],[5.353737,43.394678],[5.353731,43.394534],[5.35378,43.39451],[5.353812,43.394537],[5.353836,43.394518],[5.354059,43.39454],[5.354067,43.39459],[5.354034,43.394689],[5.353932,43.394768],[5.353811,43.394816],[5.353749,43.394817],[5.353729,43.394786],[5.353739,43.394732],[5.353713,43.394696]]],[[[5.354074,43.394774],[5.354104,43.394709],[5.354064,43.394774],[5.354074,43.394774]]],[[[5.354057,43.394785],[5.354106,43.394762],[5.35414,43.394719],[5.354074,43.394774],[5.354061,43.394779],[5.354057,43.394785]]],[[[5.354051,43.394785],[5.354045,43.394794],[5.354057,43.394785],[5.354051,43.394785]]],[[[5.354038,43.394796],[5.354038,43.3948],[5.354045,43.394794],[5.354038,43.394796]]],[[[5.35399,43.394805],[5.353983,43.39481],[5.354015,43.3948],[5.35399,43.394805]]],[[[5.353807,43.394863],[5.353798,43.394869],[5.353836,43.394857],[5.353807,43.394863]]],[[[5.353725,43.394917],[5.353686,43.39491],[5.353673,43.394919],[5.353716,43.394926],[5.353725,43.394917]]],[[[5.353617,43.394955],[5.353619,43.394955],[5.353629,43.394947],[5.353617,43.394955]]],[[[5.353522,43.395002],[5.353568,43.394958],[5.353529,43.394995],[5.35342,43.395042],[5.353412,43.395051],[5.353522,43.395002]]],[[[5.354434,43.394943],[5.354394,43.394881],[5.354389,43.394746],[5.354344,43.394707],[5.354327,43.394748],[5.354327,43.395045],[5.354364,43.395044],[5.354379,43.395098],[5.354334,43.395067],[5.354316,43.395072],[5.354342,43.395098],[5.354337,43.395139],[5.354293,43.395127],[5.354273,43.395086],[5.354267,43.395087],[5.354286,43.395125],[5.354343,43.395146],[5.354387,43.395186],[5.354374,43.395217],[5.354389,43.39521],[5.354429,43.395263],[5.35449,43.395253],[5.354528,43.395279],[5.354545,43.395247],[5.354537,43.395207],[5.354489,43.395226],[5.354457,43.395213],[5.354474,43.395024],[5.354436,43.394997],[5.354434,43.394943]]],[[[5.353298,43.39522],[5.35329,43.395198],[5.353225,43.395267],[5.353251,43.395302],[5.353205,43.395366],[5.353272,43.39536],[5.353308,43.395323],[5.353345,43.395314],[5.353382,43.395322],[5.353553,43.395273],[5.353573,43.39526],[5.35346,43.395291],[5.353373,43.395284],[5.353325,43.395312],[5.353318,43.395299],[5.353342,43.39528],[5.353329,43.395254],[5.353375,43.395181],[5.353508,43.395119],[5.353522,43.395141],[5.353504,43.395155],[5.353467,43.395156],[5.353365,43.395226],[5.35342,43.395229],[5.353468,43.395201],[5.353506,43.395209],[5.353519,43.395236],[5.353585,43.395185],[5.353548,43.395177],[5.35359,43.395144],[5.353639,43.395143],[5.353665,43.39517],[5.353702,43.395169],[5.353708,43.395182],[5.353665,43.395188],[5.35366,43.39521],[5.353639,43.395222],[5.353722,43.395197],[5.353764,43.395156],[5.353745,43.395143],[5.353665,43.39514],[5.353748,43.395075],[5.353734,43.395031],[5.353806,43.394984],[5.35378,43.394958],[5.353841,43.394929],[5.353865,43.394902],[5.35384,43.394893],[5.353858,43.394879],[5.353943,43.394851],[5.353968,43.394859],[5.354008,43.394826],[5.353972,43.394848],[5.353947,43.39484],[5.353808,43.394901],[5.353833,43.394919],[5.353761,43.394956],[5.353774,43.394983],[5.353732,43.394997],[5.353703,43.395038],[5.353723,43.395079],[5.35365,43.395107],[5.353551,43.395109],[5.35353,43.395042],[5.353512,43.395041],[5.353514,43.395071],[5.353496,43.395085],[5.353471,43.395086],[5.353387,43.395151],[5.353369,43.395147],[5.353409,43.395087],[5.353511,43.395041],[5.353487,43.395039],[5.35345,43.395048],[5.353384,43.395099],[5.353361,43.395145],[5.353325,43.395164],[5.353357,43.395108],[5.353319,43.395148],[5.353308,43.395175],[5.353333,43.395183],[5.353334,43.39521],[5.353312,43.395283],[5.353283,43.395315],[5.353264,43.395311],[5.353275,43.395275],[5.35325,43.395266],[5.353298,43.39522]]],[[[5.354249,43.395087],[5.354162,43.395118],[5.35426,43.395087],[5.354249,43.395087]]],[[[5.354297,43.395237],[5.354352,43.395222],[5.354314,43.395192],[5.354277,43.395206],[5.354297,43.395237]]],[[[5.354366,43.395236],[5.354365,43.39524],[5.354393,43.39528],[5.354366,43.395236]]],[[[5.353021,43.395406],[5.352978,43.395403],[5.352948,43.39543],[5.353004,43.395429],[5.353021,43.395406]]],[[[5.354535,43.39547],[5.354499,43.395498],[5.354524,43.395502],[5.354521,43.395517],[5.354537,43.395504],[5.354557,43.395526],[5.354553,43.395427],[5.3545,43.395338],[5.354468,43.395316],[5.354444,43.395335],[5.354418,43.395317],[5.354457,43.395373],[5.354508,43.395417],[5.354535,43.39547]]],[[[5.353149,43.395448],[5.353208,43.395468],[5.353224,43.39546],[5.353149,43.395448]]],[[[5.352953,43.395721],[5.352955,43.395714],[5.352929,43.395719],[5.352924,43.395737],[5.352942,43.395727],[5.352958,43.395738],[5.352953,43.395721]]],[[[5.354562,43.395839],[5.354563,43.395856],[5.354603,43.395759],[5.354504,43.395592],[5.354503,43.395597],[5.354596,43.395757],[5.354562,43.395839]]],[[[5.352951,43.395794],[5.352967,43.395774],[5.35296,43.395746],[5.352951,43.395794]]],[[[5.354564,43.395876],[5.354564,43.395884],[5.354683,43.396079],[5.354677,43.396054],[5.354564,43.395876]]],[[[5.35297,43.396114],[5.353001,43.396113],[5.353014,43.396126],[5.352985,43.396149],[5.353001,43.396147],[5.353019,43.396133],[5.353005,43.396102],[5.35295,43.396112],[5.352933,43.396153],[5.352979,43.396149],[5.35294,43.396146],[5.35297,43.396114]]],[[[5.354644,43.396145],[5.354692,43.396117],[5.354683,43.396079],[5.354598,43.396117],[5.354624,43.396185],[5.354611,43.396185],[5.354598,43.396177],[5.354545,43.396177],[5.354517,43.396236],[5.354414,43.396297],[5.354365,43.396298],[5.354317,43.396326],[5.354121,43.396375],[5.353995,43.396432],[5.354129,43.396377],[5.354348,43.396318],[5.354372,43.396299],[5.354422,43.396298],[5.354506,43.396251],[5.354566,43.396196],[5.354591,43.396223],[5.354616,43.396222],[5.354634,43.396208],[5.354644,43.396145]]],[[[5.353972,43.396442],[5.353878,43.396461],[5.353537,43.396577],[5.353495,43.3966],[5.353493,43.39661],[5.353544,43.396578],[5.353947,43.396453],[5.353972,43.396442]]],[[[5.353485,43.396634],[5.353488,43.396622],[5.353463,43.396618],[5.353485,43.396634]]],[[[5.353174,43.396712],[5.353217,43.396711],[5.353456,43.396617],[5.35344,43.396615],[5.353234,43.3967],[5.353174,43.396712]]],[[[5.353119,43.396701],[5.353105,43.396705],[5.353079,43.396678],[5.352912,43.396723],[5.352926,43.396725],[5.353073,43.396686],[5.353117,43.396725],[5.353124,43.396747],[5.35313,43.396714],[5.353119,43.396701]]],[[[5.353113,43.396879],[5.353087,43.397035],[5.353119,43.396898],[5.353113,43.396879]]],[[[5.353084,43.397117],[5.353078,43.397118],[5.353072,43.397122],[5.353078,43.397127],[5.353084,43.397122],[5.353084,43.397117]]],[[[5.352969,43.397165],[5.352963,43.397188],[5.352997,43.39724],[5.353003,43.397229],[5.353029,43.397247],[5.353064,43.39721],[5.353126,43.397217],[5.353144,43.397204],[5.353118,43.397207],[5.353043,43.397172],[5.35302,43.397218],[5.352969,43.397165]]],[[[5.353431,43.399922],[5.353183,43.399927],[5.353136,43.39991],[5.353025,43.399897],[5.35315,43.399917],[5.353188,43.399934],[5.353422,43.399929],[5.353452,43.399906],[5.353485,43.399815],[5.353394,43.399691],[5.35337,43.399668],[5.353469,43.399802],[5.35347,43.399838],[5.353431,43.399922]]],[[[5.353143,43.400052],[5.353155,43.400034],[5.353204,43.400033],[5.353234,43.400019],[5.353233,43.399983],[5.353195,43.39997],[5.353116,43.399981],[5.353074,43.400013],[5.353143,43.400052]]],[[[5.353151,43.400092],[5.353138,43.400079],[5.353054,43.40014],[5.353061,43.400162],[5.353111,43.400161],[5.353141,43.400138],[5.353151,43.400092]]],[[[5.360281,43.387625],[5.360266,43.387615],[5.360287,43.387647],[5.360281,43.387625]]],[[[5.360396,43.388036],[5.360386,43.388024],[5.360385,43.38806],[5.360391,43.388078],[5.360361,43.388105],[5.360361,43.388123],[5.360354,43.388136],[5.360348,43.388166],[5.360352,43.388184],[5.360349,43.388197],[5.360378,43.38819],[5.360396,43.388197],[5.360409,43.388215],[5.36037,43.388232],[5.360409,43.388216],[5.360409,43.388241],[5.360506,43.388257],[5.360512,43.38832],[5.360577,43.388355],[5.360713,43.388353],[5.360758,43.388387],[5.36088,43.388446],[5.360925,43.388446],[5.360953,43.388469],[5.360925,43.388443],[5.360888,43.388444],[5.360698,43.388331],[5.360612,43.388333],[5.360561,43.388298],[5.360518,43.388295],[5.360503,43.388223],[5.360459,43.388211],[5.360414,43.388171],[5.360396,43.388036]]],[[[5.36047,43.388521],[5.360273,43.388357],[5.360469,43.388521],[5.360541,43.388576],[5.36047,43.388521]]],[[[5.361041,43.388496],[5.361002,43.38848],[5.360966,43.388479],[5.36102,43.38852],[5.361043,43.388527],[5.361041,43.388496]]],[[[5.361152,43.388559],[5.361204,43.388575],[5.361179,43.388556],[5.361152,43.388559]]],[[[5.361308,43.388593],[5.3613,43.38857],[5.36127,43.388575],[5.361285,43.388606],[5.361375,43.388641],[5.361383,43.388642],[5.361308,43.388593]]],[[[5.360988,43.388756],[5.361014,43.38876],[5.361006,43.388752],[5.361014,43.388743],[5.360964,43.388721],[5.360807,43.38863],[5.360846,43.38868],[5.360856,43.388722],[5.360934,43.388763],[5.360964,43.388767],[5.360988,43.388756]]],[[[5.361169,43.388867],[5.361152,43.388861],[5.361109,43.388837],[5.361108,43.388842],[5.361153,43.388877],[5.361169,43.388867]]],[[[5.361594,43.388858],[5.361576,43.388841],[5.361567,43.388848],[5.361584,43.388852],[5.361594,43.388858]]],[[[5.361257,43.388866],[5.361249,43.388862],[5.361244,43.388861],[5.361257,43.388866]]],[[[5.360961,43.388866],[5.360961,43.388879],[5.360908,43.388921],[5.360876,43.388908],[5.360863,43.388881],[5.360916,43.388831],[5.360934,43.38883],[5.360926,43.388797],[5.36082,43.388763],[5.360884,43.388791],[5.360897,43.388818],[5.360886,43.388836],[5.360802,43.38891],[5.360822,43.388941],[5.360897,43.388957],[5.360947,43.388984],[5.360969,43.388949],[5.360966,43.388868],[5.360961,43.388866]]],[[[5.361794,43.388708],[5.361687,43.38867],[5.361601,43.388672],[5.361577,43.38869],[5.361528,43.388691],[5.361424,43.388656],[5.361487,43.388706],[5.36161,43.388769],[5.361654,43.388795],[5.361679,43.388813],[5.361843,43.38896],[5.361998,43.389062],[5.362011,43.389041],[5.362073,43.389039],[5.362126,43.388998],[5.362135,43.388917],[5.362122,43.38889],[5.361925,43.388746],[5.361838,43.388739],[5.361789,43.388758],[5.36177,43.388736],[5.361794,43.388708]]],[[[5.361292,43.388878],[5.361289,43.388878],[5.361292,43.38889],[5.361292,43.388878]]],[[[5.361682,43.389019],[5.3617,43.389014],[5.361688,43.388991],[5.361644,43.388981],[5.36163,43.388928],[5.361572,43.388879],[5.361492,43.388877],[5.361503,43.388849],[5.361496,43.388848],[5.361468,43.388884],[5.361479,43.388906],[5.361531,43.388924],[5.361601,43.388962],[5.361682,43.389019]]],[[[5.361756,43.388988],[5.361766,43.388995],[5.36174,43.388971],[5.361756,43.388988]]],[[[5.361025,43.389057],[5.361029,43.389037],[5.361027,43.389034],[5.361009,43.389044],[5.361025,43.389057]]],[[[5.361845,43.389049],[5.361819,43.389029],[5.361803,43.38902],[5.361845,43.389049]]],[[[5.361156,43.389093],[5.361162,43.389095],[5.361257,43.389079],[5.361235,43.389074],[5.361167,43.389093],[5.361156,43.389093]]],[[[5.362001,43.389164],[5.362036,43.389207],[5.362044,43.389209],[5.362028,43.389196],[5.362028,43.389178],[5.362001,43.389164]]],[[[5.361588,43.389257],[5.361612,43.389256],[5.361636,43.38922],[5.361672,43.38921],[5.361749,43.38927],[5.361677,43.389208],[5.361628,43.389218],[5.361592,43.389246],[5.361565,43.389247],[5.361588,43.389257]]],[[[5.362062,43.389233],[5.362104,43.389262],[5.362062,43.389225],[5.362062,43.389233]]],[[[5.362158,43.389309],[5.36214,43.389294],[5.36217,43.389328],[5.362158,43.389309]]],[[[5.362122,43.389374],[5.362126,43.389376],[5.362122,43.38937],[5.362122,43.389374]]],[[[5.362246,43.389416],[5.362224,43.389381],[5.362202,43.389365],[5.362246,43.389416]]],[[[5.361984,43.389454],[5.361964,43.389422],[5.361863,43.38936],[5.361984,43.389454]]],[[[5.362508,43.389435],[5.362503,43.389444],[5.362516,43.389435],[5.362508,43.389435]]],[[[5.362448,43.389463],[5.362445,43.389465],[5.362452,43.389464],[5.362448,43.389463]]],[[[5.362322,43.389551],[5.362326,43.389556],[5.362315,43.389533],[5.362322,43.389551]]],[[[5.362425,43.389687],[5.362466,43.389764],[5.362476,43.389773],[5.362464,43.389754],[5.362457,43.389709],[5.362425,43.389687]]],[[[5.362333,43.389885],[5.362191,43.389664],[5.36219,43.389664],[5.362333,43.389885]]],[[[5.362342,43.389624],[5.362673,43.390132],[5.362727,43.390212],[5.362376,43.389667],[5.36218,43.389411],[5.362173,43.389409],[5.362342,43.389624]]],[[[5.362523,43.389845],[5.362502,43.389812],[5.362504,43.389825],[5.362523,43.389845]]],[[[5.363029,43.38995],[5.363031,43.389986],[5.363007,43.390005],[5.363008,43.390032],[5.362986,43.390037],[5.362964,43.390065],[5.362955,43.390091],[5.362939,43.390094],[5.362936,43.390099],[5.362838,43.390119],[5.362771,43.390107],[5.362736,43.39013],[5.362766,43.390154],[5.362786,43.390206],[5.362816,43.390202],[5.362848,43.390222],[5.362862,43.390275],[5.362875,43.390255],[5.363034,43.390206],[5.36312,43.390196],[5.363156,43.390168],[5.36318,43.390167],[5.363301,43.39025],[5.363309,43.390142],[5.363296,43.390124],[5.36332,43.390106],[5.363306,43.39007],[5.36325,43.390067],[5.363231,43.390045],[5.363253,43.38999],[5.363289,43.389962],[5.363105,43.389678],[5.36303,43.389653],[5.362996,43.389577],[5.362934,43.389588],[5.362857,43.389508],[5.362781,43.38951],[5.362811,43.389524],[5.362829,43.389544],[5.362944,43.389612],[5.362968,43.38963],[5.362966,43.389655],[5.36296,43.389661],[5.362956,43.389673],[5.362985,43.389717],[5.363,43.389724],[5.363009,43.389752],[5.363032,43.389894],[5.363034,43.389948],[5.363029,43.38995]]],[[[5.362633,43.390349],[5.362617,43.390308],[5.362491,43.390129],[5.362633,43.390349]]],[[[5.362867,43.39042],[5.36286,43.390411],[5.362865,43.390419],[5.362867,43.39042]]],[[[5.362814,43.390601],[5.362714,43.39047],[5.362894,43.390731],[5.362814,43.390601]]],[[[5.363548,43.391368],[5.363584,43.391313],[5.363556,43.391224],[5.36351,43.391171],[5.363467,43.391173],[5.363442,43.391154],[5.363436,43.391123],[5.363377,43.391093],[5.363376,43.391057],[5.363407,43.391051],[5.363478,43.391086],[5.363488,43.391094],[5.363486,43.391082],[5.363253,43.390911],[5.363208,43.390898],[5.36317,43.390838],[5.363079,43.390714],[5.362988,43.390581],[5.362986,43.390585],[5.362981,43.390584],[5.362973,43.390567],[5.362957,43.390549],[5.362869,43.390426],[5.363197,43.390907],[5.363324,43.390986],[5.363329,43.391006],[5.363306,43.391024],[5.363327,43.391067],[5.363541,43.391353],[5.363548,43.391368]]],[[[5.36306,43.390974],[5.363051,43.390947],[5.363004,43.390892],[5.36306,43.390974]]],[[[5.363583,43.390802],[5.363569,43.390766],[5.363501,43.390772],[5.363425,43.39072],[5.363326,43.390704],[5.363313,43.390686],[5.363294,43.390691],[5.363309,43.390754],[5.363291,43.390759],[5.363245,43.390701],[5.363108,43.390581],[5.363227,43.390727],[5.363228,43.390754],[5.363341,43.390796],[5.363372,43.39084],[5.363387,43.390851],[5.363388,43.39086],[5.363458,43.390956],[5.363711,43.391152],[5.363803,43.391236],[5.363807,43.391257],[5.363813,43.391239],[5.363841,43.39126],[5.363808,43.391283],[5.363847,43.391258],[5.364015,43.391282],[5.36401,43.391279],[5.364056,43.391215],[5.364043,43.391197],[5.364055,43.391188],[5.363911,43.391141],[5.363626,43.390945],[5.363561,43.390865],[5.363572,43.390847],[5.363559,43.390821],[5.363583,43.390802]]],[[[5.363777,43.391284],[5.363731,43.391286],[5.363741,43.391318],[5.363755,43.391309],[5.363805,43.391263],[5.363777,43.391284]]],[[[5.363288,43.391438],[5.363278,43.391493],[5.363323,43.391532],[5.363336,43.391534],[5.363326,43.391524],[5.363342,43.391426],[5.363292,43.391409],[5.363245,43.391346],[5.363237,43.391404],[5.363288,43.391438]]],[[[5.364567,43.391508],[5.36457,43.39151],[5.364567,43.391506],[5.364567,43.391508]]],[[[5.363546,43.391703],[5.363561,43.391708],[5.363522,43.391659],[5.363546,43.391703]]],[[[5.363719,43.391905],[5.363719,43.391895],[5.363717,43.391892],[5.363719,43.391905]]],[[[5.364379,43.391916],[5.364467,43.391911],[5.364553,43.391917],[5.364572,43.39193],[5.36457,43.392015],[5.364634,43.392015],[5.364648,43.392023],[5.364696,43.391998],[5.364815,43.391993],[5.364841,43.392028],[5.364929,43.39202],[5.364835,43.392003],[5.364801,43.391909],[5.364714,43.391902],[5.364711,43.391821],[5.364734,43.391794],[5.364724,43.391722],[5.364635,43.391808],[5.364501,43.391865],[5.364478,43.391892],[5.364379,43.391916]]],[[[5.365184,43.392051],[5.365188,43.392057],[5.365202,43.392054],[5.365184,43.392051]]],[[[5.363983,43.392015],[5.363949,43.39199],[5.363913,43.391988],[5.363883,43.391999],[5.36386,43.392018],[5.363861,43.392054],[5.363925,43.392107],[5.36393,43.392128],[5.363909,43.392155],[5.363867,43.392178],[5.363891,43.392187],[5.363891,43.392183],[5.363913,43.392167],[5.363963,43.392155],[5.363997,43.392153],[5.364002,43.392143],[5.363982,43.392139],[5.363957,43.392102],[5.363983,43.392057],[5.363983,43.392015]],[[5.3639,43.39206],[5.36388,43.392029],[5.363917,43.392023],[5.36393,43.392054],[5.3639,43.39206]]],[[[5.365023,43.392503],[5.365021,43.392501],[5.365018,43.392501],[5.365023,43.392503]]],[[[5.365243,43.3925],[5.365218,43.392497],[5.365146,43.392506],[5.365243,43.3925]]],[[[5.364593,43.392967],[5.364569,43.392768],[5.364589,43.39272],[5.364587,43.392663],[5.364547,43.392674],[5.36454,43.392656],[5.364518,43.392633],[5.364489,43.39257],[5.3644,43.39253],[5.364298,43.39247],[5.364209,43.392343],[5.364335,43.392318],[5.364365,43.392295],[5.364346,43.392282],[5.364224,43.392312],[5.364187,43.392312],[5.364151,43.392268],[5.364146,43.392311],[5.364227,43.392541],[5.364237,43.392551],[5.364224,43.392522],[5.364222,43.392493],[5.364234,43.392501],[5.364269,43.392571],[5.36431,43.392595],[5.364298,43.392604],[5.364336,43.392613],[5.364401,43.392701],[5.364457,43.392862],[5.364533,43.392896],[5.36456,43.39295],[5.364593,43.392967]],[[5.364194,43.392403],[5.364212,43.392409],[5.364223,43.392428],[5.364208,43.392444],[5.364194,43.392443],[5.364184,43.392415],[5.364194,43.392403]]],[[[5.364335,43.392782],[5.364347,43.392804],[5.364321,43.392744],[5.364335,43.392782]]],[[[5.364915,43.392897],[5.364975,43.392851],[5.364986,43.392823],[5.364983,43.392733],[5.364932,43.392699],[5.364927,43.392573],[5.364951,43.39253],[5.364936,43.392539],[5.364908,43.392544],[5.36489,43.392531],[5.364887,43.392558],[5.364858,43.392581],[5.364853,43.392622],[5.364779,43.392623],[5.364756,43.392651],[5.364701,43.392657],[5.364702,43.392702],[5.364666,43.39272],[5.36467,43.39281],[5.364696,43.392855],[5.364704,43.393053],[5.364744,43.393106],[5.364748,43.393205],[5.364725,43.393241],[5.364741,43.393312],[5.364792,43.393206],[5.364756,43.392918],[5.364785,43.392877],[5.364859,43.392876],[5.364866,43.392898],[5.36491,43.392911],[5.364949,43.392955],[5.364978,43.392923],[5.364971,43.392909],[5.364915,43.392897]]],[[[5.364431,43.392994],[5.364431,43.392996],[5.364432,43.392997],[5.364431,43.392994]]],[[[5.364458,43.393056],[5.364458,43.393058],[5.364461,43.393063],[5.364458,43.393056]]],[[[5.364752,43.393389],[5.364748,43.393435],[5.364763,43.393404],[5.364752,43.393389]]],[[[5.364746,43.393457],[5.364765,43.393467],[5.364746,43.393454],[5.364746,43.393457]]],[[[5.365519,43.394175],[5.36548,43.394206],[5.365504,43.394217],[5.365523,43.394171],[5.36551,43.394144],[5.365553,43.394139],[5.365558,43.394125],[5.365506,43.394062],[5.365511,43.39407],[5.3655,43.394088],[5.365526,43.394115],[5.365478,43.394152],[5.365519,43.394175]]],[[[5.365503,43.394292],[5.365503,43.394279],[5.365539,43.394269],[5.365512,43.394239],[5.365496,43.394286],[5.365503,43.394292]]],[[[5.36551,43.394296],[5.365515,43.394299],[5.365549,43.394293],[5.365547,43.394292],[5.36551,43.394296]]],[[[5.365573,43.394366],[5.365582,43.39437],[5.365585,43.394356],[5.365573,43.394366]]],[[[5.365043,43.394315],[5.365115,43.394474],[5.365122,43.394472],[5.365126,43.394475],[5.365059,43.394315],[5.365043,43.394315]]],[[[5.365438,43.394684],[5.365293,43.394609],[5.365311,43.394652],[5.365333,43.394647],[5.365347,43.394697],[5.365385,43.394723],[5.365425,43.394785],[5.365449,43.394861],[5.365451,43.394859],[5.365483,43.394881],[5.365442,43.394774],[5.365452,43.394737],[5.365414,43.394702],[5.365438,43.394684]]],[[[5.365071,43.39469],[5.365262,43.395095],[5.365387,43.395063],[5.3652,43.394659],[5.365071,43.39469]]],[[[5.365482,43.395002],[5.365466,43.394938],[5.365452,43.394909],[5.36545,43.394951],[5.365439,43.394943],[5.365442,43.394952],[5.365482,43.395002]]],[[[5.365577,43.395173],[5.365609,43.395222],[5.365522,43.395082],[5.365518,43.395141],[5.365544,43.395158],[5.365534,43.395213],[5.365567,43.395243],[5.365567,43.395232],[5.36554,43.395187],[5.36555,43.395175],[5.365577,43.395173]]],[[[5.365609,43.395355],[5.365614,43.395364],[5.365618,43.395371],[5.365621,43.395366],[5.365609,43.395355]]],[[[5.365653,43.395955],[5.36565,43.395939],[5.365625,43.395884],[5.365653,43.395955]]],[[[5.365639,43.396389],[5.365696,43.396154],[5.365689,43.396122],[5.365639,43.396389]]],[[[5.365686,43.39684],[5.365677,43.396858],[5.365678,43.39687],[5.365694,43.39687],[5.365717,43.396845],[5.365686,43.39684]]],[[[5.365533,43.396962],[5.365531,43.39697],[5.365537,43.396969],[5.36554,43.396961],[5.365533,43.396962]]],[[[5.365288,43.397172],[5.365303,43.39714],[5.365409,43.396897],[5.365389,43.396928],[5.365288,43.397006],[5.365213,43.39699],[5.365195,43.397004],[5.365209,43.397031],[5.36516,43.39705],[5.36518,43.39709],[5.365229,43.397089],[5.365274,43.397128],[5.365288,43.397172]]],[[[5.365494,43.39724],[5.365518,43.397208],[5.365525,43.397231],[5.365556,43.397235],[5.365563,43.397257],[5.365583,43.397266],[5.365591,43.397218],[5.365572,43.397205],[5.365536,43.397215],[5.365523,43.397197],[5.365494,43.39724]]],[[[5.365655,43.397241],[5.365705,43.39724],[5.36572,43.397233],[5.365705,43.397235],[5.365684,43.39723],[5.365655,43.397241]]],[[[5.365367,43.39733],[5.365371,43.397329],[5.36543,43.397194],[5.365367,43.39733]]],[[[5.365507,43.397308],[5.365513,43.397308],[5.36551,43.397308],[5.365507,43.397308]]],[[[5.365597,43.397474],[5.365601,43.397487],[5.365593,43.397506],[5.365607,43.39752],[5.365611,43.39755],[5.365628,43.397561],[5.365632,43.397578],[5.365659,43.397576],[5.365687,43.397557],[5.365693,43.397516],[5.365659,43.397509],[5.365644,43.397463],[5.365628,43.397467],[5.365607,43.397427],[5.365653,43.397422],[5.36565,43.397399],[5.365602,43.397405],[5.36559,43.397415],[5.365552,43.397431],[5.365555,43.39744],[5.365597,43.397474]]],[[[5.36522,43.397903],[5.365178,43.397936],[5.365135,43.397941],[5.365161,43.397977],[5.365165,43.398067],[5.365184,43.398089],[5.365221,43.398088],[5.36526,43.398123],[5.365284,43.398123],[5.365323,43.398167],[5.365404,43.398178],[5.365405,43.398196],[5.365374,43.398211],[5.365337,43.398202],[5.365296,43.398262],[5.365329,43.398302],[5.365377,43.398265],[5.365408,43.398277],[5.365369,43.398373],[5.365313,43.39836],[5.365299,43.398325],[5.365311,43.398315],[5.365261,43.398308],[5.365266,43.398267],[5.36521,43.398273],[5.365276,43.39837],[5.365272,43.398577],[5.365364,43.398571],[5.365357,43.398539],[5.36538,43.398512],[5.365355,43.398503],[5.365355,43.398485],[5.365373,43.398472],[5.365422,43.398471],[5.365496,43.398478],[5.365528,43.398509],[5.365543,43.398562],[5.365587,43.398584],[5.365643,43.398587],[5.365644,43.398623],[5.36562,43.398642],[5.36563,43.398671],[5.365673,43.398556],[5.365577,43.398555],[5.365539,43.398533],[5.365541,43.398507],[5.365508,43.39845],[5.365494,43.39839],[5.365527,43.398363],[5.365502,43.398345],[5.365488,43.398301],[5.365374,43.39824],[5.365391,43.398208],[5.365459,43.398192],[5.365461,43.398183],[5.365383,43.39813],[5.365314,43.398119],[5.3653,43.398112],[5.365302,43.398096],[5.365317,43.398082],[5.365379,43.398043],[5.365379,43.397983],[5.365366,43.397967],[5.365343,43.397896],[5.365293,43.397769],[5.365255,43.397691],[5.365211,43.397569],[5.365143,43.397566],[5.365124,43.397553],[5.365128,43.397503],[5.365153,43.397503],[5.365197,43.397533],[5.365195,43.397423],[5.365221,43.397311],[5.365274,43.397202],[5.365217,43.397237],[5.365189,43.397306],[5.365085,43.397339],[5.365138,43.39741],[5.365081,43.397537],[5.365098,43.397645],[5.365163,43.397725],[5.365265,43.397803],[5.365266,43.39783],[5.36522,43.397903]],[[5.365235,43.39798],[5.365249,43.398011],[5.365231,43.398025],[5.365199,43.398012],[5.365199,43.397994],[5.365235,43.39798]],[[5.365148,43.397671],[5.365166,43.397639],[5.365196,43.397638],[5.365179,43.397675],[5.365148,43.397671]]],[[[5.36559,43.398795],[5.365568,43.398911],[5.365594,43.398785],[5.36559,43.398795]]],[[[5.365549,43.399033],[5.365561,43.39895],[5.365519,43.399175],[5.365514,43.399298],[5.365524,43.399154],[5.365549,43.399033]]],[[[5.365481,43.399669],[5.365483,43.39965],[5.365491,43.399645],[5.365491,43.399638],[5.365428,43.399663],[5.365481,43.399669]]],[[[5.365491,43.399698],[5.365492,43.399676],[5.36549,43.399676],[5.365491,43.399698]]],[[[5.365485,43.399735],[5.365443,43.399744],[5.365445,43.39978],[5.365386,43.399844],[5.36543,43.399874],[5.365429,43.399868],[5.365438,43.399859],[5.365475,43.399869],[5.365481,43.399863],[5.365485,43.399735]]],[[[5.365427,43.399986],[5.365445,43.399958],[5.365433,43.39989],[5.365403,43.399969],[5.365427,43.399986]]],[[[5.365439,43.400012],[5.365423,43.40014],[5.365444,43.400147],[5.365463,43.400116],[5.365447,43.400021],[5.365439,43.400012]]],[[[5.365554,43.400198],[5.365489,43.400335],[5.365492,43.400345],[5.365494,43.400334],[5.365504,43.400328],[5.365552,43.400219],[5.365569,43.400194],[5.365563,43.400198],[5.365562,43.400189],[5.365573,43.400171],[5.365574,43.400156],[5.365556,43.400187],[5.365554,43.400198]]],[[[5.365429,43.400173],[5.365395,43.400217],[5.365284,43.400211],[5.365242,43.400243],[5.365243,43.400261],[5.365281,43.400287],[5.365015,43.400437],[5.365011,43.400443],[5.365401,43.400221],[5.365429,43.400173]]],[[[5.364889,43.400602],[5.364927,43.400563],[5.364995,43.400463],[5.364889,43.400602]]],[[[5.365783,43.400522],[5.365743,43.400525],[5.36579,43.400524],[5.365801,43.400514],[5.365783,43.400522]]],[[[5.365718,43.400561],[5.365748,43.400556],[5.36562,43.400507],[5.365634,43.400557],[5.365626,43.400571],[5.365601,43.400575],[5.365587,43.400591],[5.365694,43.400589],[5.365718,43.400561]]],[[[5.365049,43.400603],[5.364879,43.400817],[5.364865,43.400839],[5.364871,43.40084],[5.364916,43.400791],[5.365019,43.400656],[5.365049,43.400603]]],[[[5.365699,43.400715],[5.365625,43.400698],[5.365577,43.400735],[5.365528,43.400736],[5.365557,43.400743],[5.365564,43.400747],[5.365564,43.400756],[5.365558,43.400761],[5.365539,43.400764],[5.365502,43.400789],[5.365518,43.400799],[5.365554,43.400772],[5.365591,43.400771],[5.365666,43.400796],[5.365777,43.400645],[5.365647,43.400635],[5.365621,43.400617],[5.365617,43.400658],[5.365692,43.400674],[5.365699,43.400715]]],[[[5.364828,43.400684],[5.364641,43.400931],[5.364619,43.401004],[5.364622,43.401009],[5.364639,43.400936],[5.364782,43.400746],[5.364842,43.400673],[5.364828,43.400684]]],[[[5.364356,43.401068],[5.364355,43.401069],[5.364357,43.401068],[5.364356,43.401068]]],[[[5.364338,43.401091],[5.364344,43.401109],[5.364343,43.401085],[5.364338,43.401091]]],[[[5.364601,43.401166],[5.364617,43.401126],[5.364624,43.401098],[5.364603,43.401079],[5.364599,43.401068],[5.364586,43.401112],[5.364568,43.401126],[5.364482,43.401128],[5.364423,43.4011],[5.36443,43.401105],[5.364431,43.401123],[5.364488,43.40115],[5.36455,43.401152],[5.364585,43.401157],[5.364601,43.401166]]],[[[5.364863,43.40122],[5.364857,43.401225],[5.364858,43.40123],[5.364846,43.401237],[5.364857,43.401237],[5.364863,43.40122]]],[[[5.364297,43.40129],[5.364298,43.401295],[5.364326,43.401278],[5.364349,43.401233],[5.364348,43.401209],[5.364297,43.40129]]],[[[5.364231,43.401519],[5.364225,43.401528],[5.364234,43.401535],[5.364231,43.401519]]],[[[5.364129,43.401698],[5.364145,43.40171],[5.364143,43.40169],[5.364129,43.401698]]],[[[5.364174,43.401862],[5.364189,43.401839],[5.36416,43.401806],[5.364174,43.401862]]],[[[5.364379,43.40208],[5.364381,43.402072],[5.364378,43.402081],[5.364379,43.40208]]],[[[5.364125,43.40255],[5.364129,43.402525],[5.364128,43.40251],[5.364119,43.402558],[5.364125,43.40255]]],[[[5.364266,43.403129],[5.364267,43.403134],[5.364263,43.403153],[5.364275,43.403144],[5.364266,43.403129]]],[[[5.364228,43.403217],[5.364221,43.403225],[5.364229,43.403233],[5.364228,43.403217]]],[[[5.364297,43.403259],[5.364273,43.403277],[5.364288,43.40334],[5.364266,43.403394],[5.364272,43.403387],[5.364295,43.403342],[5.364343,43.403314],[5.364317,43.40326],[5.364291,43.403252],[5.364296,43.40322],[5.36426,43.403248],[5.36424,43.403245],[5.364297,43.403259]]],[[[5.363586,43.403531],[5.363574,43.403536],[5.363595,43.403538],[5.363586,43.403531]]],[[[5.364167,43.403532],[5.364165,43.403541],[5.364167,43.403534],[5.364167,43.403532]]],[[[5.363431,43.403631],[5.36344,43.403558],[5.36347,43.403535],[5.363543,43.403516],[5.363546,43.403519],[5.363548,43.403514],[5.363591,43.403508],[5.363513,43.403411],[5.36356,43.403356],[5.363468,43.403363],[5.363463,43.403347],[5.363414,43.403366],[5.363169,43.403564],[5.363134,43.403619],[5.363229,43.403694],[5.363254,43.403693],[5.36347,43.403832],[5.363488,43.403818],[5.363348,43.403722],[5.363347,43.403695],[5.363431,43.403631]]],[[[5.363678,43.403652],[5.363679,43.403679],[5.363649,43.403684],[5.363595,43.403726],[5.36359,43.403758],[5.363758,43.403646],[5.363781,43.403646],[5.363762,43.403626],[5.363714,43.403615],[5.363678,43.403652]]],[[[5.36585,43.391998],[5.36525,43.391923],[5.365212,43.39204],[5.36536,43.392066],[5.365435,43.392069],[5.36556,43.392093],[5.365573,43.392102],[5.365601,43.392105],[5.365609,43.392101],[5.365616,43.392106],[5.365653,43.392112],[5.365659,43.392109],[5.365805,43.392139],[5.36585,43.391998]]],[[[5.36613,43.392301],[5.366175,43.39235],[5.366224,43.392331],[5.366259,43.392285],[5.366296,43.392284],[5.366306,43.392276],[5.36626,43.392274],[5.366283,43.392237],[5.366307,43.392232],[5.366463,43.392265],[5.366495,43.392286],[5.366486,43.392293],[5.366519,43.392297],[5.366566,43.392283],[5.366605,43.392188],[5.366284,43.392115],[5.366133,43.392047],[5.36609,43.392052],[5.366046,43.392179],[5.366107,43.392189],[5.366117,43.392196],[5.366183,43.392212],[5.366155,43.39228],[5.366129,43.39227],[5.36613,43.392301]]],[[[5.365915,43.392216],[5.365902,43.392191],[5.365916,43.392173],[5.365765,43.392147],[5.36575,43.392206],[5.365848,43.392204],[5.36591,43.392225],[5.365895,43.392264],[5.365897,43.392271],[5.365917,43.392265],[5.365939,43.39223],[5.365915,43.392216]]],[[[5.368595,43.392225],[5.368627,43.392242],[5.3687,43.392214],[5.368694,43.392189],[5.368621,43.392226],[5.368613,43.392186],[5.368638,43.392177],[5.368631,43.392154],[5.368576,43.392187],[5.368566,43.392232],[5.368536,43.392237],[5.368565,43.392244],[5.368595,43.392225]],[[5.368595,43.392221],[5.368601,43.392216],[5.368607,43.39222],[5.368601,43.392225],[5.368595,43.392225],[5.368595,43.392221]]],[[[5.36819,43.392236],[5.368094,43.392262],[5.36819,43.392239],[5.36819,43.392236]]],[[[5.366427,43.392292],[5.366396,43.392318],[5.366445,43.392295],[5.366427,43.392292]]],[[[5.36819,43.392284],[5.368192,43.392284],[5.36819,43.39225],[5.36819,43.392284]]],[[[5.367494,43.392315],[5.367951,43.392295],[5.367484,43.392314],[5.367494,43.392315]]],[[[5.36718,43.392414],[5.367197,43.392392],[5.367371,43.392418],[5.367363,43.392414],[5.367207,43.39239],[5.367139,43.392392],[5.367138,43.392399],[5.367142,43.392404],[5.36718,43.392414]]],[[[5.367224,43.39241],[5.367212,43.392415],[5.367225,43.392411],[5.367224,43.39241]]],[[[5.367407,43.392436],[5.367357,43.392442],[5.367351,43.392441],[5.367377,43.392459],[5.367407,43.392436]]],[[[5.368505,43.392569],[5.36843,43.392562],[5.368428,43.392564],[5.368505,43.392569]]],[[[5.368414,43.392582],[5.368417,43.392577],[5.368413,43.392582],[5.368414,43.392582]]],[[[5.368678,43.392575],[5.368677,43.392574],[5.368676,43.392575],[5.368678,43.392575]]],[[[5.368599,43.392587],[5.368603,43.392585],[5.368588,43.392587],[5.368599,43.392587]]],[[[5.368155,43.392635],[5.368146,43.39262],[5.368142,43.392645],[5.368155,43.392635]]],[[[5.368065,43.392648],[5.368052,43.392623],[5.368026,43.392642],[5.368006,43.392643],[5.368015,43.392649],[5.368026,43.39269],[5.368086,43.39266],[5.368065,43.392648]]],[[[5.367836,43.392686],[5.36783,43.392683],[5.367822,43.392683],[5.367836,43.392686]]],[[[5.368208,43.392676],[5.3682,43.392675],[5.368151,43.39272],[5.368208,43.392676]]],[[[5.367118,43.392727],[5.367116,43.392725],[5.367108,43.392727],[5.367118,43.392727]]],[[[5.367719,43.392721],[5.367684,43.392722],[5.367682,43.392724],[5.367716,43.392723],[5.367719,43.392721]]],[[[5.368018,43.392721],[5.368023,43.392725],[5.368023,43.392714],[5.368018,43.392721]]],[[[5.367052,43.392742],[5.367047,43.392743],[5.367046,43.392746],[5.367052,43.392742]]],[[[5.367348,43.392776],[5.367375,43.392778],[5.367351,43.392738],[5.367253,43.39274],[5.367235,43.392761],[5.367323,43.392759],[5.367348,43.392776]]],[[[5.367205,43.392773],[5.367185,43.392777],[5.367188,43.39278],[5.367205,43.392773]]],[[[5.367439,43.392763],[5.367388,43.39278],[5.367435,43.392783],[5.367467,43.392783],[5.367439,43.392763]]],[[[5.365644,43.39442],[5.365633,43.394412],[5.365642,43.394425],[5.365644,43.39442]]],[[[5.365697,43.394491],[5.365686,43.394483],[5.365735,43.394552],[5.365697,43.394491]]],[[[5.365736,43.394553],[5.365741,43.39456],[5.36575,43.394564],[5.365736,43.394553]]],[[[5.36578,43.394588],[5.36578,43.394604],[5.365804,43.394607],[5.36578,43.394588]]],[[[5.365813,43.394615],[5.365818,43.39463],[5.365852,43.394646],[5.365813,43.394615]]],[[[5.365936,43.394716],[5.36589,43.394694],[5.365889,43.394676],[5.365857,43.39465],[5.365875,43.39469],[5.365936,43.394716]]],[[[5.365978,43.394737],[5.365962,43.394729],[5.36597,43.394743],[5.365978,43.394737]]],[[[5.366181,43.394888],[5.36627,43.394928],[5.366191,43.394874],[5.366181,43.394888]]],[[[5.366338,43.395026],[5.366372,43.395095],[5.366358,43.395159],[5.366377,43.395172],[5.366405,43.395152],[5.366387,43.395079],[5.366338,43.395026]]],[[[5.366397,43.395185],[5.366386,43.395221],[5.366444,43.395247],[5.366443,43.39524],[5.366393,43.395223],[5.366427,43.39517],[5.366397,43.395185]]],[[[5.366484,43.39532],[5.366479,43.395315],[5.366487,43.395332],[5.366484,43.39532]]],[[[5.365715,43.395408],[5.365699,43.395365],[5.365682,43.395337],[5.365683,43.395355],[5.365634,43.395365],[5.365666,43.395405],[5.365715,43.395408]]],[[[5.365782,43.395577],[5.36577,43.395558],[5.365718,43.395416],[5.365705,43.39544],[5.36565,43.395431],[5.365717,43.395545],[5.365715,43.395535],[5.365751,43.39552],[5.365753,43.395552],[5.365782,43.395577]]],[[[5.365702,43.395695],[5.3657,43.395691],[5.3657,43.395693],[5.365702,43.395695]]],[[[5.366603,43.395693],[5.366578,43.395703],[5.366606,43.395708],[5.366603,43.395693]]],[[[5.366609,43.395725],[5.36661,43.395746],[5.366616,43.395753],[5.366609,43.395725]]],[[[5.365899,43.395801],[5.365923,43.395834],[5.365888,43.395757],[5.365899,43.395801]]],[[[5.366608,43.395837],[5.366635,43.395843],[5.366629,43.395812],[5.366608,43.395837]]],[[[5.366635,43.395873],[5.366644,43.395876],[5.366639,43.395861],[5.366635,43.395873]]],[[[5.365837,43.396158],[5.365839,43.396148],[5.365792,43.39592],[5.365706,43.395736],[5.365694,43.395691],[5.365683,43.39569],[5.365792,43.395928],[5.3658,43.39599],[5.365838,43.396148],[5.365837,43.396158]]],[[[5.366655,43.395932],[5.36665,43.395935],[5.366652,43.395942],[5.366655,43.395932]]],[[[5.365991,43.395952],[5.366,43.395959],[5.365991,43.395946],[5.365991,43.395952]]],[[[5.365943,43.396047],[5.365925,43.396032],[5.365926,43.396058],[5.365943,43.396047]]],[[[5.366677,43.396007],[5.36663,43.396097],[5.366629,43.396098],[5.366675,43.396063],[5.366684,43.395999],[5.366669,43.395985],[5.366677,43.396007]]],[[[5.365937,43.396133],[5.365928,43.396089],[5.36593,43.396149],[5.365937,43.396133]]],[[[5.366558,43.396119],[5.36657,43.396099],[5.366568,43.396098],[5.366558,43.396119]]],[[[5.365931,43.396163],[5.365932,43.396194],[5.36597,43.396211],[5.365977,43.396242],[5.366014,43.396242],[5.365999,43.396209],[5.365979,43.396196],[5.365979,43.396173],[5.366022,43.396142],[5.36606,43.396151],[5.366071,43.396123],[5.366116,43.396145],[5.366133,43.396188],[5.366145,43.396187],[5.366132,43.396143],[5.366113,43.396129],[5.366096,43.396096],[5.366058,43.396042],[5.366062,43.396054],[5.366101,43.396108],[5.36609,43.396116],[5.366056,43.396104],[5.366009,43.396055],[5.365993,43.396071],[5.365989,43.396071],[5.366035,43.396122],[5.365961,43.396145],[5.365945,43.396173],[5.365931,43.396163]]],[[[5.366541,43.396149],[5.366545,43.396142],[5.366518,43.396142],[5.366541,43.396149]]],[[[5.366424,43.396207],[5.366409,43.396203],[5.366411,43.396198],[5.366393,43.396218],[5.366424,43.396207]]],[[[5.365801,43.396381],[5.365799,43.396392],[5.3658,43.396389],[5.365801,43.396381]]],[[[5.365769,43.396656],[5.365791,43.396656],[5.36579,43.396673],[5.365795,43.396673],[5.365795,43.396618],[5.365803,43.396606],[5.365823,43.396599],[5.365791,43.396596],[5.365769,43.396656]]],[[[5.366465,43.396628],[5.366456,43.396611],[5.366447,43.396634],[5.366465,43.396628]]],[[[5.366526,43.396448],[5.366493,43.396457],[5.366452,43.396443],[5.366455,43.396591],[5.366467,43.396576],[5.366523,43.396574],[5.366561,43.396614],[5.366552,43.396686],[5.366616,43.396739],[5.366588,43.396778],[5.366592,43.396778],[5.36663,43.396813],[5.366679,43.396803],[5.366709,43.396828],[5.366724,43.396834],[5.366722,43.396821],[5.366582,43.396693],[5.366581,43.396676],[5.366576,43.396677],[5.366576,43.396659],[5.366612,43.39664],[5.366597,43.396568],[5.366571,43.396551],[5.366569,43.396488],[5.366543,43.39647],[5.366549,43.396427],[5.366547,43.396432],[5.366526,43.396448]]],[[[5.365757,43.396674],[5.365746,43.396686],[5.365745,43.396694],[5.365761,43.39669],[5.365757,43.396674]]],[[[5.365763,43.396706],[5.365764,43.396704],[5.365763,43.396697],[5.365763,43.396706]]],[[[5.36653,43.396779],[5.366582,43.396778],[5.366531,43.396759],[5.36653,43.396779]]],[[[5.366487,43.397239],[5.366523,43.397203],[5.366553,43.397197],[5.366575,43.397134],[5.36655,43.397116],[5.366561,43.397089],[5.366486,43.397064],[5.366497,43.397037],[5.366466,43.397015],[5.366462,43.397044],[5.366405,43.397022],[5.366429,43.396999],[5.366436,43.397017],[5.366463,43.397013],[5.366434,43.396993],[5.366443,43.396921],[5.366478,43.396866],[5.366471,43.396835],[5.366395,43.39694],[5.366384,43.396985],[5.366325,43.397049],[5.366326,43.397076],[5.366278,43.397095],[5.366262,43.39714],[5.366274,43.397133],[5.36628,43.397111],[5.366353,43.3971],[5.366398,43.397149],[5.366386,43.397158],[5.366413,43.397193],[5.366377,43.397221],[5.366421,43.397243],[5.36645,43.397244],[5.36645,43.39724],[5.366487,43.397239]]],[[[5.368491,43.397024],[5.368528,43.397033],[5.368723,43.397021],[5.368522,43.397026],[5.368491,43.397024]]],[[[5.367586,43.397055],[5.36753,43.397091],[5.367594,43.397055],[5.367586,43.397055]]],[[[5.366276,43.397169],[5.366251,43.397173],[5.366255,43.397196],[5.366276,43.397169]]],[[[5.365747,43.397224],[5.365728,43.397203],[5.365715,43.397201],[5.365701,43.397206],[5.365707,43.397213],[5.365726,43.397216],[5.365722,43.397231],[5.365741,43.397222],[5.365747,43.397224]]],[[[5.365785,43.397252],[5.36581,43.397248],[5.365773,43.39724],[5.365773,43.397261],[5.365747,43.397266],[5.365797,43.397271],[5.365785,43.397252]]],[[[5.366588,43.397248],[5.366586,43.397246],[5.366574,43.397247],[5.366588,43.397248]]],[[[5.365937,43.397317],[5.365935,43.397314],[5.365908,43.397319],[5.365937,43.397317]]],[[[5.366005,43.397342],[5.365995,43.397315],[5.365971,43.397317],[5.365981,43.397332],[5.366005,43.397342]]],[[[5.365686,43.397356],[5.365773,43.397353],[5.365734,43.397348],[5.365686,43.397356]]],[[[5.367339,43.397324],[5.367338,43.397323],[5.367338,43.397323],[5.367339,43.397324]]],[[[5.367331,43.397323],[5.367327,43.397324],[5.367327,43.397324],[5.367331,43.397323]]],[[[5.367142,43.39734],[5.367133,43.397333],[5.367088,43.397334],[5.367142,43.39734]]],[[[5.367324,43.397361],[5.367325,43.397362],[5.367324,43.397358],[5.367324,43.397361]]],[[[5.367782,43.397351],[5.367677,43.397357],[5.36755,43.397347],[5.367567,43.397357],[5.367481,43.397359],[5.367506,43.397347],[5.36738,43.397346],[5.367371,43.397354],[5.367366,43.397368],[5.367389,43.397362],[5.36747,43.397361],[5.367468,43.39738],[5.367715,43.397374],[5.367782,43.397351]]],[[[5.367364,43.397375],[5.367385,43.397379],[5.367362,43.39737],[5.367364,43.397375]]],[[[5.367432,43.397387],[5.367432,43.397376],[5.367388,43.397379],[5.367432,43.397387]]],[[[5.368948,43.397348],[5.368504,43.397357],[5.368479,43.39736],[5.368995,43.397353],[5.368948,43.397348]]],[[[5.368436,43.397364],[5.367988,43.397409],[5.368069,43.397405],[5.368436,43.397364]]],[[[5.366109,43.39781],[5.366143,43.397817],[5.366167,43.397695],[5.36607,43.397748],[5.366109,43.39781]]],[[[5.366219,43.397891],[5.366161,43.397842],[5.366137,43.397869],[5.366126,43.397918],[5.366182,43.397912],[5.366207,43.397938],[5.366212,43.397938],[5.366209,43.397936],[5.366219,43.397891]]],[[[5.366719,43.398181],[5.366665,43.398138],[5.366666,43.398176],[5.366713,43.398188],[5.366775,43.398214],[5.366804,43.398238],[5.36688,43.39823],[5.366903,43.398236],[5.366902,43.398252],[5.366884,43.398269],[5.36687,43.398298],[5.366889,43.398311],[5.366952,43.398327],[5.366982,43.398297],[5.367019,43.398295],[5.367047,43.398302],[5.367035,43.39829],[5.367041,43.398258],[5.367175,43.398219],[5.367269,43.39823],[5.367319,43.398256],[5.367386,43.398227],[5.367545,43.398259],[5.367707,43.398392],[5.36777,43.398408],[5.367779,43.398415],[5.367771,43.398406],[5.367523,43.398245],[5.367387,43.398221],[5.367314,43.398249],[5.367213,43.398206],[5.367028,43.39821],[5.366918,43.398231],[5.36688,43.398205],[5.366794,43.398216],[5.366719,43.398181]]],[[[5.366275,43.398609],[5.366271,43.398593],[5.366217,43.398543],[5.366024,43.398437],[5.365932,43.398449],[5.365891,43.398499],[5.365953,43.398516],[5.365944,43.398588],[5.36603,43.398623],[5.366137,43.398682],[5.366192,43.398638],[5.366229,43.398639],[5.366238,43.398617],[5.366275,43.398609]],[[5.366224,43.398602],[5.366194,43.398625],[5.36612,43.398635],[5.366088,43.398604],[5.366086,43.39856],[5.366116,43.398527],[5.366146,43.398527],[5.366222,43.398566],[5.366224,43.398602]]],[[[5.367926,43.398769],[5.367943,43.398868],[5.367894,43.398878],[5.368017,43.398964],[5.368027,43.398931],[5.368,43.398887],[5.367975,43.398878],[5.367987,43.398851],[5.367959,43.39878],[5.36797,43.398752],[5.367944,43.398726],[5.367953,43.398679],[5.367934,43.398708],[5.367926,43.398769]]],[[[5.367463,43.398892],[5.367568,43.398906],[5.367502,43.398876],[5.367289,43.398803],[5.367224,43.398801],[5.367463,43.398892]]],[[[5.367822,43.39903],[5.36782,43.399028],[5.3678,43.399018],[5.367822,43.39903]]],[[[5.367831,43.399063],[5.367536,43.398919],[5.367536,43.398919],[5.367831,43.399063],[5.367988,43.399201],[5.368017,43.399231],[5.367976,43.399184],[5.367831,43.399063]]],[[[5.367747,43.399147],[5.367569,43.399057],[5.367764,43.399163],[5.367747,43.399147]]],[[[5.368031,43.399179],[5.36807,43.399178],[5.368035,43.399168],[5.367939,43.399093],[5.367909,43.399087],[5.368031,43.399179]]],[[[5.366286,43.399212],[5.366284,43.399167],[5.366387,43.399115],[5.366422,43.39907],[5.366657,43.399092],[5.366675,43.399078],[5.366661,43.399033],[5.366691,43.39901],[5.366789,43.398999],[5.366827,43.399025],[5.366852,43.399024],[5.366917,43.398946],[5.366945,43.398937],[5.366956,43.398902],[5.367041,43.398907],[5.367091,43.398887],[5.367149,43.398875],[5.367131,43.398868],[5.367191,43.39879],[5.367167,43.398769],[5.367174,43.398764],[5.367211,43.398767],[5.367208,43.398757],[5.367184,43.398741],[5.367141,43.398745],[5.366908,43.398648],[5.366864,43.398658],[5.366804,43.398648],[5.366912,43.398688],[5.366865,43.398753],[5.366575,43.398635],[5.366421,43.398636],[5.366392,43.398668],[5.366394,43.398731],[5.366364,43.398754],[5.366297,43.39876],[5.366288,43.398841],[5.366264,43.398878],[5.366284,43.3989],[5.36637,43.398898],[5.366451,43.398919],[5.366434,43.398951],[5.366341,43.398948],[5.366335,43.398991],[5.366367,43.39899],[5.366388,43.399001],[5.36638,43.399011],[5.366368,43.399018],[5.366358,43.399019],[5.366342,43.398994],[5.36633,43.398998],[5.366329,43.399013],[5.366343,43.399018],[5.366366,43.399021],[5.366389,43.399046],[5.366366,43.399087],[5.366323,43.399093],[5.366306,43.399133],[5.366263,43.399139],[5.366264,43.399175],[5.366218,43.399248],[5.366192,43.399256],[5.366156,43.399249],[5.36616,43.399191],[5.366094,43.399224],[5.366114,43.399277],[5.36612,43.399309],[5.366143,43.39927],[5.366195,43.399293],[5.366196,43.39932],[5.366159,43.399352],[5.366146,43.399338],[5.366124,43.399376],[5.36613,43.39952],[5.366157,43.399534],[5.366161,43.399546],[5.366144,43.399554],[5.366113,43.399543],[5.366095,43.399565],[5.366072,43.399611],[5.366088,43.399683],[5.366083,43.399684],[5.366089,43.399689],[5.366201,43.399714],[5.366219,43.3997],[5.366217,43.399646],[5.36624,43.3996],[5.36615,43.399521],[5.366136,43.399467],[5.366216,43.399322],[5.366202,43.399277],[5.366286,43.399212]],[[5.366874,43.398817],[5.366937,43.398847],[5.36694,43.398888],[5.366847,43.398891],[5.366844,43.398821],[5.366874,43.398817]],[[5.366785,43.398756],[5.366812,43.398796],[5.366782,43.398819],[5.366745,43.39882],[5.366749,43.398761],[5.366785,43.398756]],[[5.366505,43.398838],[5.366518,43.398865],[5.366464,43.398907],[5.366445,43.398894],[5.366443,43.39884],[5.366466,43.398785],[5.36649,43.398771],[5.366515,43.398784],[5.366505,43.398838]],[[5.366392,43.398805],[5.366394,43.398841],[5.366364,43.398855],[5.36632,43.398842],[5.366306,43.398807],[5.366305,43.398789],[5.366342,43.398774],[5.366349,43.398792],[5.366392,43.398805]],[[5.366541,43.398989],[5.366539,43.398962],[5.366564,43.398952],[5.366605,43.398893],[5.36666,43.398883],[5.366663,43.398968],[5.36661,43.399019],[5.366541,43.398989]]],[[[5.368104,43.399194],[5.36811,43.399189],[5.368087,43.399183],[5.368104,43.399194]]],[[[5.368375,43.399194],[5.368337,43.399205],[5.368379,43.399198],[5.368375,43.399194]]],[[[5.368132,43.399189],[5.368134,43.39919],[5.368112,43.399195],[5.36809,43.399272],[5.368116,43.399289],[5.368117,43.399316],[5.368125,43.399324],[5.368171,43.399174],[5.368132,43.399189]]],[[[5.368092,43.399317],[5.367976,43.399359],[5.367977,43.39936],[5.368092,43.399317]]],[[[5.368383,43.399201],[5.368375,43.399284],[5.368254,43.399388],[5.368205,43.399398],[5.368194,43.399392],[5.368369,43.399563],[5.368375,43.39958],[5.3684,43.399591],[5.368491,43.399569],[5.368629,43.399467],[5.368652,43.399421],[5.36865,43.399367],[5.368429,43.399251],[5.368383,43.399201]]],[[[5.367887,43.39942],[5.3679,43.399447],[5.367956,43.399468],[5.367964,43.399499],[5.367983,43.399504],[5.367998,43.399427],[5.367971,43.399378],[5.367928,43.399388],[5.367887,43.39942]]],[[[5.365758,43.399566],[5.365788,43.39957],[5.365802,43.399614],[5.365851,43.399604],[5.365856,43.399573],[5.365892,43.399561],[5.365906,43.399519],[5.365856,43.399501],[5.365805,43.399549],[5.365779,43.399541],[5.365758,43.399566]]],[[[5.368501,43.399807],[5.368506,43.399776],[5.368416,43.399688],[5.368378,43.39967],[5.368378,43.399652],[5.36833,43.39959],[5.368164,43.39941],[5.368074,43.399479],[5.36815,43.399531],[5.368436,43.399885],[5.368468,43.399907],[5.368567,43.399896],[5.368587,43.399936],[5.368676,43.399997],[5.368671,43.400029],[5.368608,43.399994],[5.368602,43.400017],[5.368628,43.400052],[5.368679,43.400078],[5.368761,43.400176],[5.368772,43.40017],[5.368788,43.400169],[5.368804,43.400184],[5.368761,43.400131],[5.36877,43.400124],[5.368792,43.400123],[5.368884,43.400219],[5.368883,43.400237],[5.368877,43.400242],[5.368911,43.400251],[5.368934,43.400242],[5.368859,43.400172],[5.368821,43.400129],[5.368739,43.40005],[5.368689,43.400015],[5.368705,43.399974],[5.368762,43.399995],[5.368793,43.40003],[5.368792,43.400011],[5.368917,43.399886],[5.368991,43.399903],[5.369145,43.399881],[5.369184,43.399939],[5.369167,43.399962],[5.369056,43.399982],[5.369033,43.40001],[5.368911,43.400048],[5.368812,43.400051],[5.368809,43.400048],[5.368878,43.400127],[5.368948,43.400166],[5.368984,43.400139],[5.36894,43.400156],[5.368896,43.400125],[5.368948,43.400057],[5.369083,43.400036],[5.369134,43.400062],[5.369152,43.400048],[5.36915,43.400012],[5.36918,43.399989],[5.369243,43.400023],[5.369305,43.400022],[5.369353,43.400003],[5.369342,43.4],[5.369353,43.399955],[5.36934,43.399937],[5.369207,43.399864],[5.369158,43.399865],[5.369121,43.399884],[5.368998,43.399886],[5.368972,43.39986],[5.368576,43.399833],[5.36855,43.399806],[5.368501,43.399807]],[[5.36828,43.399584],[5.368302,43.399584],[5.368361,43.399637],[5.368368,43.399653],[5.368345,43.399671],[5.36826,43.39961],[5.368258,43.399601],[5.36828,43.399584]],[[5.368232,43.39957],[5.3682,43.399539],[5.368205,43.399517],[5.368236,43.399516],[5.368262,43.399547],[5.368265,43.399565],[5.368255,43.399573],[5.368232,43.39957]]],[[[5.366058,43.40027],[5.366057,43.400252],[5.366056,43.400252],[5.36605,43.40026],[5.366054,43.400273],[5.366058,43.40027]]],[[[5.368853,43.400318],[5.368844,43.400302],[5.368833,43.400288],[5.368824,43.400309],[5.368853,43.400318]]],[[[5.368991,43.400607],[5.369016,43.400615],[5.36902,43.400574],[5.369077,43.400562],[5.369049,43.400545],[5.369045,43.400539],[5.369034,43.400549],[5.369,43.400547],[5.368993,43.400512],[5.369007,43.400505],[5.369022,43.400506],[5.36902,43.400439],[5.368963,43.400447],[5.368924,43.400432],[5.368888,43.400391],[5.368863,43.400392],[5.368856,43.400369],[5.368879,43.400367],[5.368868,43.400345],[5.368863,43.400362],[5.368839,43.400371],[5.368842,43.400443],[5.368881,43.400478],[5.368869,43.400497],[5.368894,43.400514],[5.368883,43.400541],[5.368908,43.40055],[5.368936,43.400621],[5.368991,43.400607]]],[[[5.368907,43.401522],[5.368925,43.401474],[5.368933,43.401465],[5.368922,43.401477],[5.368907,43.401522]]],[[[5.368662,43.402067],[5.368667,43.402073],[5.368691,43.401931],[5.368682,43.401959],[5.368662,43.402067]]],[[[5.368889,43.402061],[5.368915,43.402105],[5.368918,43.402159],[5.368926,43.402168],[5.368937,43.402142],[5.368896,43.402062],[5.368892,43.401945],[5.368914,43.4019],[5.368883,43.401887],[5.368859,43.401896],[5.368853,43.401886],[5.368829,43.401935],[5.368838,43.402035],[5.368889,43.402061]]],[[[5.368947,43.402045],[5.368948,43.402005],[5.36905,43.401917],[5.369106,43.401916],[5.369087,43.401896],[5.369056,43.401883],[5.369007,43.401893],[5.368929,43.401953],[5.368919,43.402017],[5.368988,43.402177],[5.369062,43.402262],[5.369057,43.402237],[5.368991,43.402139],[5.368947,43.402045]]],[[[5.368944,43.402189],[5.369079,43.40234],[5.369076,43.402324],[5.368944,43.402189]]],[[[5.369095,43.402358],[5.369086,43.402362],[5.369093,43.402367],[5.369098,43.402363],[5.369095,43.402358]]],[[[5.36908,43.392321],[5.369166,43.392313],[5.369094,43.392315],[5.36908,43.392321]]],[[[5.369513,43.392297],[5.369451,43.392298],[5.369403,43.392328],[5.369457,43.392323],[5.369513,43.392297]]],[[[5.369354,43.392327],[5.369345,43.392334],[5.369372,43.392331],[5.369354,43.392327]]],[[[5.369153,43.392404],[5.369146,43.392406],[5.369155,43.392439],[5.369153,43.392404]]],[[[5.369637,43.392627],[5.369723,43.392607],[5.369742,43.392629],[5.369731,43.392657],[5.369788,43.392696],[5.369838,43.392695],[5.369843,43.392672],[5.369794,43.392682],[5.369784,43.392597],[5.369809,43.392596],[5.369848,43.392641],[5.369884,43.392622],[5.369909,43.39263],[5.369921,43.392612],[5.369945,43.392611],[5.369958,43.392629],[5.370131,43.392625],[5.370192,43.392615],[5.370216,43.392596],[5.370501,43.392608],[5.37055,43.392598],[5.370575,43.392625],[5.370721,43.392621],[5.370642,43.392621],[5.370542,43.392587],[5.370394,43.392591],[5.370368,43.392573],[5.370257,43.392567],[5.370207,43.39255],[5.370109,43.39257],[5.369986,43.392573],[5.369999,43.392599],[5.369913,43.39261],[5.369875,43.392584],[5.369789,43.392586],[5.369766,43.392631],[5.369689,43.39257],[5.369666,43.392607],[5.369629,43.392607],[5.369578,43.392573],[5.369517,43.392574],[5.369454,43.392548],[5.36933,43.392533],[5.369279,43.392507],[5.369201,43.392509],[5.369201,43.39252],[5.369213,43.39251],[5.369238,43.392528],[5.369288,43.392527],[5.369376,43.392561],[5.36945,43.392568],[5.369445,43.392609],[5.369489,43.392621],[5.369514,43.392621],[5.369525,43.392603],[5.369637,43.392627]]],[[[5.369001,43.39263],[5.368996,43.392632],[5.369083,43.392648],[5.369099,43.392631],[5.369001,43.39263]]],[[[5.368861,43.392644],[5.368864,43.392644],[5.36886,43.392644],[5.368861,43.392644]]],[[[5.369115,43.397022],[5.369028,43.397015],[5.36894,43.396981],[5.368866,43.396982],[5.368855,43.397],[5.368805,43.397001],[5.368773,43.397018],[5.369151,43.39704],[5.369115,43.397022]]],[[[5.369036,43.39712],[5.369063,43.397138],[5.369115,43.397134],[5.36907,43.397122],[5.369036,43.39712]]],[[[5.36981,43.397124],[5.369803,43.397124],[5.369809,43.397126],[5.369797,43.397144],[5.369834,43.397148],[5.36981,43.397124]]],[[[5.369863,43.397381],[5.36986,43.397382],[5.369868,43.397383],[5.369863,43.397381]]],[[[5.369114,43.400109],[5.369086,43.400099],[5.369032,43.40012],[5.369069,43.40011],[5.369114,43.400109]]],[[[5.369685,43.400078],[5.369784,43.400094],[5.369854,43.400078],[5.369764,43.400084],[5.369694,43.400076],[5.36953,43.400098],[5.369494,43.400117],[5.369407,43.40011],[5.369404,43.400112],[5.369459,43.400142],[5.369448,43.40016],[5.36942,43.400181],[5.369458,43.400153],[5.369559,43.400151],[5.36949,43.400146],[5.369484,43.400132],[5.369526,43.400109],[5.369685,43.400078]]],[[[5.369058,43.400146],[5.369007,43.400187],[5.368983,43.400189],[5.368989,43.400279],[5.369012,43.400294],[5.369039,43.400281],[5.369042,43.400283],[5.369038,43.400275],[5.369091,43.400234],[5.369171,43.400209],[5.369133,43.400192],[5.369169,43.400164],[5.369168,43.400143],[5.369158,43.400162],[5.369058,43.400146]]],[[[5.369695,43.400173],[5.36974,43.400212],[5.369789,43.400202],[5.369796,43.400229],[5.369821,43.400242],[5.369823,43.400277],[5.369839,43.400267],[5.369851,43.400239],[5.369825,43.400222],[5.369824,43.400195],[5.369732,43.400192],[5.369712,43.40017],[5.369794,43.40014],[5.369695,43.400173]]],[[[5.369195,43.4002],[5.369246,43.400235],[5.369273,43.400297],[5.369354,43.400309],[5.369382,43.400328],[5.36938,43.400324],[5.369342,43.400297],[5.369292,43.400289],[5.369266,43.400254],[5.369277,43.400218],[5.369264,43.400191],[5.369282,43.400181],[5.369249,43.400158],[5.369256,43.40018],[5.369195,43.4002]]],[[[5.369796,43.400229],[5.36979,43.400229],[5.369784,43.400234],[5.36979,43.400238],[5.369796,43.400233],[5.369796,43.400229]]],[[[5.369076,43.400314],[5.369075,43.400283],[5.369048,43.400288],[5.369058,43.400295],[5.369076,43.400314]]],[[[5.369026,43.400304],[5.369055,43.400326],[5.369047,43.400313],[5.369026,43.400304]]],[[[5.369129,43.400339],[5.369084,43.400322],[5.369116,43.400356],[5.369129,43.400339]]],[[[5.369335,43.400462],[5.369292,43.40045],[5.369302,43.400413],[5.36922,43.400357],[5.36919,43.400371],[5.369172,43.400403],[5.369159,43.400401],[5.369174,43.400418],[5.369244,43.400457],[5.369368,43.400472],[5.369374,43.400459],[5.369348,43.400441],[5.369394,43.400359],[5.369386,43.400337],[5.369387,43.400358],[5.369339,43.400395],[5.369335,43.400462]]],[[[5.36946,43.400299],[5.369473,43.400326],[5.369504,43.40033],[5.3695,43.400388],[5.369587,43.400387],[5.369625,43.400413],[5.369667,43.400389],[5.369696,43.400348],[5.369758,43.400347],[5.369771,43.400364],[5.369869,43.400362],[5.369955,43.400351],[5.369992,43.400333],[5.370017,43.40035],[5.370029,43.400341],[5.370036,43.400363],[5.369976,43.400391],[5.370025,43.400399],[5.370003,43.400463],[5.370042,43.400507],[5.370044,43.400552],[5.370076,43.400574],[5.370137,43.400563],[5.37015,43.400581],[5.370224,43.40058],[5.370243,43.400593],[5.370235,43.400701],[5.370192,43.400697],[5.370173,43.400684],[5.370171,43.400648],[5.37014,43.400644],[5.370123,43.400676],[5.370137,43.400703],[5.370089,43.40074],[5.37009,43.400767],[5.370197,43.400814],[5.370202,43.400783],[5.370159,43.400788],[5.370139,43.400757],[5.370169,43.400734],[5.370218,43.400742],[5.370238,43.400764],[5.37024,43.400827],[5.370272,43.40084],[5.370295,43.400803],[5.370356,43.400793],[5.370362,43.400779],[5.370262,43.400754],[5.370273,43.400709],[5.370259,43.400691],[5.37029,43.400677],[5.370334,43.400699],[5.370325,43.400729],[5.37035,43.40072],[5.37036,43.400701],[5.370346,43.400698],[5.370393,43.400625],[5.370314,43.400528],[5.370393,43.400495],[5.370429,43.400449],[5.370445,43.400445],[5.370408,43.400439],[5.370361,43.400494],[5.370336,43.400494],[5.370329,43.400472],[5.370364,43.400417],[5.370345,43.400404],[5.370259,43.400415],[5.370259,43.400423],[5.370267,43.400417],[5.370335,43.400415],[5.370302,43.400519],[5.370272,43.400534],[5.370259,43.400475],[5.370258,43.400536],[5.37008,43.400563],[5.370061,43.400541],[5.370069,43.400451],[5.370044,43.400433],[5.370035,43.400248],[5.370007,43.400146],[5.370018,43.40011],[5.369973,43.40007],[5.369889,43.400076],[5.369969,43.400081],[5.370017,43.400193],[5.37002,43.400274],[5.370002,43.400278],[5.369982,43.400256],[5.369967,43.400219],[5.369974,43.400246],[5.370014,43.400308],[5.369996,43.400331],[5.369837,43.400361],[5.369793,43.40034],[5.369779,43.400304],[5.369799,43.400292],[5.369719,43.400294],[5.36967,43.400322],[5.369575,43.400256],[5.369586,43.40022],[5.369616,43.400197],[5.369628,43.400206],[5.369646,43.400183],[5.369608,43.400176],[5.369627,43.40019],[5.369577,43.400191],[5.369579,43.400227],[5.369543,43.400264],[5.369551,43.400295],[5.369501,43.400288],[5.369469,43.400266],[5.369492,43.400229],[5.369473,43.400216],[5.369386,43.4002],[5.369358,43.400181],[5.36935,43.40018],[5.369381,43.400202],[5.369475,43.400222],[5.369458,43.400263],[5.369434,43.400273],[5.369421,43.400255],[5.369403,43.400269],[5.369404,43.400296],[5.369423,43.400318],[5.36946,43.400299]]],[[[5.369841,43.400579],[5.369797,43.400557],[5.36982,43.400521],[5.369864,43.400524],[5.369917,43.400474],[5.369861,43.400453],[5.369776,43.400481],[5.369726,43.400464],[5.369691,43.400528],[5.369666,43.400511],[5.369594,43.400557],[5.369526,43.400554],[5.369563,43.400576],[5.36962,43.400593],[5.369668,43.400574],[5.369742,43.400572],[5.369749,43.400585],[5.369689,43.400623],[5.369783,43.400652],[5.369806,43.400616],[5.369873,43.400592],[5.369866,43.400569],[5.369841,43.400579]],[[5.369563,43.400572],[5.369569,43.400567],[5.369576,43.400571],[5.36957,43.400576],[5.369563,43.400576],[5.369563,43.400572]]],[[[5.369139,43.400603],[5.369148,43.400603],[5.369118,43.400585],[5.369139,43.400603]]],[[[5.369987,43.40067],[5.370005,43.400656],[5.370018,43.400674],[5.370048,43.400651],[5.369958,43.400567],[5.369915,43.400568],[5.369897,43.400582],[5.369887,43.400645],[5.369863,43.400655],[5.369858,43.400678],[5.369839,43.400673],[5.369946,43.400721],[5.369989,43.400706],[5.37,43.400679],[5.369987,43.40067]]],[[[5.369222,43.40074],[5.369213,43.400759],[5.369246,43.400808],[5.369261,43.400808],[5.369231,43.400784],[5.369222,43.40074]]],[[[5.369451,43.400697],[5.369535,43.400691],[5.369535,43.400673],[5.369518,43.400674],[5.369509,43.40069],[5.369474,43.400683],[5.36942,43.400692],[5.369419,43.400674],[5.369455,43.400646],[5.369432,43.400611],[5.369373,43.400607],[5.36933,43.400551],[5.369269,43.400552],[5.369293,43.400595],[5.369275,43.400609],[5.369246,43.40058],[5.369221,43.400562],[5.369216,43.400525],[5.369208,43.400514],[5.369209,43.400532],[5.369191,43.400546],[5.369166,43.400538],[5.36916,43.400561],[5.369225,43.400622],[5.369222,43.400634],[5.369258,43.400659],[5.369253,43.400671],[5.36927,43.400671],[5.369302,43.400701],[5.369413,43.400845],[5.369437,43.400868],[5.369453,43.400902],[5.369467,43.400919],[5.369494,43.400937],[5.369511,43.400962],[5.369499,43.401003],[5.369544,43.401056],[5.36953,43.400968],[5.36944,43.400871],[5.36945,43.400826],[5.36942,43.400831],[5.369361,43.400765],[5.369404,43.400751],[5.369449,43.400799],[5.369474,43.400737],[5.369451,43.400737],[5.369451,43.400697]]],[[[5.369572,43.400787],[5.369535,43.400772],[5.369539,43.400826],[5.369552,43.400853],[5.369593,43.400854],[5.369626,43.400833],[5.369625,43.400824],[5.369596,43.400833],[5.369572,43.400787]]],[[[5.369321,43.400854],[5.369296,43.400835],[5.369291,43.400847],[5.369262,43.400862],[5.369321,43.400854]]],[[[5.36922,43.400939],[5.369228,43.400947],[5.369237,43.400908],[5.36922,43.400921],[5.36922,43.400939]]],[[[5.369649,43.401015],[5.369654,43.400984],[5.369691,43.400965],[5.3697,43.400902],[5.369675,43.400889],[5.369589,43.400904],[5.369604,43.400958],[5.369649,43.401015]]],[[[5.369302,43.40098],[5.369258,43.400977],[5.369252,43.400973],[5.369266,43.400988],[5.369302,43.40098]]],[[[5.369369,43.400998],[5.369357,43.400984],[5.369325,43.400982],[5.369369,43.400998]]],[[[5.369361,43.401043],[5.369376,43.401006],[5.369371,43.401],[5.369361,43.401043]]],[[[5.36936,43.401044],[5.369313,43.401081],[5.369322,43.401102],[5.369317,43.401079],[5.369354,43.40106],[5.36936,43.401044]]],[[[5.369567,43.401084],[5.369577,43.401096],[5.369597,43.401095],[5.369567,43.401084]]],[[[5.369778,43.401168],[5.369783,43.401176],[5.369766,43.401137],[5.369778,43.401168]]],[[[5.369221,43.40119],[5.369301,43.401168],[5.369298,43.401167],[5.369221,43.40119]]],[[[5.369671,43.40124],[5.369697,43.401266],[5.369702,43.401252],[5.369636,43.401113],[5.369595,43.401131],[5.369595,43.401226],[5.369646,43.40127],[5.36964,43.401245],[5.369671,43.40124]]],[[[5.369449,43.401276],[5.369475,43.401271],[5.369511,43.401274],[5.369467,43.401269],[5.369449,43.401276]]],[[[5.370095,43.401526],[5.370168,43.401506],[5.370161,43.401523],[5.370182,43.401512],[5.370124,43.401446],[5.370087,43.401447],[5.370036,43.401412],[5.369969,43.401436],[5.369997,43.401516],[5.369986,43.401512],[5.370003,43.401532],[5.370021,43.401518],[5.370095,43.401526]]],[[[5.369185,43.401489],[5.369163,43.401501],[5.369206,43.401494],[5.369185,43.401489]]],[[[5.369334,43.401493],[5.369346,43.401516],[5.369337,43.401492],[5.369334,43.401493]]],[[[5.36935,43.401526],[5.369349,43.401524],[5.369297,43.401513],[5.36935,43.401526]]],[[[5.369659,43.401329],[5.369656,43.401346],[5.369625,43.401342],[5.36964,43.401423],[5.369622,43.401437],[5.369597,43.401428],[5.369558,43.401375],[5.369502,43.401372],[5.369508,43.401358],[5.369539,43.401362],[5.369537,43.401317],[5.369516,43.401282],[5.369513,43.401297],[5.36947,43.401312],[5.369512,43.401428],[5.369543,43.401431],[5.369569,43.401467],[5.369581,43.401449],[5.369606,43.401448],[5.369613,43.40147],[5.369589,43.401489],[5.369632,43.401493],[5.369652,43.401524],[5.369629,43.40156],[5.369642,43.401587],[5.369598,43.401621],[5.369618,43.40161],[5.369644,43.401604],[5.369692,43.401606],[5.36976,43.401627],[5.369749,43.401664],[5.369707,43.401687],[5.369781,43.401685],[5.369785,43.401636],[5.369828,43.40163],[5.369872,43.401652],[5.369951,43.401767],[5.369971,43.401778],[5.369996,43.40178],[5.369994,43.401733],[5.369981,43.401723],[5.369935,43.401648],[5.369898,43.401667],[5.369854,43.401636],[5.369775,43.401512],[5.369718,43.401473],[5.369693,43.401482],[5.369649,43.401452],[5.369671,43.401379],[5.369659,43.401329]]],[[[5.370153,43.401544],[5.370151,43.401547],[5.370155,43.40155],[5.370153,43.401544]]],[[[5.369926,43.401581],[5.369914,43.401599],[5.369932,43.401605],[5.369926,43.401559],[5.369908,43.401539],[5.369926,43.401581]]],[[[5.369955,43.401645],[5.369951,43.401637],[5.369953,43.401643],[5.369955,43.401645]]],[[[5.369711,43.401756],[5.369706,43.40179],[5.369729,43.401772],[5.369727,43.401736],[5.369695,43.401714],[5.369656,43.401701],[5.369643,43.401707],[5.36966,43.40173],[5.369711,43.401756]]],[[[5.369159,43.401923],[5.369173,43.401906],[5.369196,43.401917],[5.369122,43.401841],[5.36909,43.401828],[5.369159,43.401923]]],[[[5.369211,43.401851],[5.369222,43.401866],[5.369267,43.401913],[5.369271,43.401894],[5.369292,43.401897],[5.369259,43.401865],[5.369221,43.401843],[5.369211,43.401851]]],[[[5.36942,43.401875],[5.369433,43.40191],[5.369443,43.401911],[5.369441,43.401927],[5.369423,43.401935],[5.369422,43.401946],[5.369454,43.401964],[5.369465,43.401963],[5.369456,43.401956],[5.369455,43.401927],[5.369488,43.401926],[5.369477,43.401884],[5.36947,43.401897],[5.369435,43.401898],[5.369432,43.401873],[5.369385,43.401865],[5.369387,43.401856],[5.369359,43.401837],[5.36934,43.401839],[5.369345,43.401857],[5.36942,43.401875]]],[[[5.369538,43.401849],[5.369553,43.401852],[5.369572,43.401875],[5.369694,43.40184],[5.36989,43.402191],[5.369766,43.402229],[5.36989,43.402191],[5.369623,43.401713],[5.369616,43.401712],[5.3696,43.401688],[5.369598,43.401668],[5.36957,43.401618],[5.369428,43.401661],[5.369538,43.401849]]],[[[5.369519,43.401957],[5.369514,43.401948],[5.369508,43.401955],[5.369515,43.401954],[5.369519,43.401957]]],[[[5.36921,43.401975],[5.369206,43.401964],[5.369186,43.40195],[5.36921,43.401975]]],[[[5.369294,43.401899],[5.369416,43.402034],[5.369349,43.401953],[5.369294,43.401899]]],[[[5.369523,43.401996],[5.369484,43.401998],[5.369492,43.402011],[5.36954,43.401992],[5.369535,43.401984],[5.369523,43.401996]]],[[[5.369229,43.402046],[5.369197,43.402012],[5.369234,43.402054],[5.369229,43.402046]]],[[[5.369525,43.402061],[5.369539,43.40207],[5.369523,43.402059],[5.369525,43.402061]]],[[[5.369564,43.402096],[5.369571,43.40208],[5.369563,43.402086],[5.369564,43.402096]]],[[[5.369924,43.40202],[5.369799,43.401998],[5.369808,43.402015],[5.369906,43.402155],[5.369911,43.40218],[5.369925,43.402206],[5.369956,43.40219],[5.369954,43.402154],[5.369878,43.402111],[5.369924,43.40202]]],[[[5.369318,43.402136],[5.369306,43.402112],[5.369294,43.402125],[5.369318,43.402136]]],[[[5.36924,43.402164],[5.369282,43.402126],[5.369274,43.402114],[5.369274,43.402124],[5.369244,43.40214],[5.36924,43.402164]]],[[[5.369167,43.402278],[5.369137,43.402219],[5.369192,43.402196],[5.369148,43.402203],[5.369122,43.402214],[5.369167,43.402278]]],[[[5.369931,43.402215],[5.369964,43.402273],[5.369983,43.402253],[5.369931,43.402215]]],[[[5.369662,43.402334],[5.369674,43.402349],[5.369673,43.402342],[5.369662,43.402334]]],[[[5.370002,43.402335],[5.369997,43.402332],[5.370013,43.402359],[5.370013,43.402353],[5.370002,43.402335]]],[[[5.369111,43.40239],[5.369108,43.402384],[5.3691,43.402389],[5.369106,43.402393],[5.369111,43.40239]]],[[[5.369359,43.402363],[5.369341,43.402363],[5.369408,43.402404],[5.369403,43.402384],[5.369359,43.402363]]],[[[5.36946,43.402435],[5.369454,43.402458],[5.369474,43.40245],[5.369454,43.402419],[5.369435,43.402406],[5.369421,43.402411],[5.36946,43.402435]]],[[[5.369481,43.40245],[5.369504,43.402466],[5.369504,43.402443],[5.369499,43.402449],[5.369481,43.40245]]],[[[5.369188,43.402542],[5.369146,43.402464],[5.369017,43.402498],[5.369061,43.402603],[5.36917,43.402574],[5.369188,43.402542]]],[[[5.369808,43.402566],[5.369811,43.402571],[5.369813,43.402574],[5.369808,43.402566]]],[[[5.369244,43.402621],[5.369257,43.40261],[5.369249,43.402605],[5.369244,43.402621]]],[[[5.369965,43.402669],[5.369959,43.402682],[5.369964,43.402683],[5.369965,43.402669]]],[[[5.369953,43.402683],[5.369947,43.402687],[5.369953,43.402692],[5.369959,43.402687],[5.369959,43.402682],[5.369953,43.402683]]],[[[5.369996,43.402737],[5.370003,43.402729],[5.369976,43.402699],[5.369972,43.402705],[5.369996,43.402737]]],[[[5.369618,43.402693],[5.369588,43.402706],[5.36962,43.40271],[5.369611,43.402819],[5.369632,43.402838],[5.369637,43.402815],[5.369668,43.40281],[5.369654,43.402784],[5.369629,43.402775],[5.36964,43.40273],[5.369626,43.402703],[5.369643,43.402699],[5.369611,43.402656],[5.369618,43.402693]]],[[[5.36927,43.402747],[5.369235,43.402784],[5.369236,43.402811],[5.369289,43.402833],[5.369278,43.402826],[5.369239,43.402782],[5.369275,43.402754],[5.369275,43.402736],[5.369254,43.402715],[5.36927,43.402747]]],[[[5.369637,43.402955],[5.369661,43.402945],[5.369671,43.402891],[5.369695,43.402873],[5.369676,43.402851],[5.369633,43.402838],[5.36965,43.402854],[5.369651,43.40289],[5.369587,43.402977],[5.369574,43.402976],[5.369556,43.402964],[5.369606,43.402941],[5.369594,43.402935],[5.369561,43.402948],[5.369545,43.402945],[5.369529,43.402929],[5.369497,43.40288],[5.369373,43.402882],[5.3693,43.402839],[5.369331,43.402885],[5.369387,43.402897],[5.369376,43.402916],[5.369451,43.40295],[5.369497,43.402999],[5.369577,43.40301],[5.36956,43.403051],[5.36961,43.40305],[5.369602,43.403019],[5.369627,43.403009],[5.369637,43.402955]]],[[[5.369828,43.402985],[5.369801,43.402962],[5.369841,43.403024],[5.369828,43.402985]]],[[[5.369604,43.403068],[5.369598,43.403068],[5.369592,43.403073],[5.369599,43.403077],[5.369605,43.403073],[5.369604,43.403068]]],[[[5.369936,43.403169],[5.369934,43.403163],[5.369925,43.403152],[5.369936,43.403169]]],[[[5.370245,43.403393],[5.370246,43.403394],[5.370287,43.403401],[5.370245,43.403393]]],[[[5.370171,43.403499],[5.370103,43.403367],[5.370099,43.403377],[5.370171,43.403499]]],[[[5.37035,43.403439],[5.370349,43.403429],[5.370348,43.403434],[5.37035,43.403439]]],[[[5.370424,43.403688],[5.370323,43.403426],[5.370303,43.403404],[5.370296,43.403403],[5.370312,43.403415],[5.370424,43.403688]]],[[[5.370493,43.404135],[5.370465,43.404069],[5.370325,43.403797],[5.370493,43.404135]]],[[[5.370475,43.407217],[5.370471,43.407219],[5.370423,43.407299],[5.370475,43.407217]]],[[[5.37039,43.40741],[5.370401,43.407409],[5.370404,43.407402],[5.370394,43.407405],[5.37039,43.40741]]],[[[5.370417,43.407417],[5.370417,43.407416],[5.370414,43.40742],[5.370417,43.407417]]],[[[5.37025,43.407572],[5.370162,43.4077],[5.370177,43.407686],[5.37025,43.407572]]],[[[5.370496,43.407634],[5.370462,43.407618],[5.37048,43.407647],[5.370496,43.407634]]],[[[5.370574,43.407732],[5.370522,43.40767],[5.370486,43.407657],[5.370503,43.407686],[5.370572,43.40775],[5.370574,43.407732]]],[[[5.370087,43.407786],[5.370038,43.407847],[5.370093,43.407784],[5.370087,43.407786]]],[[[5.370117,43.407863],[5.370131,43.407855],[5.370114,43.407855],[5.370117,43.407863]]],[[[5.370014,43.407874],[5.370014,43.407874],[5.370004,43.407886],[5.370014,43.407874]]],[[[5.369598,43.408005],[5.369598,43.408005],[5.369732,43.407882],[5.369598,43.408005]]],[[[5.370041,43.407968],[5.370016,43.40796],[5.370004,43.407987],[5.37005,43.408027],[5.370048,43.40802],[5.370072,43.40799],[5.370048,43.407991],[5.370041,43.407968]]],[[[5.369705,43.40807],[5.369773,43.4081],[5.369686,43.408059],[5.369705,43.40807]]],[[[5.369822,43.408101],[5.369817,43.408107],[5.369817,43.408107],[5.369822,43.408101]]],[[[5.3699,43.408142],[5.369898,43.408095],[5.369886,43.408105],[5.369877,43.408128],[5.369857,43.408127],[5.369838,43.408106],[5.369831,43.408115],[5.369893,43.40815],[5.369891,43.408152],[5.3699,43.408142]]],[[[5.37049,43.408272],[5.370489,43.408271],[5.37049,43.408275],[5.37049,43.408272]]],[[[5.369935,43.408293],[5.369932,43.408292],[5.369933,43.408298],[5.369935,43.408293]]],[[[5.370438,43.40828],[5.370433,43.408279],[5.370417,43.408291],[5.370438,43.40829],[5.370438,43.40828]]],[[[5.370429,43.40834],[5.370507,43.408383],[5.37044,43.408344],[5.370429,43.40834]]],[[[5.370579,43.408413],[5.370563,43.408413],[5.370579,43.408422],[5.370579,43.408413]]],[[[5.370611,43.408473],[5.370625,43.408471],[5.370616,43.408472],[5.370609,43.408449],[5.370577,43.408445],[5.370547,43.40846],[5.370563,43.408475],[5.370573,43.408456],[5.370611,43.408473]]],[[[5.370594,43.408505],[5.37059,43.408504],[5.370594,43.408508],[5.370594,43.408505]]],[[[5.370329,43.392358],[5.370341,43.392358],[5.370355,43.392357],[5.370342,43.392351],[5.370329,43.392358]]],[[[5.371049,43.392443],[5.371046,43.392446],[5.371055,43.39245],[5.371049,43.392443]]],[[[5.371087,43.392463],[5.371121,43.392476],[5.371111,43.392451],[5.371087,43.392463]]],[[[5.371179,43.392474],[5.371222,43.392489],[5.371217,43.39248],[5.371173,43.39245],[5.371168,43.392472],[5.37116,43.392475],[5.371179,43.392474]]],[[[5.370779,43.392663],[5.370766,43.392637],[5.370729,43.392624],[5.370767,43.392643],[5.370774,43.392665],[5.37079,43.392667],[5.370779,43.392663]]],[[[5.371903,43.392794],[5.37194,43.392802],[5.371944,43.392752],[5.371974,43.392729],[5.372017,43.392724],[5.372017,43.392706],[5.371978,43.392679],[5.371995,43.392639],[5.372097,43.392717],[5.37214,43.392712],[5.372163,43.392657],[5.372125,43.392631],[5.372117,43.3926],[5.372068,43.392619],[5.372037,43.392606],[5.372048,43.39257],[5.372011,43.392545],[5.372012,43.392547],[5.371979,43.392578],[5.372018,43.392589],[5.372018,43.392606],[5.371994,43.392625],[5.371959,43.392662],[5.371884,43.39268],[5.371887,43.392742],[5.371838,43.392762],[5.371867,43.392851],[5.371752,43.392921],[5.371703,43.392913],[5.371602,43.392861],[5.371305,43.39285],[5.371285,43.392819],[5.371235,43.392802],[5.371228,43.392779],[5.371158,43.392816],[5.371163,43.392819],[5.3712,43.392809],[5.371238,43.392844],[5.371338,43.39286],[5.371597,43.392863],[5.371736,43.392932],[5.371905,43.392847],[5.371923,43.392825],[5.371885,43.392807],[5.371903,43.392794]]],[[[5.370989,43.392734],[5.371076,43.392803],[5.371111,43.392802],[5.371081,43.392792],[5.371004,43.392739],[5.370989,43.392734]]],[[[5.371783,43.396171],[5.371731,43.396249],[5.371581,43.396374],[5.371521,43.396402],[5.371462,43.39641],[5.371459,43.396433],[5.371281,43.396523],[5.371376,43.396496],[5.371425,43.396514],[5.371435,43.396534],[5.371668,43.39639],[5.371728,43.396325],[5.371765,43.396325],[5.371847,43.396242],[5.371903,43.396236],[5.371899,43.396146],[5.371861,43.396129],[5.371869,43.396103],[5.371757,43.396185],[5.371783,43.396171]]],[[[5.371111,43.396963],[5.371111,43.396967],[5.371126,43.396943],[5.371111,43.396963]]],[[[5.371088,43.397002],[5.371075,43.397008],[5.37108,43.397014],[5.371088,43.397002]]],[[[5.371019,43.397028],[5.370984,43.397075],[5.370973,43.397075],[5.37101,43.397004],[5.371015,43.39698],[5.370959,43.397077],[5.370972,43.397105],[5.37095,43.397147],[5.370933,43.397138],[5.370933,43.397156],[5.370984,43.397181],[5.370997,43.397224],[5.371028,43.397173],[5.370991,43.397165],[5.371015,43.397156],[5.371002,43.397138],[5.371026,43.397128],[5.371048,43.397065],[5.371057,43.397052],[5.371058,43.397031],[5.371022,43.397058],[5.371019,43.397028]]],[[[5.370959,43.397287],[5.370951,43.39729],[5.370876,43.3974],[5.370901,43.397383],[5.370959,43.397287]]],[[[5.370795,43.400241],[5.370863,43.400231],[5.370913,43.400252],[5.370926,43.400279],[5.370877,43.400289],[5.370844,43.400394],[5.370839,43.400379],[5.370843,43.400463],[5.370832,43.400517],[5.370814,43.400522],[5.370783,43.400509],[5.370806,43.400481],[5.370795,43.400441],[5.370771,43.400557],[5.370722,43.400558],[5.370636,43.400587],[5.370616,43.400538],[5.370515,43.400495],[5.370525,43.400443],[5.370509,43.400461],[5.370498,43.400497],[5.370524,43.400514],[5.370522,43.400627],[5.370595,43.400598],[5.37067,43.400615],[5.370828,43.400548],[5.370853,43.400566],[5.370876,43.400554],[5.370857,43.400555],[5.370838,43.400533],[5.370846,43.400425],[5.370869,43.400421],[5.370853,43.400417],[5.370863,43.400354],[5.370929,43.400303],[5.371033,43.400301],[5.371047,43.400332],[5.371035,43.40035],[5.370994,43.400383],[5.370926,43.40038],[5.370915,43.400416],[5.370929,43.400461],[5.370886,43.400466],[5.37089,43.400425],[5.370876,43.400422],[5.370872,43.400469],[5.370916,43.400473],[5.370958,43.400449],[5.370944,43.400422],[5.371053,43.400366],[5.371076,43.40033],[5.371074,43.400299],[5.37105,43.400299],[5.371012,43.400291],[5.371024,43.400282],[5.371087,43.400289],[5.371124,43.400297],[5.371229,43.400295],[5.371265,43.400258],[5.371339,43.400265],[5.371399,43.40021],[5.371435,43.4002],[5.371491,43.400212],[5.371476,43.400298],[5.37152,43.400287],[5.371496,43.400291],[5.371488,43.400259],[5.371513,43.400254],[5.371526,43.400285],[5.371531,43.400284],[5.371518,43.400257],[5.371536,43.400243],[5.37156,43.400242],[5.371574,43.400269],[5.371611,43.400268],[5.371646,43.400293],[5.371708,43.400291],[5.371786,43.400319],[5.371822,43.400309],[5.371869,43.400325],[5.371886,43.400346],[5.371907,43.400357],[5.371919,43.40036],[5.371933,43.400358],[5.371975,43.40036],[5.371955,43.400353],[5.371885,43.400296],[5.371908,43.400268],[5.371918,43.400205],[5.371961,43.400191],[5.372094,43.400273],[5.372089,43.400296],[5.372034,43.40031],[5.372065,43.400323],[5.372102,43.400313],[5.372127,43.400331],[5.372181,43.400289],[5.372141,43.400218],[5.372142,43.400132],[5.372178,43.400104],[5.372143,43.400115],[5.372095,43.400161],[5.372087,43.400111],[5.372006,43.4001],[5.371992,43.400046],[5.371881,43.400039],[5.371873,43.399999],[5.371828,43.399968],[5.371754,43.39997],[5.371717,43.399962],[5.371716,43.399944],[5.371641,43.399927],[5.371605,43.399937],[5.371579,43.39992],[5.371468,43.399913],[5.371425,43.399928],[5.371426,43.399946],[5.371373,43.399996],[5.371322,43.399961],[5.371174,43.399965],[5.371157,43.399997],[5.371263,43.400026],[5.371264,43.400053],[5.371288,43.400043],[5.371326,43.40006],[5.371375,43.400059],[5.371401,43.400077],[5.371425,43.400058],[5.371573,43.400073],[5.371611,43.400099],[5.37163,43.400094],[5.371632,43.400148],[5.371614,43.400153],[5.3716,43.400126],[5.37157,43.400141],[5.371571,43.400168],[5.371522,43.400187],[5.371519,43.400245],[5.3715,43.400241],[5.37151,43.400187],[5.371416,43.400139],[5.371379,43.40014],[5.371319,43.400187],[5.371208,43.400189],[5.371182,43.400154],[5.371108,43.400155],[5.371089,43.400142],[5.371099,43.400097],[5.37116,43.400078],[5.371108,43.400025],[5.371155,43.399961],[5.371049,43.399922],[5.370988,43.399942],[5.370949,43.399907],[5.370899,43.39989],[5.370838,43.3999],[5.370824,43.399855],[5.370787,43.399874],[5.370762,43.399866],[5.370733,43.399889],[5.370728,43.399938],[5.370666,43.399913],[5.370543,43.399943],[5.370296,43.39993],[5.370246,43.399913],[5.37016,43.399915],[5.369973,43.399883],[5.369776,43.399887],[5.369884,43.39997],[5.369879,43.399984],[5.369805,43.399986],[5.369753,43.399933],[5.369735,43.399938],[5.369748,43.399964],[5.36973,43.399969],[5.369722,43.399929],[5.369659,43.399903],[5.369677,43.399881],[5.369751,43.399888],[5.369769,43.399865],[5.36975,43.399852],[5.369589,43.399855],[5.369585,43.399887],[5.369686,43.399948],[5.369668,43.399962],[5.36963,43.399945],[5.369569,43.399964],[5.369531,43.399938],[5.36945,43.399917],[5.369479,43.399885],[5.369559,43.39987],[5.36954,43.399857],[5.369429,43.39985],[5.369398,43.399864],[5.369415,43.399963],[5.369413,43.399975],[5.369497,43.400006],[5.369643,43.400022],[5.369706,43.400021],[5.369773,43.400003],[5.369946,43.399999],[5.370183,43.400057],[5.370235,43.400098],[5.370234,43.40008],[5.370252,43.400066],[5.37032,43.400064],[5.370401,43.400081],[5.370408,43.400094],[5.370323,43.400132],[5.370325,43.400177],[5.370306,43.400182],[5.370273,43.400124],[5.37026,43.400118],[5.370266,43.400122],[5.3703,43.400198],[5.370372,43.400151],[5.370484,43.400176],[5.370531,43.40013],[5.370588,43.400151],[5.370634,43.400227],[5.370664,43.400213],[5.370669,43.400181],[5.370695,43.400198],[5.370732,43.400198],[5.370776,43.400228],[5.370746,43.40026],[5.370661,43.400271],[5.370637,43.400299],[5.370576,43.400309],[5.370558,43.400323],[5.370554,43.400372],[5.370517,43.400382],[5.370479,43.400365],[5.370478,43.400383],[5.370487,43.400376],[5.370513,43.400393],[5.370556,43.400388],[5.370565,43.400325],[5.370583,43.400311],[5.370621,43.400319],[5.37068,43.400273],[5.370718,43.400281],[5.370754,43.400262],[5.370758,43.400271],[5.370795,43.400241]],[[5.371965,43.400132],[5.371966,43.400168],[5.371911,43.400183],[5.371891,43.400152],[5.371939,43.400119],[5.371965,43.400132]],[[5.371767,43.400118],[5.371698,43.400097],[5.371678,43.400066],[5.371721,43.400052],[5.371744,43.400073],[5.371744,43.400041],[5.3718,43.400023],[5.371821,43.400243],[5.371793,43.400311],[5.37173,43.400277],[5.371656,43.400278],[5.371636,43.400256],[5.371698,43.400246],[5.371685,43.400228],[5.371696,43.40021],[5.371732,43.400191],[5.371767,43.400136],[5.371767,43.400118]],[[5.371552,43.399997],[5.3716,43.399982],[5.371639,43.400013],[5.371635,43.400072],[5.371552,43.399997]],[[5.371565,43.400181],[5.371621,43.40018],[5.371635,43.400211],[5.371568,43.400244],[5.371549,43.400231],[5.371548,43.400195],[5.371565,43.400181]],[[5.371023,43.400193],[5.37106,43.400192],[5.371055,43.400224],[5.370975,43.400239],[5.370925,43.400213],[5.370851,43.400215],[5.370843,43.400183],[5.37076,43.400118],[5.37075,43.400154],[5.370651,43.400156],[5.370644,43.400143],[5.370692,43.400106],[5.370691,43.400088],[5.370616,43.400053],[5.37064,43.40003],[5.370834,43.400098],[5.37087,43.400088],[5.370894,43.400052],[5.37103,43.400067],[5.371049,43.400089],[5.37102,43.400121],[5.370958,43.400122],[5.370904,43.400164],[5.370948,43.400177],[5.370972,43.400158],[5.371023,43.400193]],[[5.370151,43.400005],[5.370194,43.400004],[5.370201,43.400031],[5.370145,43.400019],[5.370151,43.400005]]],[[[5.370213,43.400339],[5.370257,43.400361],[5.370331,43.40035],[5.370372,43.400309],[5.370371,43.400291],[5.370333,43.400269],[5.37029,43.40027],[5.370212,43.400321],[5.370213,43.400339]]],[[[5.37066,43.400372],[5.370697,43.40038],[5.370811,43.400306],[5.370825,43.400334],[5.370809,43.400286],[5.370714,43.40036],[5.370656,43.400362],[5.370667,43.400345],[5.370596,43.400398],[5.370548,43.400417],[5.370529,43.400439],[5.370586,43.400408],[5.370593,43.400435],[5.37068,43.400442],[5.370714,43.400434],[5.370662,43.400435],[5.37063,43.400395],[5.37066,43.400372]]],[[[5.371417,43.400345],[5.371331,43.400355],[5.371323,43.400329],[5.371169,43.400332],[5.371165,43.400373],[5.371208,43.400385],[5.371234,43.400412],[5.37127,43.400393],[5.371295,43.400401],[5.371331,43.400373],[5.371369,43.4004],[5.371436,43.400367],[5.371417,43.400345]]],[[[5.371937,43.400375],[5.371938,43.400374],[5.371926,43.400368],[5.371937,43.400375]]],[[[5.370477,43.400413],[5.370476,43.400433],[5.370469,43.400438],[5.370483,43.400434],[5.370477,43.400413]]],[[[5.370793,43.400433],[5.370792,43.400428],[5.37076,43.400415],[5.370732,43.40043],[5.370765,43.400422],[5.370793,43.400433]]],[[[5.371563,43.400394],[5.371466,43.400492],[5.371564,43.400486],[5.371521,43.400448],[5.371582,43.400424],[5.371584,43.400481],[5.371611,43.400405],[5.371631,43.400378],[5.371631,43.400351],[5.371602,43.40035],[5.371571,43.400379],[5.37154,43.400342],[5.37151,43.400356],[5.371563,43.400394]]],[[[5.371808,43.400413],[5.371817,43.400374],[5.371707,43.400367],[5.37166,43.400416],[5.371655,43.400434],[5.371709,43.400376],[5.371789,43.400374],[5.371803,43.400396],[5.371779,43.400424],[5.371805,43.400441],[5.371787,43.400455],[5.371651,43.400445],[5.371649,43.400452],[5.371718,43.400473],[5.371767,43.400472],[5.371781,43.400499],[5.37193,43.400531],[5.371935,43.4005],[5.371883,43.400471],[5.371883,43.400453],[5.371895,43.400453],[5.371903,43.40047],[5.371919,43.400461],[5.371922,43.400443],[5.371878,43.400422],[5.371876,43.400386],[5.371851,43.400359],[5.371884,43.400346],[5.371854,43.400336],[5.371843,43.400349],[5.371869,43.400384],[5.371852,43.400425],[5.37182,43.400427],[5.371808,43.400413]],[[5.371781,43.400478],[5.371823,43.400446],[5.371866,43.400445],[5.37188,43.400485],[5.371862,43.400499],[5.371813,43.4005],[5.371781,43.400478]]],[[[5.37199,43.400485],[5.371997,43.400486],[5.371959,43.40046],[5.371958,43.400463],[5.37199,43.400485]]],[[[5.371583,43.400485],[5.371584,43.400482],[5.371571,43.400486],[5.371583,43.400485]]],[[[5.371113,43.40056],[5.371056,43.400545],[5.371042,43.400545],[5.371087,43.400561],[5.371113,43.40056]]],[[[5.371738,43.400528],[5.371734,43.400534],[5.371765,43.400519],[5.371748,43.400573],[5.371797,43.400559],[5.371793,43.400575],[5.371814,43.400565],[5.371808,43.400552],[5.371753,43.400567],[5.371769,43.400517],[5.371738,43.400528]]],[[[5.371748,43.400573],[5.371742,43.400573],[5.371736,43.400578],[5.371742,43.400582],[5.371748,43.400578],[5.371748,43.400573]]],[[[5.371272,43.400607],[5.37124,43.400601],[5.371262,43.400611],[5.371272,43.400607]]],[[[5.371735,43.400601],[5.37176,43.40059],[5.371737,43.400596],[5.371735,43.400601]]],[[[5.371438,43.40059],[5.371597,43.400648],[5.371604,43.400648],[5.371441,43.40059],[5.371438,43.40059]]],[[[5.371634,43.400648],[5.371635,43.400646],[5.371612,43.400648],[5.371634,43.400648]]],[[[5.371723,43.400654],[5.371717,43.400646],[5.371718,43.400641],[5.371714,43.40065],[5.371723,43.400654]]],[[[5.372018,43.400684],[5.372048,43.400652],[5.372054,43.40062],[5.37204,43.400657],[5.372016,43.400675],[5.371966,43.400678],[5.371922,43.40064],[5.371919,43.400642],[5.371956,43.400677],[5.372018,43.400684]]],[[[5.371892,43.400663],[5.371891,43.400669],[5.37191,43.400649],[5.371892,43.400663]]],[[[5.371871,43.400714],[5.371872,43.400711],[5.371821,43.400694],[5.371871,43.400714]]],[[[5.370631,43.402679],[5.37063,43.402679],[5.370631,43.402681],[5.370631,43.402679]]],[[[5.370847,43.403142],[5.370847,43.403143],[5.370848,43.403144],[5.370847,43.403142]]],[[[5.37093,43.403188],[5.370928,43.403186],[5.370936,43.403199],[5.37093,43.403188]]],[[[5.370418,43.403364],[5.370484,43.403331],[5.370486,43.403326],[5.370407,43.403365],[5.370418,43.403364]]],[[[5.372067,43.403866],[5.372129,43.403869],[5.372179,43.403878],[5.37213,43.403869],[5.372067,43.403866]]],[[[5.370591,43.403954],[5.370583,43.403923],[5.37057,43.403914],[5.370591,43.403954]]],[[[5.371001,43.403866],[5.371063,43.403873],[5.371087,43.403855],[5.371142,43.403884],[5.371096,43.403794],[5.371026,43.403755],[5.370966,43.403784],[5.370941,43.403775],[5.370917,43.403803],[5.370842,43.403818],[5.370825,43.403809],[5.37082,43.403789],[5.370845,43.40376],[5.37084,43.403755],[5.370829,43.40376],[5.370816,43.403779],[5.37078,43.403779],[5.370801,43.403828],[5.370789,43.403846],[5.370827,43.403863],[5.37083,43.403935],[5.370799,43.40394],[5.370788,43.403959],[5.370751,43.403959],[5.370739,43.403987],[5.370677,43.403997],[5.370622,43.403995],[5.370607,43.403983],[5.370712,43.404182],[5.370743,43.404186],[5.370748,43.404164],[5.370778,43.40415],[5.370865,43.404148],[5.370931,43.404106],[5.370915,43.404016],[5.370883,43.403985],[5.370815,43.403982],[5.370819,43.403942],[5.371001,43.403866]]],[[[5.37191,43.404206],[5.3719,43.404146],[5.371876,43.40416],[5.371383,43.403991],[5.371299,43.403943],[5.37126,43.403881],[5.371246,43.403845],[5.371243,43.403773],[5.371192,43.40376],[5.371145,43.403672],[5.371144,43.403692],[5.371294,43.403964],[5.37152,43.404327],[5.371535,43.404337],[5.371539,43.404347],[5.371592,43.40431],[5.371629,43.404309],[5.371675,43.404376],[5.371713,43.404393],[5.37169,43.404429],[5.371696,43.404438],[5.371718,43.404419],[5.371746,43.404416],[5.371742,43.404436],[5.371717,43.404453],[5.371704,43.40445],[5.371723,43.404478],[5.371844,43.404439],[5.371907,43.404456],[5.37201,43.404409],[5.372019,43.404332],[5.371991,43.404252],[5.371947,43.404239],[5.37191,43.404206]],[[5.371632,43.404194],[5.371624,43.404145],[5.371679,43.40413],[5.371754,43.404146],[5.371792,43.404172],[5.371828,43.404145],[5.371859,43.404166],[5.37177,43.404236],[5.371713,43.404247],[5.371722,43.404221],[5.371687,43.404248],[5.371636,43.404302],[5.371531,43.404304],[5.371506,43.404286],[5.371505,43.404255],[5.371454,43.40422],[5.371427,43.404167],[5.371445,43.404153],[5.371544,43.404151],[5.37157,43.404177],[5.371632,43.404194]]],[[[5.370787,43.404421],[5.370613,43.404039],[5.370762,43.404391],[5.370768,43.404391],[5.370775,43.404395],[5.370776,43.404418],[5.370787,43.404421]]],[[[5.370973,43.404388],[5.371004,43.404383],[5.370941,43.404344],[5.370892,43.404359],[5.370973,43.404388]]],[[[5.37142,43.404393],[5.371399,43.404355],[5.37139,43.404351],[5.371398,43.404356],[5.37142,43.404393]]],[[[5.37133,43.40439],[5.371336,43.404389],[5.371331,43.404389],[5.37133,43.40439]]],[[[5.371516,43.404372],[5.371534,43.404362],[5.371421,43.404395],[5.371464,43.404468],[5.371557,43.404439],[5.371516,43.404372]]],[[[5.371415,43.404457],[5.371414,43.404446],[5.371396,43.404428],[5.371393,43.404447],[5.371399,43.404457],[5.371415,43.404457]]],[[[5.371165,43.404414],[5.371135,43.404403],[5.371073,43.404404],[5.371055,43.404418],[5.371068,43.404445],[5.371157,43.404497],[5.371147,43.404529],[5.371175,43.404522],[5.371174,43.404499],[5.371146,43.404423],[5.371165,43.404414]]],[[[5.37147,43.404504],[5.371492,43.404519],[5.371477,43.404491],[5.371466,43.404505],[5.37147,43.404504]]],[[[5.37138,43.404519],[5.371415,43.404492],[5.371388,43.404511],[5.371371,43.404516],[5.371377,43.404522],[5.371399,43.404517],[5.37138,43.404519]]],[[[5.371635,43.404502],[5.371633,43.404502],[5.371639,43.404509],[5.371635,43.404502]]],[[[5.370892,43.404656],[5.370788,43.404427],[5.370891,43.404658],[5.370892,43.404656]]],[[[5.370687,43.404681],[5.370629,43.404462],[5.370626,43.404453],[5.370683,43.404678],[5.370687,43.404681]]],[[[5.371962,43.404569],[5.371968,43.404547],[5.371976,43.404548],[5.371971,43.404518],[5.371929,43.404532],[5.371906,43.404596],[5.371873,43.404612],[5.371896,43.40462],[5.371962,43.404569]]],[[[5.371996,43.404592],[5.372,43.404584],[5.371993,43.404578],[5.371996,43.404592]]],[[[5.371266,43.404607],[5.371295,43.404591],[5.371242,43.404612],[5.371266,43.404607]]],[[[5.371722,43.40461],[5.371727,43.404616],[5.371781,43.404605],[5.371777,43.404603],[5.371728,43.404613],[5.371722,43.40461]]],[[[5.372001,43.404613],[5.372011,43.404615],[5.372001,43.404611],[5.372001,43.404613]]],[[[5.371981,43.404618],[5.371983,43.404619],[5.371983,43.404618],[5.371981,43.404618]]],[[[5.371839,43.404629],[5.371832,43.404629],[5.371835,43.40463],[5.371839,43.404629]]],[[[5.3719,43.404629],[5.371951,43.404635],[5.371971,43.40462],[5.3719,43.404629]]],[[[5.370888,43.404673],[5.370811,43.404683],[5.370811,43.404684],[5.370887,43.404678],[5.370888,43.404673]]],[[[5.370702,43.404691],[5.370717,43.404689],[5.370694,43.404686],[5.370702,43.404691]]],[[[5.371554,43.404738],[5.371578,43.404711],[5.37151,43.404717],[5.371503,43.404685],[5.371415,43.404651],[5.3714,43.404589],[5.371385,43.404581],[5.371411,43.404662],[5.371473,43.404679],[5.371462,43.404715],[5.371402,43.404743],[5.371433,43.404765],[5.371507,43.404764],[5.371568,43.404744],[5.371579,43.404752],[5.371579,43.404747],[5.371554,43.404738]]],[[[5.371936,43.404703],[5.371929,43.40469],[5.371905,43.404708],[5.371879,43.404711],[5.371871,43.404641],[5.371876,43.404638],[5.371818,43.404662],[5.371843,43.40468],[5.371834,43.404752],[5.371847,43.40477],[5.371908,43.404806],[5.371908,43.404783],[5.371871,43.404774],[5.37185,43.404714],[5.371918,43.404726],[5.371936,43.404703]]],[[[5.370642,43.404886],[5.370638,43.404881],[5.370642,43.404894],[5.370642,43.404886]]],[[[5.371843,43.404858],[5.371942,43.404868],[5.371978,43.404871],[5.371839,43.404851],[5.371843,43.404858]]],[[[5.371721,43.404897],[5.371679,43.404825],[5.371721,43.404915],[5.371721,43.404897]]],[[[5.372025,43.404871],[5.372018,43.404871],[5.372026,43.404875],[5.372025,43.404871]]],[[[5.370667,43.404886],[5.370675,43.404931],[5.370682,43.404875],[5.370667,43.404886]]],[[[5.370933,43.404946],[5.370933,43.40495],[5.370935,43.404953],[5.370933,43.404946]]],[[[5.372293,43.405017],[5.372322,43.405036],[5.372133,43.404906],[5.372293,43.405017]]],[[[5.371889,43.404935],[5.371898,43.405001],[5.371925,43.4051],[5.371927,43.405098],[5.371889,43.404935]]],[[[5.371695,43.405112],[5.371697,43.405119],[5.371696,43.405111],[5.371695,43.405112]]],[[[5.371986,43.405254],[5.372036,43.405249],[5.372098,43.405185],[5.372149,43.405095],[5.372146,43.405013],[5.372038,43.404948],[5.372,43.404945],[5.372054,43.40499],[5.372055,43.405026],[5.371983,43.405082],[5.371996,43.405099],[5.371961,43.405145],[5.371963,43.40519],[5.371899,43.405291],[5.371913,43.405275],[5.371937,43.405263],[5.371986,43.405254]]],[[[5.371992,43.405349],[5.371978,43.405341],[5.371952,43.405346],[5.371907,43.405347],[5.371893,43.40534],[5.371894,43.4053],[5.37187,43.405336],[5.371902,43.405358],[5.371933,43.405353],[5.371898,43.405399],[5.3719,43.405453],[5.371868,43.405456],[5.371913,43.405464],[5.371955,43.405468],[5.371989,43.405395],[5.371992,43.405349]]],[[[5.370833,43.40565],[5.370811,43.405574],[5.370878,43.405559],[5.370881,43.405555],[5.370871,43.405498],[5.370855,43.405556],[5.37083,43.405557],[5.370835,43.405368],[5.370846,43.405366],[5.370844,43.405334],[5.370753,43.405304],[5.370753,43.40532],[5.370728,43.405271],[5.370724,43.405273],[5.37072,43.405289],[5.37075,43.405406],[5.370775,43.405414],[5.370776,43.40545],[5.370752,43.40546],[5.37077,43.405624],[5.370833,43.40565]]],[[[5.370874,43.405442],[5.370867,43.405442],[5.37087,43.40548],[5.370874,43.405442]]],[[[5.371852,43.405457],[5.371845,43.405458],[5.371815,43.40549],[5.371822,43.4055],[5.371837,43.405467],[5.371852,43.405457]]],[[[5.371804,43.405527],[5.371791,43.405565],[5.371812,43.40552],[5.371804,43.405527]]],[[[5.371789,43.405412],[5.371614,43.405809],[5.371538,43.405983],[5.371789,43.405412]]],[[[5.371412,43.405886],[5.371369,43.405903],[5.371402,43.405949],[5.371383,43.405974],[5.371381,43.406019],[5.371609,43.405491],[5.371455,43.405844],[5.371412,43.405886]]],[[[5.371697,43.405826],[5.371734,43.405814],[5.371733,43.405778],[5.371708,43.405761],[5.371726,43.405717],[5.371702,43.405745],[5.371705,43.405817],[5.371697,43.405826]]],[[[5.370909,43.405969],[5.370907,43.405965],[5.370872,43.406074],[5.370909,43.405969]]],[[[5.371276,43.406234],[5.371282,43.406229],[5.371302,43.406192],[5.371276,43.406234]]],[[[5.371205,43.406269],[5.371194,43.40629],[5.371242,43.406257],[5.371205,43.406269]]],[[[5.371438,43.406288],[5.371455,43.406289],[5.371458,43.406287],[5.371438,43.406288]]],[[[5.371846,43.406424],[5.37186,43.406481],[5.371922,43.406438],[5.372019,43.406399],[5.372056,43.406399],[5.372082,43.406416],[5.372073,43.406367],[5.372105,43.406362],[5.372106,43.406346],[5.372078,43.406345],[5.371846,43.406424]]],[[[5.371352,43.406536],[5.371364,43.40654],[5.371356,43.406524],[5.371352,43.406536]]],[[[5.371811,43.406525],[5.371801,43.406533],[5.371835,43.406586],[5.371811,43.406525]]],[[[5.371825,43.406633],[5.371831,43.406606],[5.371796,43.406649],[5.371825,43.406633]]],[[[5.370711,43.406785],[5.370834,43.406538],[5.37083,43.40653],[5.370705,43.406789],[5.370711,43.406785]]],[[[5.371747,43.406675],[5.371754,43.406671],[5.37173,43.406669],[5.371747,43.406675]]],[[[5.371318,43.406759],[5.371319,43.406756],[5.37131,43.406759],[5.371318,43.406759]]],[[[5.371306,43.406804],[5.371295,43.406804],[5.371306,43.406829],[5.371306,43.406804]]],[[[5.370884,43.406865],[5.370889,43.406877],[5.370888,43.406832],[5.370879,43.406826],[5.370877,43.406838],[5.370833,43.406835],[5.370844,43.406819],[5.370822,43.406851],[5.37084,43.406883],[5.370853,43.406866],[5.370884,43.406865]]],[[[5.370798,43.406901],[5.370788,43.406912],[5.370818,43.406912],[5.370825,43.406903],[5.370798,43.406901]]],[[[5.370748,43.406894],[5.370694,43.406917],[5.370721,43.406941],[5.370732,43.406914],[5.370763,43.406913],[5.370767,43.406898],[5.370748,43.406894]]],[[[5.370814,43.406944],[5.370811,43.406941],[5.370814,43.406939],[5.370788,43.406935],[5.370814,43.406944]]],[[[5.370838,43.406942],[5.370849,43.406945],[5.37085,43.406944],[5.370838,43.406942]]],[[[5.371166,43.406967],[5.371221,43.406961],[5.371218,43.40689],[5.371175,43.406916],[5.37114,43.406961],[5.371141,43.406988],[5.371152,43.406991],[5.371148,43.406981],[5.371166,43.406967]]],[[[5.370505,43.407168],[5.370569,43.407069],[5.370694,43.406819],[5.370695,43.406811],[5.370569,43.407069],[5.370505,43.407168]]],[[[5.370767,43.407031],[5.370768,43.407024],[5.370767,43.407023],[5.370767,43.407031]]],[[[5.370687,43.407067],[5.370709,43.407071],[5.370758,43.407062],[5.370687,43.407067]]],[[[5.370775,43.407232],[5.370735,43.407238],[5.37077,43.407237],[5.370775,43.407232]]],[[[5.370672,43.407266],[5.370667,43.407298],[5.37064,43.407319],[5.370721,43.407266],[5.370672,43.407266]]],[[[5.370724,43.407625],[5.370696,43.407665],[5.370725,43.407627],[5.370724,43.407625]]],[[[5.371043,43.408473],[5.371067,43.408471],[5.371042,43.408471],[5.371043,43.408473]]],[[[5.373374,43.371758],[5.373372,43.371761],[5.373402,43.371747],[5.373374,43.371758]]],[[[5.373301,43.371838],[5.373301,43.371842],[5.373372,43.371761],[5.373301,43.371838]]],[[[5.373994,43.371791],[5.373973,43.371807],[5.373963,43.371837],[5.373932,43.371857],[5.373883,43.371859],[5.373801,43.371811],[5.373755,43.371735],[5.373459,43.37176],[5.373442,43.371774],[5.373443,43.371819],[5.373462,43.371832],[5.373561,43.37183],[5.373569,43.371861],[5.37362,43.371914],[5.373734,43.371974],[5.373718,43.371995],[5.373782,43.372015],[5.373778,43.371967],[5.37382,43.371934],[5.37394,43.371859],[5.374052,43.371863],[5.373999,43.371833],[5.374007,43.3718],[5.374024,43.37179],[5.374019,43.371785],[5.373994,43.371791]]],[[[5.373805,43.391339],[5.373831,43.391356],[5.373881,43.391362],[5.37378,43.391328],[5.373633,43.391331],[5.373534,43.39137],[5.373527,43.391375],[5.373645,43.391333],[5.373805,43.391339]]],[[[5.374258,43.391392],[5.374229,43.391394],[5.374246,43.391406],[5.374186,43.391443],[5.374187,43.391461],[5.374254,43.391455],[5.374282,43.391369],[5.374445,43.391289],[5.374484,43.391259],[5.374283,43.391366],[5.374258,43.391392]]],[[[5.374218,43.391395],[5.374098,43.39141],[5.37401,43.391407],[5.373907,43.391371],[5.373994,43.391416],[5.374154,43.391412],[5.374218,43.391395]]],[[[5.373433,43.391446],[5.37339,43.391457],[5.373385,43.39147],[5.373442,43.3915],[5.373433,43.391446]]],[[[5.372935,43.391641],[5.372901,43.391705],[5.372928,43.391759],[5.372904,43.391786],[5.372886,43.391902],[5.372923,43.391829],[5.372921,43.391784],[5.372944,43.391747],[5.37293,43.391694],[5.372952,43.391639],[5.372935,43.391509],[5.372922,43.391496],[5.372981,43.391398],[5.372993,43.391389],[5.372993,43.391371],[5.373004,43.391352],[5.373068,43.391299],[5.373141,43.39127],[5.373215,43.391269],[5.373233,43.391255],[5.373219,43.39121],[5.373249,43.391196],[5.3733,43.391231],[5.373347,43.391185],[5.373472,43.391218],[5.373557,43.39118],[5.373607,43.391206],[5.373656,43.391205],[5.373695,43.391231],[5.373743,43.391212],[5.373831,43.391246],[5.373942,43.391235],[5.373967,43.391252],[5.374016,43.391251],[5.374091,43.391277],[5.374173,43.391167],[5.374223,43.391166],[5.37427,43.391129],[5.374344,43.391127],[5.374404,43.391081],[5.374455,43.391116],[5.37448,43.391115],[5.374459,43.391066],[5.374585,43.390969],[5.374634,43.390977],[5.3747,43.390926],[5.374698,43.390863],[5.374764,43.390821],[5.3748,43.390811],[5.374916,43.390925],[5.374952,43.390914],[5.374978,43.390899],[5.375044,43.390839],[5.37506,43.39082],[5.37512,43.390781],[5.375152,43.390749],[5.375137,43.390736],[5.375154,43.390713],[5.375203,43.390712],[5.37524,43.390693],[5.375326,43.390627],[5.375312,43.390617],[5.375342,43.390585],[5.375397,43.390571],[5.375419,43.390554],[5.375564,43.390479],[5.375844,43.390374],[5.375868,43.390356],[5.375953,43.390336],[5.375965,43.390317],[5.375977,43.390326],[5.3761,43.390288],[5.376137,43.390287],[5.376322,43.390209],[5.376412,43.390162],[5.376433,43.390141],[5.376467,43.390121],[5.376496,43.390089],[5.376491,43.390058],[5.376558,43.390034],[5.376671,43.389937],[5.376717,43.389855],[5.3768,43.389764],[5.37689,43.389712],[5.376949,43.38969],[5.377012,43.389673],[5.377038,43.389656],[5.377036,43.38963],[5.377061,43.389601],[5.377102,43.389642],[5.377165,43.389611],[5.377193,43.389579],[5.377218,43.389579],[5.37726,43.389546],[5.377341,43.389447],[5.37737,43.389428],[5.377337,43.389433],[5.377314,43.389452],[5.377337,43.389414],[5.377376,43.389411],[5.377398,43.389387],[5.37747,43.389263],[5.377457,43.389141],[5.377424,43.389158],[5.377439,43.389212],[5.377415,43.38923],[5.37743,43.389293],[5.377418,43.38932],[5.377382,43.38933],[5.377372,43.389384],[5.377335,43.389385],[5.377359,43.389316],[5.377332,43.389325],[5.37731,43.389385],[5.377238,43.389432],[5.377239,43.389459],[5.377203,43.389496],[5.377217,43.389513],[5.377187,43.389537],[5.377149,43.389528],[5.377018,43.38963],[5.376739,43.389762],[5.376701,43.389736],[5.376654,43.389782],[5.376629,43.389783],[5.376564,43.389852],[5.376581,43.389959],[5.376514,43.389983],[5.376443,43.390057],[5.376405,43.390031],[5.376356,43.390041],[5.376339,43.390073],[5.376129,43.390235],[5.37602,43.390273],[5.375897,43.390276],[5.375848,43.390304],[5.375787,43.390314],[5.375466,43.390312],[5.375418,43.390349],[5.375393,43.390332],[5.375388,43.390364],[5.375452,43.390425],[5.37548,43.390488],[5.375462,43.390501],[5.375405,43.39048],[5.375391,43.390435],[5.375339,43.390369],[5.375291,43.390411],[5.375222,43.390529],[5.375086,43.390633],[5.375102,43.390678],[5.375087,43.39069],[5.375061,43.390663],[5.374975,43.390665],[5.374902,43.390703],[5.374827,43.390686],[5.374779,43.390705],[5.374744,43.390751],[5.374695,43.390761],[5.374671,43.390789],[5.374634,43.390781],[5.37455,43.390845],[5.374531,43.390841],[5.374537,43.390819],[5.374506,43.390833],[5.374521,43.390887],[5.374546,43.390904],[5.374505,43.390936],[5.374459,43.390879],[5.374458,43.390861],[5.374495,43.390842],[5.374475,43.390829],[5.37434,43.390832],[5.374298,43.390855],[5.374336,43.390891],[5.374338,43.390936],[5.374321,43.390967],[5.37429,43.390973],[5.374281,43.391045],[5.374213,43.39106],[5.374154,43.391115],[5.374104,43.391098],[5.374081,43.391135],[5.374062,43.391131],[5.374047,43.391059],[5.374089,43.391027],[5.374003,43.391055],[5.374011,43.391078],[5.373981,43.391101],[5.373967,43.391074],[5.373894,43.391094],[5.373953,43.391178],[5.373935,43.391192],[5.373876,43.391117],[5.373782,43.391078],[5.373709,43.391098],[5.373646,43.391072],[5.373616,43.391095],[5.373629,43.391113],[5.373599,43.391118],[5.373524,43.391102],[5.373517,43.39108],[5.373474,43.391076],[5.373448,43.39105],[5.373399,43.391069],[5.373377,43.391123],[5.373279,43.391134],[5.373129,43.391241],[5.373136,43.391263],[5.373056,43.391279],[5.373009,43.391325],[5.372981,43.391362],[5.37298,43.39138],[5.372902,43.391426],[5.372879,43.391472],[5.372904,43.391489],[5.372895,43.391552],[5.372933,43.391578],[5.372922,43.391615],[5.372935,43.391641]],[[5.376676,43.389863],[5.376688,43.389876],[5.376671,43.38989],[5.376627,43.389886],[5.376645,43.389863],[5.376676,43.389863]],[[5.375309,43.390545],[5.375315,43.390532],[5.375358,43.390531],[5.375341,43.390567],[5.375309,43.390545]],[[5.375165,43.390629],[5.375206,43.390588],[5.375223,43.390595],[5.375236,43.39062],[5.37526,43.390603],[5.375267,43.390578],[5.375286,43.390582],[5.375273,43.390611],[5.375245,43.390632],[5.375237,43.390623],[5.375206,43.39062],[5.375202,43.390629],[5.375227,43.390637],[5.375209,43.390651],[5.375184,43.390652],[5.375165,43.390629]],[[5.375163,43.390677],[5.375144,43.390721],[5.375119,43.390721],[5.375105,43.390687],[5.375127,43.39067],[5.375163,43.390677]],[[5.374999,43.390809],[5.375012,43.390831],[5.374982,43.390854],[5.374951,43.390841],[5.374956,43.39081],[5.374999,43.390809]],[[5.374931,43.390792],[5.374898,43.390752],[5.374947,43.390747],[5.37496,43.39076],[5.374931,43.390792]],[[5.374571,43.390895],[5.374576,43.390863],[5.37468,43.390852],[5.374651,43.390888],[5.374571,43.390895]],[[5.374352,43.390971],[5.374393,43.390921],[5.374424,43.39092],[5.374462,43.390942],[5.374501,43.391004],[5.37446,43.391045],[5.374423,43.391046],[5.374416,43.391042],[5.374437,43.390998],[5.374412,43.391008],[5.374413,43.391026],[5.374385,43.391038],[5.374352,43.390971]],[[5.374205,43.391159],[5.374161,43.391137],[5.374185,43.391123],[5.374223,43.391145],[5.374205,43.391159]],[[5.377255,43.389516],[5.377277,43.389489],[5.377297,43.389472],[5.377295,43.389482],[5.377272,43.38951],[5.377255,43.389523],[5.377255,43.389516]]],[[[5.373491,43.39225],[5.373543,43.392312],[5.373611,43.392306],[5.373628,43.392265],[5.373566,43.392267],[5.373576,43.392221],[5.373551,43.392204],[5.373574,43.392158],[5.373547,43.392105],[5.373596,43.392095],[5.37357,43.392059],[5.373593,43.392032],[5.373579,43.391978],[5.37359,43.391951],[5.37357,43.391929],[5.373547,43.391947],[5.373528,43.391943],[5.373574,43.391861],[5.373549,43.391853],[5.373534,43.391799],[5.373484,43.391782],[5.37347,43.391747],[5.37342,43.391712],[5.373379,43.391632],[5.37336,43.391619],[5.373336,43.391628],[5.373323,43.39161],[5.373254,43.391589],[5.373259,43.391567],[5.373377,43.391569],[5.373362,43.391506],[5.373343,43.391493],[5.373306,43.391512],[5.373297,43.3915],[5.373253,43.391523],[5.373209,43.391579],[5.373286,43.391641],[5.373315,43.391679],[5.37338,43.391712],[5.373407,43.391747],[5.373443,43.391757],[5.373471,43.391846],[5.373448,43.391882],[5.373484,43.39191],[5.373448,43.391988],[5.373488,43.391999],[5.37349,43.392036],[5.373464,43.392087],[5.373513,43.392114],[5.37343,43.39216],[5.373444,43.392186],[5.373426,43.3922],[5.373355,43.392134],[5.373354,43.392089],[5.373389,43.392044],[5.373345,43.39204],[5.373292,43.392091],[5.373305,43.392108],[5.373283,43.392172],[5.373392,43.392287],[5.373392,43.392299],[5.373377,43.392301],[5.373367,43.392308],[5.373368,43.392344],[5.37336,43.39235],[5.373364,43.392326],[5.37335,43.39231],[5.373319,43.392311],[5.373304,43.392322],[5.373359,43.392334],[5.373342,43.392366],[5.373391,43.392356],[5.373428,43.392373],[5.373446,43.392359],[5.373445,43.392332],[5.373367,43.392235],[5.373373,43.392221],[5.373495,43.392192],[5.373491,43.39225]],[[5.373321,43.392159],[5.373311,43.392083],[5.373336,43.392078],[5.373351,43.392136],[5.373321,43.392159]]],[[[5.372867,43.39194],[5.37285,43.391967],[5.372798,43.392008],[5.372855,43.391965],[5.372867,43.39194]]],[[[5.371896,43.39188],[5.371898,43.391916],[5.371862,43.391953],[5.371852,43.392016],[5.371865,43.392034],[5.371793,43.392062],[5.371832,43.392125],[5.37179,43.392157],[5.371753,43.392149],[5.37171,43.392163],[5.371761,43.392207],[5.371762,43.39223],[5.371852,43.392147],[5.371901,43.392146],[5.37192,43.392159],[5.371844,43.392264],[5.371825,43.39226],[5.371831,43.392237],[5.37177,43.392265],[5.37175,43.392239],[5.371708,43.392258],[5.37167,43.392241],[5.37161,43.392287],[5.371549,43.392288],[5.3715,43.392307],[5.371453,43.392353],[5.371422,43.392359],[5.371405,43.392539],[5.371437,43.392561],[5.371492,43.392555],[5.371413,43.392579],[5.371338,43.392563],[5.371333,43.392571],[5.371393,43.392587],[5.37146,43.392588],[5.371508,43.392554],[5.371506,43.392547],[5.371459,43.392538],[5.371459,43.392528],[5.371472,43.392528],[5.371496,43.392535],[5.371521,43.392525],[5.371533,43.392525],[5.371797,43.392313],[5.371951,43.392194],[5.372024,43.392146],[5.37205,43.392137],[5.37206,43.392138],[5.37215,43.392093],[5.372261,43.392073],[5.372518,43.39204],[5.372679,43.392037],[5.372784,43.392011],[5.372735,43.392019],[5.3725,43.391867],[5.372499,43.39184],[5.372455,43.391818],[5.372393,43.39182],[5.372343,43.391794],[5.372196,43.391815],[5.372095,43.391772],[5.372012,43.391837],[5.37195,43.391829],[5.371896,43.39188]],[[5.372217,43.391873],[5.372315,43.391866],[5.372341,43.391897],[5.372305,43.391916],[5.3723,43.391939],[5.372275,43.391939],[5.372217,43.391873]],[[5.37211,43.391974],[5.372171,43.391951],[5.372222,43.391999],[5.372142,43.392014],[5.37211,43.391974]],[[5.372092,43.39184],[5.372153,43.391834],[5.372148,43.391852],[5.372092,43.39184]],[[5.371992,43.392103],[5.372028,43.392089],[5.372054,43.392111],[5.372011,43.392134],[5.371992,43.392103]],[[5.3719,43.39197],[5.371936,43.391947],[5.37195,43.391978],[5.371932,43.391992],[5.3719,43.39197]],[[5.371695,43.39238],[5.371665,43.392403],[5.371614,43.392377],[5.37159,43.392386],[5.371557,43.392347],[5.371594,43.392341],[5.371626,43.392368],[5.371675,43.392358],[5.371695,43.39238]]],[[[5.37175,43.392239],[5.371762,43.39223],[5.371756,43.39223],[5.37175,43.392234],[5.37175,43.392239]]],[[[5.373149,43.392437],[5.373221,43.392423],[5.373209,43.39245],[5.373234,43.392449],[5.373276,43.392417],[5.373262,43.39239],[5.373301,43.392325],[5.373278,43.392343],[5.37325,43.39242],[5.373225,43.392412],[5.373149,43.392437]]],[[[5.372103,43.392486],[5.372101,43.39247],[5.372148,43.392451],[5.372141,43.392424],[5.372152,43.392388],[5.3722,43.39236],[5.372217,43.392328],[5.372254,43.392336],[5.37229,43.392299],[5.372363,43.392288],[5.372437,43.392287],[5.372476,43.392331],[5.372499,43.392294],[5.372561,43.392302],[5.372609,43.392265],[5.37266,43.392291],[5.372733,43.39228],[5.372772,43.392324],[5.372933,43.39233],[5.373033,43.392364],[5.373055,43.392383],[5.37305,43.392361],[5.372938,43.392328],[5.372774,43.392321],[5.372738,43.392278],[5.372639,43.392262],[5.372552,43.392264],[5.372528,43.392283],[5.372467,43.392293],[5.372423,43.392274],[5.372421,43.392258],[5.372354,43.392242],[5.372301,43.392286],[5.372204,43.392333],[5.372085,43.392398],[5.372061,43.392469],[5.372038,43.392505],[5.372004,43.392526],[5.37201,43.392541],[5.372009,43.392526],[5.37204,43.392521],[5.372066,43.392565],[5.372103,43.392555],[5.372141,43.392581],[5.372171,43.392558],[5.372157,43.392513],[5.372168,43.392486],[5.372137,43.392468],[5.372103,43.392486]]],[[[5.373123,43.392443],[5.373138,43.39244],[5.373082,43.392407],[5.373123,43.392443]]],[[[5.373346,43.392483],[5.373364,43.392469],[5.373313,43.392425],[5.373325,43.392402],[5.373288,43.392417],[5.373277,43.392444],[5.373322,43.392483],[5.373346,43.392483]]],[[[5.374423,43.394952],[5.374259,43.394857],[5.374254,43.394889],[5.374189,43.394957],[5.37414,43.394959],[5.374001,43.395029],[5.374015,43.395065],[5.373997,43.395079],[5.373896,43.395078],[5.37387,43.39509],[5.373954,43.395132],[5.374002,43.395086],[5.374063,43.395075],[5.374184,43.395019],[5.374233,43.395009],[5.374271,43.395035],[5.374295,43.395016],[5.374345,43.395024],[5.374488,43.394913],[5.374672,43.394882],[5.374731,43.394827],[5.37478,43.394817],[5.374838,43.394856],[5.374864,43.394909],[5.374932,43.394912],[5.374958,43.394939],[5.375039,43.394887],[5.374956,43.394837],[5.374885,43.394762],[5.374836,43.39479],[5.374775,43.394801],[5.374754,43.394814],[5.374726,43.39482],[5.374569,43.394892],[5.374532,43.394896],[5.374447,43.394925],[5.374423,43.394952]]],[[[5.372668,43.395031],[5.372683,43.395115],[5.37283,43.395111],[5.372916,43.395014],[5.372977,43.395003],[5.373069,43.395003],[5.373094,43.395019],[5.373145,43.395028],[5.373178,43.395041],[5.373158,43.39505],[5.373195,43.395063],[5.373207,43.395072],[5.373221,43.395067],[5.373214,43.395057],[5.373231,43.395054],[5.373304,43.395081],[5.373379,43.395127],[5.373466,43.39516],[5.373488,43.395196],[5.373525,43.395195],[5.373555,43.395163],[5.373709,43.395164],[5.373783,43.395128],[5.373727,43.39513],[5.373691,43.395157],[5.373542,43.395125],[5.373529,43.395107],[5.373467,43.395108],[5.373163,43.394926],[5.372882,43.394977],[5.372807,43.39497],[5.372747,43.395007],[5.372668,43.395031]],[[5.3735,43.395153],[5.373537,43.395177],[5.373515,43.395194],[5.37349,43.395178],[5.373478,43.395161],[5.3735,43.395153]]],[[[5.37258,43.395278],[5.372581,43.395264],[5.372607,43.395239],[5.372663,43.395196],[5.372703,43.395173],[5.372677,43.395146],[5.372681,43.395123],[5.372666,43.395135],[5.372532,43.395183],[5.372453,43.395227],[5.372459,43.395236],[5.372513,43.395199],[5.372598,43.395161],[5.372665,43.395151],[5.372663,43.395177],[5.372497,43.395267],[5.372493,43.39528],[5.372563,43.395344],[5.372624,43.395307],[5.372631,43.395329],[5.372662,43.395342],[5.37276,43.395283],[5.372742,43.395283],[5.372715,43.395258],[5.372654,43.39526],[5.372604,43.395297],[5.37258,43.395278]],[[5.372579,43.395315],[5.372569,43.395315],[5.372571,43.395295],[5.37258,43.395279],[5.372604,43.395297],[5.372579,43.395315]]],[[[5.373171,43.395302],[5.373209,43.395265],[5.37317,43.395245],[5.373094,43.395216],[5.373047,43.395214],[5.373034,43.395207],[5.372999,43.395234],[5.373014,43.395259],[5.37307,43.395241],[5.373134,43.395303],[5.373171,43.395302]],[[5.373128,43.395278],[5.373109,43.395256],[5.373158,43.395241],[5.373171,43.395272],[5.373128,43.395278]]],[[[5.374519,43.395291],[5.374533,43.395283],[5.37453,43.395269],[5.374445,43.395211],[5.374343,43.395187],[5.374326,43.395169],[5.374268,43.395172],[5.374245,43.395198],[5.374174,43.395217],[5.374149,43.395217],[5.374105,43.395231],[5.374139,43.395247],[5.374176,43.395237],[5.374285,43.39518],[5.374409,43.395205],[5.374517,43.39527],[5.374517,43.395288],[5.374508,43.395292],[5.374519,43.395292],[5.374548,43.395312],[5.374519,43.395291]]],[[[5.374273,43.395338],[5.374341,43.395341],[5.374346,43.395323],[5.374278,43.395325],[5.374273,43.395338]]],[[[5.373838,43.395564],[5.373763,43.395547],[5.373749,43.395512],[5.373686,43.395468],[5.373684,43.395432],[5.373786,43.395362],[5.373883,43.395315],[5.373957,43.395314],[5.374091,43.395266],[5.374072,43.395253],[5.374096,43.395234],[5.374004,43.395262],[5.373614,43.395409],[5.37351,43.39543],[5.373286,43.395422],[5.373076,43.395323],[5.373012,43.395323],[5.372973,43.395279],[5.372935,43.39528],[5.372981,43.39529],[5.373014,43.395333],[5.373069,43.395324],[5.373346,43.395471],[5.373407,43.395443],[5.373604,43.395438],[5.373625,43.395496],[5.373702,43.395558],[5.373795,43.395587],[5.373838,43.395564]]],[[[5.372307,43.395434],[5.37229,43.395454],[5.372239,43.39555],[5.372281,43.395526],[5.372329,43.395455],[5.372307,43.395434]]],[[[5.373536,43.395575],[5.373482,43.395574],[5.373494,43.395616],[5.373526,43.395629],[5.373568,43.395606],[5.373567,43.395588],[5.373536,43.395575]]],[[[5.372052,43.395857],[5.372066,43.395877],[5.372086,43.395838],[5.372071,43.395823],[5.372043,43.395861],[5.372052,43.395857]]],[[[5.372035,43.400486],[5.372,43.400487],[5.37204,43.400493],[5.37206,43.400524],[5.372091,43.400537],[5.372096,43.400514],[5.372056,43.400485],[5.372044,43.400443],[5.371993,43.400423],[5.372049,43.400421],[5.372113,43.400471],[5.372101,43.400453],[5.372112,43.400426],[5.372031,43.400405],[5.372012,43.400374],[5.371981,43.400363],[5.371992,43.400373],[5.371971,43.400427],[5.371989,43.400424],[5.37204,43.400454],[5.372035,43.400486]]],[[[5.372173,43.400397],[5.372154,43.400492],[5.372178,43.400503],[5.372185,43.400566],[5.37221,43.400584],[5.372199,43.40062],[5.372279,43.400651],[5.372282,43.400647],[5.372207,43.400613],[5.372217,43.400576],[5.372177,43.400496],[5.372201,43.400487],[5.372212,43.400433],[5.372304,43.400426],[5.372297,43.400404],[5.372214,43.400338],[5.372173,43.400397]]],[[[5.372098,43.400591],[5.372101,43.400592],[5.372098,43.400626],[5.372125,43.400604],[5.372106,43.400591],[5.372098,43.400591]]],[[[5.3723,43.400698],[5.372326,43.400689],[5.37232,43.400657],[5.372321,43.400682],[5.3723,43.400698]]],[[[5.372061,43.400683],[5.372055,43.400683],[5.372049,43.400688],[5.372056,43.400692],[5.372062,43.400688],[5.372061,43.400683]]],[[[5.372071,43.400672],[5.372061,43.400683],[5.372153,43.400706],[5.372139,43.4007],[5.372065,43.400683],[5.372071,43.400672]]],[[[5.373635,43.400729],[5.373672,43.400718],[5.373705,43.400694],[5.373707,43.400666],[5.373721,43.400665],[5.373739,43.400681],[5.373788,43.40068],[5.373823,43.400643],[5.373872,43.400633],[5.373911,43.400668],[5.37396,43.400667],[5.373952,43.400627],[5.373977,43.400622],[5.373996,43.400648],[5.374045,43.400638],[5.374065,43.400651],[5.37406,43.400701],[5.374128,43.400704],[5.37413,43.400739],[5.374112,43.400763],[5.374082,43.400767],[5.374077,43.400762],[5.374081,43.400767],[5.374057,43.400785],[5.374108,43.400782],[5.374132,43.400764],[5.37414,43.400795],[5.374167,43.40081],[5.374144,43.400775],[5.374153,43.400738],[5.374172,43.400725],[5.374211,43.400751],[5.374272,43.400732],[5.374322,43.400767],[5.374394,43.40072],[5.374468,43.400719],[5.374543,43.400735],[5.374575,43.400757],[5.374569,43.400771],[5.374631,43.40076],[5.374681,43.400795],[5.374743,43.400794],[5.37489,43.400763],[5.374926,43.400736],[5.375059,43.400707],[5.375062,43.400742],[5.375136,43.40074],[5.375184,43.400712],[5.375209,43.400739],[5.375241,43.400752],[5.375145,43.400761],[5.375219,43.400767],[5.375255,43.400748],[5.375465,43.400744],[5.375487,43.400738],[5.375469,43.400742],[5.375247,43.400747],[5.375264,43.400706],[5.375363,43.400686],[5.375381,43.400708],[5.375443,43.400706],[5.375461,43.400683],[5.375486,43.400698],[5.375498,43.40069],[5.375535,43.40068],[5.375546,43.400655],[5.375563,43.400689],[5.375609,43.400688],[5.375619,43.400672],[5.375645,43.400655],[5.375603,43.400646],[5.37562,43.400623],[5.375651,43.400623],[5.375656,43.400648],[5.375687,43.400629],[5.3757,43.400647],[5.375749,43.400646],[5.37581,43.400626],[5.375928,43.400625],[5.375936,43.400611],[5.375952,43.400601],[5.37597,43.400623],[5.376039,43.400594],[5.376064,43.400622],[5.376076,43.400613],[5.376093,43.400613],[5.376107,43.400638],[5.376143,43.400619],[5.376263,43.400649],[5.376287,43.400685],[5.376278,43.400693],[5.376289,43.40069],[5.376303,43.400725],[5.376326,43.400725],[5.376302,43.40072],[5.376298,43.400687],[5.37638,43.400686],[5.376398,43.400672],[5.376374,43.400665],[5.376371,43.400647],[5.376402,43.400653],[5.376418,43.400687],[5.376455,43.400693],[5.376473,43.400679],[5.37646,43.400672],[5.376461,43.40066],[5.376471,43.400661],[5.37641,43.400624],[5.375987,43.400543],[5.375803,43.400556],[5.375791,43.400575],[5.375705,43.400576],[5.375595,43.400606],[5.375386,43.400628],[5.375362,43.400647],[5.375312,43.400639],[5.375104,43.400671],[5.375067,43.400689],[5.374969,43.40071],[5.374944,43.400701],[5.374761,43.40075],[5.374663,43.400752],[5.374637,43.400735],[5.374451,43.400712],[5.374376,43.400687],[5.37429,43.400688],[5.374252,43.400662],[5.374139,43.400638],[5.374103,43.400648],[5.374015,43.400613],[5.373892,43.400616],[5.37367,43.400639],[5.373487,43.400679],[5.373439,43.400707],[5.373353,43.400727],[5.373233,43.400802],[5.37316,43.400821],[5.373098,43.400823],[5.373072,43.400805],[5.372887,43.4008],[5.372773,43.400722],[5.372648,43.400679],[5.372574,43.400681],[5.37251,43.400628],[5.37241,43.400604],[5.372383,43.40055],[5.372432,43.400549],[5.372497,43.400611],[5.372527,43.400588],[5.372475,43.400535],[5.372419,43.400513],[5.372382,43.400514],[5.372358,43.400542],[5.372333,43.400542],[5.372282,43.400498],[5.37224,43.400513],[5.372317,43.400642],[5.372308,43.400597],[5.372374,43.400592],[5.372411,43.400669],[5.372456,43.400709],[5.372561,43.400689],[5.37257,43.400769],[5.372644,43.400786],[5.372692,43.40074],[5.372736,43.400741],[5.372773,43.400757],[5.372786,43.400811],[5.372807,43.400845],[5.372881,43.400826],[5.37299,43.400868],[5.373104,43.400866],[5.373141,43.400847],[5.373199,43.400846],[5.373277,43.400862],[5.373279,43.400821],[5.373292,43.400811],[5.373338,43.400834],[5.373387,43.400832],[5.373419,43.400844],[5.373419,43.400854],[5.37334,43.400896],[5.373318,43.400897],[5.373349,43.400925],[5.373391,43.400902],[5.373378,43.400884],[5.373432,43.400851],[5.373454,43.400845],[5.373455,43.400826],[5.37352,43.400776],[5.373594,43.400774],[5.373635,43.400729]],[[5.376063,43.400599],[5.376062,43.400589],[5.376102,43.400588],[5.3761,43.400599],[5.376063,43.400599]]],[[[5.37405,43.400737],[5.373926,43.400731],[5.373853,43.400759],[5.373843,43.400759],[5.373848,43.400761],[5.373921,43.400733],[5.37405,43.400737]]],[[[5.373767,43.400761],[5.373753,43.400769],[5.373789,43.400761],[5.373767,43.400761]]],[[[5.373716,43.400789],[5.373657,43.400791],[5.373652,43.400792],[5.373714,43.400791],[5.373716,43.400789]]],[[[5.372644,43.400896],[5.372794,43.400946],[5.372813,43.400941],[5.372812,43.400914],[5.372842,43.4009],[5.372857,43.400972],[5.372887,43.400958],[5.372904,43.400917],[5.372933,43.400916],[5.372897,43.400915],[5.372864,43.400937],[5.372847,43.400898],[5.372773,43.400918],[5.372747,43.400891],[5.372711,43.400901],[5.372684,43.400857],[5.37266,43.400866],[5.372609,43.400831],[5.37253,43.400824],[5.372502,43.4008],[5.372439,43.400783],[5.372378,43.400746],[5.372299,43.400783],[5.372254,43.40076],[5.37229,43.400751],[5.372313,43.400751],[5.372318,43.400756],[5.372327,43.400753],[5.37233,43.400747],[5.372327,43.400743],[5.372314,43.400748],[5.37229,43.400747],[5.372278,43.400732],[5.372276,43.400707],[5.372282,43.400705],[5.372248,43.400702],[5.372234,43.400723],[5.37223,43.400725],[5.372237,43.400756],[5.372307,43.400795],[5.372367,43.400767],[5.372404,43.400766],[5.372436,43.400788],[5.372457,43.400837],[5.372568,43.400834],[5.372637,43.400873],[5.372644,43.400896]]],[[[5.373567,43.40083],[5.373572,43.400828],[5.373545,43.400825],[5.373567,43.40083]]],[[[5.374306,43.400823],[5.3743,43.400821],[5.374193,43.400824],[5.374197,43.400826],[5.374306,43.400823]]],[[[5.374476,43.400833],[5.374465,43.400831],[5.374363,43.400838],[5.37437,43.40084],[5.374476,43.400833]]],[[[5.374907,43.40082],[5.374843,43.400828],[5.374765,43.400858],[5.374907,43.40082]]],[[[5.374583,43.400833],[5.374604,43.400876],[5.374604,43.400864],[5.374616,43.400855],[5.374583,43.400833]]],[[[5.374696,43.400858],[5.374688,43.400864],[5.374729,43.400868],[5.374741,43.400865],[5.374696,43.400858]]],[[[5.374616,43.400865],[5.374606,43.400879],[5.374606,43.40088],[5.374636,43.400864],[5.374616,43.400865]]],[[[5.373221,43.400919],[5.373262,43.400918],[5.373298,43.400897],[5.373291,43.400898],[5.373255,43.400916],[5.373221,43.400919]]],[[[5.372996,43.400918],[5.373054,43.40095],[5.373134,43.400926],[5.373039,43.400933],[5.373013,43.400919],[5.372996,43.400918]]],[[[5.373101,43.400959],[5.373113,43.400958],[5.373113,43.400949],[5.373101,43.400949],[5.3731,43.400941],[5.373101,43.400959]]],[[[5.372708,43.404144],[5.372722,43.404154],[5.372708,43.404144],[5.372708,43.404144]]],[[[5.373328,43.404654],[5.373386,43.404673],[5.373404,43.40465],[5.373331,43.404636],[5.373328,43.404654]]],[[[5.374214,43.404682],[5.374223,43.404671],[5.374204,43.404666],[5.374214,43.404682]]],[[[5.373461,43.404698],[5.373424,43.404686],[5.373442,43.404706],[5.373461,43.404698]]],[[[5.373781,43.404703],[5.373866,43.404693],[5.373926,43.404683],[5.373917,43.404679],[5.373921,43.404678],[5.373861,43.404688],[5.373831,43.404688],[5.373821,43.404686],[5.37382,43.404679],[5.373788,43.404687],[5.373762,43.404712],[5.373781,43.404703]]],[[[5.373461,43.404728],[5.373463,43.404723],[5.373458,43.404725],[5.373461,43.404728]]],[[[5.373487,43.404745],[5.373501,43.404738],[5.373488,43.404738],[5.373487,43.404745]]],[[[5.374987,43.404876],[5.374968,43.404888],[5.374989,43.404899],[5.374988,43.404899],[5.374987,43.404876]]],[[[5.37227,43.404954],[5.372248,43.404944],[5.372237,43.404945],[5.37227,43.404954]]],[[[5.372312,43.404964],[5.372334,43.404961],[5.372298,43.404961],[5.372312,43.404964]]],[[[5.372373,43.40499],[5.372384,43.404981],[5.372359,43.404968],[5.372369,43.404982],[5.372373,43.40499]]],[[[5.372371,43.405064],[5.372506,43.405153],[5.372501,43.405144],[5.372207,43.404949],[5.372206,43.404949],[5.372329,43.405031],[5.372371,43.405064]]],[[[5.372526,43.405074],[5.37253,43.405041],[5.372512,43.405046],[5.372525,43.405052],[5.372526,43.405074]]],[[[5.374957,43.405052],[5.374957,43.405034],[5.37494,43.405074],[5.374957,43.405052]]],[[[5.373418,43.405188],[5.373409,43.405201],[5.373419,43.405195],[5.373418,43.405188]]],[[[5.372987,43.405197],[5.372954,43.405218],[5.373059,43.405216],[5.373024,43.405215],[5.372987,43.405197]]],[[[5.372629,43.405205],[5.372625,43.405227],[5.372631,43.405246],[5.372671,43.40526],[5.372719,43.40527],[5.372663,43.405251],[5.372631,43.405229],[5.372637,43.405216],[5.372737,43.405241],[5.37286,43.405238],[5.372867,43.405235],[5.372808,43.405234],[5.372741,43.405221],[5.372688,43.405217],[5.372629,43.405205]]],[[[5.373355,43.405254],[5.373357,43.405252],[5.373351,43.405252],[5.373355,43.405254]]],[[[5.374856,43.405226],[5.374827,43.40522],[5.374821,43.405229],[5.374856,43.405226]]],[[[5.374761,43.405253],[5.374743,43.405258],[5.37475,43.40526],[5.374761,43.405253]]],[[[5.374606,43.405261],[5.374585,43.405261],[5.374602,43.405263],[5.374606,43.405261]]],[[[5.374509,43.405263],[5.374508,43.405263],[5.374508,43.405265],[5.374509,43.405263]]],[[[5.374019,43.405338],[5.374017,43.405337],[5.374016,43.405337],[5.374019,43.405338]]],[[[5.374512,43.405341],[5.374507,43.405317],[5.374506,43.405354],[5.374512,43.405341]]],[[[5.374058,43.405351],[5.374026,43.40534],[5.374038,43.405356],[5.374058,43.405351]]],[[[5.3741,43.405373],[5.374211,43.40537],[5.374227,43.405358],[5.374105,43.405366],[5.374088,43.405361],[5.3741,43.405373]]],[[[5.37439,43.405386],[5.374376,43.405365],[5.37433,43.405358],[5.37439,43.405386]]],[[[5.374484,43.4054],[5.374485,43.405399],[5.374477,43.405401],[5.374484,43.4054]]],[[[5.373111,43.405787],[5.372998,43.405731],[5.372947,43.405532],[5.372915,43.405381],[5.372828,43.405306],[5.372724,43.405271],[5.372702,43.405325],[5.372761,43.405337],[5.3728,43.405372],[5.372823,43.405387],[5.37289,43.405667],[5.372902,43.405699],[5.372919,43.405806],[5.372972,43.405877],[5.372974,43.405887],[5.373002,43.405921],[5.373027,43.405933],[5.373042,43.405934],[5.37318,43.406003],[5.373211,43.405994],[5.373246,43.405943],[5.373278,43.405913],[5.373186,43.405868],[5.373665,43.405733],[5.37369,43.405764],[5.373635,43.40577],[5.373606,43.405802],[5.373619,43.405838],[5.373657,43.405855],[5.373633,43.405874],[5.373658,43.405882],[5.373659,43.4059],[5.373627,43.405896],[5.373658,43.405903],[5.373731,43.405892],[5.373769,43.405918],[5.373794,43.405918],[5.373796,43.405929],[5.37382,43.405919],[5.373835,43.405968],[5.373788,43.406004],[5.373835,43.406007],[5.37385,43.405921],[5.37388,43.405898],[5.37399,43.405886],[5.37404,43.405903],[5.374043,43.405818],[5.374135,43.405793],[5.374182,43.405747],[5.374195,43.405765],[5.374213,43.405751],[5.374149,43.405689],[5.374192,43.405693],[5.37421,43.405679],[5.374196,43.405643],[5.374204,43.405638],[5.374173,43.405632],[5.374111,43.405634],[5.37405,43.405662],[5.373928,43.405683],[5.373904,43.405701],[5.373805,43.405703],[5.373823,43.40568],[5.373783,43.405609],[5.373764,43.405605],[5.373111,43.405787]],[[5.373704,43.405782],[5.373709,43.405768],[5.37374,43.405768],[5.373755,43.405775],[5.373747,43.405795],[5.373724,43.405799],[5.373704,43.405782]]],[[[5.374319,43.405657],[5.374327,43.405663],[5.374336,43.405661],[5.374319,43.405657]]],[[[5.374496,43.405688],[5.374489,43.405687],[5.374496,43.405692],[5.374496,43.405688]]],[[[5.373566,43.405889],[5.373543,43.405919],[5.373587,43.405891],[5.373566,43.405889]]],[[[5.374702,43.4059],[5.374698,43.4059],[5.374711,43.405903],[5.374702,43.4059]]],[[[5.373498,43.405957],[5.373468,43.405957],[5.373483,43.40598],[5.373498,43.405957]]],[[[5.373779,43.406004],[5.373781,43.406004],[5.373781,43.406001],[5.373779,43.406004]]],[[[5.37351,43.406024],[5.373528,43.406033],[5.373518,43.405985],[5.37351,43.406024]]],[[[5.374754,43.40599],[5.374754,43.405991],[5.37476,43.405995],[5.374754,43.40599]]],[[[5.373604,43.405935],[5.373606,43.405998],[5.373626,43.40602],[5.373687,43.40601],[5.373731,43.406023],[5.373721,43.406042],[5.373751,43.406037],[5.373755,43.406123],[5.373726,43.406128],[5.373791,43.406152],[5.373784,43.406129],[5.373821,43.40612],[5.373777,43.406107],[5.37377,43.406085],[5.373806,43.406057],[5.373677,43.405929],[5.373604,43.405935]]],[[[5.373708,43.406068],[5.373709,43.406087],[5.373712,43.406059],[5.373708,43.406068]]],[[[5.37371,43.406122],[5.373721,43.406126],[5.37371,43.406118],[5.37371,43.406122]]],[[[5.374905,43.406179],[5.374896,43.40614],[5.374898,43.406198],[5.374905,43.406179]]],[[[5.373968,43.406376],[5.374019,43.406401],[5.37403,43.406394],[5.37402,43.4064],[5.373968,43.406376]]],[[[5.374869,43.406376],[5.374944,43.40641],[5.374945,43.406437],[5.374897,43.406465],[5.374874,43.406511],[5.374912,43.406537],[5.374921,43.406556],[5.374917,43.406475],[5.374984,43.406451],[5.374995,43.406415],[5.375033,43.406432],[5.375037,43.406383],[5.374973,43.406339],[5.374959,43.406286],[5.37489,43.406246],[5.374842,43.406322],[5.374869,43.406376]]],[[[5.373042,43.406611],[5.37307,43.406627],[5.373136,43.406576],[5.373147,43.406535],[5.373141,43.406537],[5.373119,43.406587],[5.373077,43.40661],[5.373042,43.406611]]],[[[5.373661,43.406543],[5.373625,43.406579],[5.373631,43.406592],[5.373645,43.406603],[5.37368,43.406599],[5.373638,43.406584],[5.373662,43.406566],[5.373661,43.406543]]],[[[5.373713,43.40661],[5.373703,43.406607],[5.373709,43.406614],[5.373713,43.40661]]],[[[5.374927,43.406571],[5.374939,43.406599],[5.374972,43.40661],[5.374927,43.406571]]],[[[5.373046,43.406667],[5.373034,43.406654],[5.372989,43.406659],[5.372977,43.406682],[5.373003,43.406682],[5.372987,43.406671],[5.37303,43.406656],[5.373046,43.406667]]],[[[5.372805,43.406674],[5.372803,43.406684],[5.372822,43.406697],[5.372848,43.406696],[5.372839,43.406673],[5.372805,43.406674]]],[[[5.373251,43.406679],[5.373216,43.40669],[5.373188,43.406695],[5.373204,43.406697],[5.373251,43.406679]]],[[[5.373277,43.406695],[5.373266,43.406684],[5.373256,43.406681],[5.373277,43.406695]]],[[[5.37347,43.406692],[5.373443,43.40669],[5.373427,43.406709],[5.373356,43.406665],[5.373352,43.406704],[5.373439,43.40671],[5.373463,43.406692],[5.37347,43.406692]]],[[[5.373123,43.406716],[5.373109,43.406711],[5.373119,43.406717],[5.373162,43.406712],[5.373145,43.406706],[5.373143,43.406711],[5.373123,43.406716]]],[[[5.373319,43.40672],[5.37331,43.406717],[5.373316,43.406722],[5.373319,43.40672]]],[[[5.374417,43.406835],[5.374418,43.406818],[5.374417,43.406799],[5.374413,43.406819],[5.374417,43.406835]]],[[[5.375107,43.406885],[5.375076,43.40689],[5.375059,43.406814],[5.375063,43.406911],[5.375102,43.406938],[5.375106,43.407055],[5.375065,43.407087],[5.375021,43.407091],[5.375073,43.407107],[5.375097,43.407097],[5.37511,43.407115],[5.375178,43.407109],[5.375177,43.406794],[5.375132,43.406588],[5.375058,43.406598],[5.375103,43.406795],[5.375094,43.406877],[5.375107,43.406885]]],[[[5.37438,43.40691],[5.374392,43.406956],[5.374408,43.406937],[5.37438,43.40691]]],[[[5.374356,43.407107],[5.374355,43.407089],[5.374325,43.407069],[5.374325,43.407073],[5.37435,43.407091],[5.374356,43.407107]]],[[[5.374957,43.407081],[5.374943,43.407078],[5.374956,43.407083],[5.374957,43.407081]]],[[[5.375131,43.407164],[5.375111,43.407142],[5.375074,43.407143],[5.375034,43.407127],[5.375012,43.407165],[5.374958,43.407188],[5.374872,43.407199],[5.374835,43.407218],[5.374736,43.407202],[5.374633,43.407254],[5.374737,43.40737],[5.374731,43.407353],[5.374812,43.407355],[5.374842,43.407341],[5.374852,43.407278],[5.374838,43.407251],[5.374855,43.407219],[5.37499,43.407198],[5.375015,43.407207],[5.375101,43.407187],[5.375131,43.407164]]],[[[5.374299,43.407353],[5.374312,43.407364],[5.374302,43.407315],[5.374338,43.407287],[5.374336,43.407271],[5.374334,43.407289],[5.374298,43.407317],[5.374299,43.407353]]],[[[5.374472,43.407498],[5.374599,43.407427],[5.3746,43.407324],[5.374693,43.407395],[5.374554,43.407269],[5.37452,43.407351],[5.374459,43.40737],[5.374411,43.407407],[5.374365,43.407408],[5.374472,43.407498]]],[[[5.376318,43.37056],[5.376547,43.370505],[5.376496,43.370511],[5.376318,43.37056]]],[[[5.376255,43.370577],[5.376251,43.370578],[5.376135,43.370648],[5.37617,43.370629],[5.376255,43.370577]]],[[[5.376443,43.370625],[5.376464,43.370643],[5.376454,43.370628],[5.376423,43.370615],[5.376358,43.370648],[5.376361,43.370655],[5.376406,43.370626],[5.376443,43.370625]]],[[[5.376485,43.370661],[5.376491,43.370657],[5.376482,43.370658],[5.376485,43.370661]]],[[[5.376535,43.370654],[5.376538,43.370691],[5.376567,43.370714],[5.376554,43.370652],[5.376535,43.370654]]],[[[5.376496,43.370705],[5.376502,43.370694],[5.376499,43.370676],[5.376477,43.370701],[5.376496,43.370705]]],[[[5.376347,43.370726],[5.376386,43.370716],[5.376387,43.370723],[5.376424,43.370722],[5.376451,43.370703],[5.376425,43.370703],[5.376401,43.370686],[5.376361,43.370699],[5.376347,43.370726]]],[[[5.376617,43.370744],[5.376607,43.370746],[5.376603,43.370744],[5.376608,43.370748],[5.376617,43.370744]]],[[[5.37604,43.370763],[5.37601,43.370794],[5.376052,43.370754],[5.37604,43.370763]]],[[[5.375793,43.370917],[5.37592,43.37081],[5.375797,43.370912],[5.37554,43.37106],[5.375517,43.371067],[5.375553,43.371057],[5.375793,43.370917]]],[[[5.37561,43.3711],[5.375567,43.37112],[5.375558,43.371143],[5.375582,43.371135],[5.37561,43.3711]]],[[[5.375504,43.371186],[5.375523,43.371166],[5.375447,43.37121],[5.375504,43.371186]]],[[[5.375398,43.371231],[5.375375,43.371232],[5.375349,43.371205],[5.375288,43.371225],[5.375303,43.371249],[5.375309,43.371244],[5.37537,43.371243],[5.375398,43.371231]]],[[[5.375156,43.371337],[5.375169,43.37135],[5.375171,43.371342],[5.375156,43.371337]]],[[[5.375129,43.371365],[5.375166,43.371365],[5.375167,43.371359],[5.37514,43.371363],[5.375119,43.371351],[5.375129,43.371365]]],[[[5.374297,43.371578],[5.374024,43.371646],[5.373913,43.371658],[5.374035,43.371648],[5.374303,43.371579],[5.375074,43.371274],[5.375116,43.371253],[5.374297,43.371578]]],[[[5.374692,43.371546],[5.374722,43.371523],[5.374708,43.371473],[5.374659,43.371527],[5.374536,43.371529],[5.374402,43.371577],[5.374372,43.3716],[5.374387,43.371663],[5.374345,43.371704],[5.37426,43.371724],[5.374222,43.371698],[5.374211,43.371734],[5.374187,43.371738],[5.374161,43.371717],[5.374118,43.371723],[5.37414,43.371766],[5.374146,43.371812],[5.374161,43.371817],[5.374153,43.371796],[5.374231,43.371745],[5.374268,43.371726],[5.374305,43.371734],[5.374317,43.371716],[5.374378,43.371715],[5.374401,43.371678],[5.374583,43.371602],[5.374667,43.371546],[5.374692,43.371546]]],[[[5.374933,43.378419],[5.37491,43.378401],[5.37493,43.378417],[5.374933,43.378419]]],[[[5.375198,43.378619],[5.375085,43.378534],[5.375091,43.37854],[5.375198,43.378619],[5.375238,43.378681],[5.375238,43.378681],[5.375198,43.378619]]],[[[5.376661,43.379188],[5.376683,43.379213],[5.376673,43.379189],[5.376661,43.379188]]],[[[5.376244,43.379162],[5.376444,43.379182],[5.376908,43.379291],[5.37691,43.379291],[5.376444,43.379182],[5.376239,43.379161],[5.376244,43.379162]]],[[[5.37731,43.387293],[5.377372,43.387314],[5.377364,43.38729],[5.377296,43.387291],[5.377277,43.387306],[5.37731,43.387293]]],[[[5.377304,43.387327],[5.377318,43.387325],[5.377352,43.387342],[5.37733,43.387319],[5.377299,43.387325],[5.377304,43.387327]]],[[[5.377268,43.38735],[5.377324,43.38738],[5.377338,43.387378],[5.377275,43.387343],[5.377274,43.387308],[5.377266,43.387314],[5.377268,43.38735]]],[[[5.377148,43.387562],[5.37716,43.387586],[5.377164,43.387543],[5.377148,43.387562]]],[[[5.377215,43.387677],[5.377204,43.387723],[5.377249,43.387753],[5.377221,43.38772],[5.377219,43.387675],[5.377156,43.387632],[5.377159,43.387602],[5.377151,43.387634],[5.377215,43.387677]]],[[[5.377006,43.388193],[5.377041,43.388147],[5.37704,43.38812],[5.37707,43.388097],[5.377139,43.388118],[5.377145,43.388152],[5.377147,43.388129],[5.377172,43.388124],[5.377172,43.388134],[5.377297,43.387787],[5.377273,43.387782],[5.377268,43.387776],[5.37727,43.38782],[5.377165,43.387818],[5.3771,43.387896],[5.377103,43.38795],[5.377009,43.388069],[5.377047,43.388104],[5.377023,43.388123],[5.377002,43.388204],[5.377027,43.388221],[5.377006,43.388193]],[[5.377162,43.388052],[5.377093,43.388004],[5.377189,43.387952],[5.377193,43.388038],[5.377162,43.388052]]],[[[5.377165,43.388154],[5.377166,43.388151],[5.377147,43.388167],[5.377165,43.388154]]],[[[5.377112,43.388256],[5.37711,43.388271],[5.377139,43.38826],[5.377139,43.388259],[5.377112,43.388256]]],[[[5.377188,43.388609],[5.377155,43.388496],[5.377142,43.388314],[5.377143,43.388327],[5.377125,43.388332],[5.377107,43.388284],[5.377082,43.388286],[5.37707,43.388246],[5.377048,43.388235],[5.377066,43.388248],[5.377068,43.388302],[5.377108,43.388391],[5.377097,43.388418],[5.377123,43.388453],[5.377115,43.388544],[5.377171,43.388556],[5.377166,43.388591],[5.377181,43.388593],[5.377188,43.388609]]],[[[5.377195,43.388834],[5.377293,43.38887],[5.377237,43.388758],[5.377242,43.388788],[5.377174,43.388776],[5.37723,43.388746],[5.377191,43.388618],[5.377064,43.388703],[5.377116,43.388719],[5.37714,43.388701],[5.377177,43.3887],[5.377197,43.388731],[5.377057,43.388783],[5.377047,43.388814],[5.377119,43.3888],[5.377121,43.388836],[5.377195,43.388834]]],[[[5.377295,43.388873],[5.377254,43.388877],[5.37723,43.388895],[5.377308,43.388895],[5.377314,43.388899],[5.377295,43.388873]]],[[[5.377374,43.389025],[5.377372,43.389018],[5.377344,43.389038],[5.37739,43.389037],[5.377386,43.389025],[5.377374,43.389025]]],[[[5.377282,43.389649],[5.37726,43.389662],[5.377328,43.389668],[5.377405,43.38959],[5.377422,43.389549],[5.377471,43.389548],[5.377513,43.389525],[5.377512,43.389489],[5.377456,43.389477],[5.377438,43.389503],[5.377358,43.389564],[5.377393,43.389522],[5.377282,43.389649]]],[[[5.377061,43.389782],[5.377114,43.389733],[5.37702,43.389768],[5.377061,43.389782]]],[[[5.37676,43.389998],[5.376688,43.390054],[5.376793,43.390009],[5.37678,43.389991],[5.376839,43.389927],[5.376826,43.389909],[5.376886,43.389881],[5.376874,43.389857],[5.37693,43.389802],[5.376906,43.389811],[5.376841,43.389871],[5.37676,43.389998]]],[[[5.376282,43.390348],[5.376357,43.390365],[5.376394,43.390355],[5.376405,43.390328],[5.376497,43.39033],[5.376494,43.390258],[5.376602,43.390175],[5.376613,43.390139],[5.376673,43.39011],[5.376696,43.390065],[5.376685,43.390057],[5.376426,43.390257],[5.376438,43.390251],[5.37644,43.390263],[5.376433,43.390275],[5.376397,43.390281],[5.376349,43.390299],[5.376252,43.390347],[5.376178,43.390376],[5.376179,43.390403],[5.376272,43.390394],[5.37629,43.39038],[5.376282,43.390348]],[[5.376466,43.39023],[5.376573,43.390149],[5.376536,43.390189],[5.376481,43.390232],[5.376466,43.39023]]],[[[5.376382,43.390279],[5.376201,43.390357],[5.376302,43.390317],[5.376382,43.390279]]],[[[5.376201,43.390357],[5.375945,43.390426],[5.375914,43.390438],[5.37594,43.390428],[5.376062,43.390407],[5.376129,43.390377],[5.376201,43.390357]]],[[[5.376676,43.390907],[5.376613,43.390899],[5.37654,43.390919],[5.376515,43.390901],[5.376453,43.390903],[5.376415,43.390877],[5.375898,43.39075],[5.375778,43.390701],[5.375673,43.390681],[5.37562,43.390601],[5.375632,43.390583],[5.375618,43.390557],[5.375629,43.390548],[5.375448,43.390655],[5.375455,43.390684],[5.375499,43.390697],[5.375538,43.390741],[5.3756,43.390739],[5.375643,43.390781],[5.375725,43.390791],[5.375804,43.390821],[5.37586,43.390832],[5.375912,43.390812],[5.37593,43.390846],[5.375976,43.390835],[5.375988,43.390829],[5.376025,43.390818],[5.376017,43.390853],[5.376098,43.390864],[5.376111,43.390872],[5.376123,43.390854],[5.37613,43.390876],[5.376161,43.390889],[5.376211,43.390897],[5.376247,43.390878],[5.37631,43.390913],[5.376362,43.390883],[5.37644,43.390924],[5.376429,43.390951],[5.376461,43.390982],[5.376516,43.390958],[5.376521,43.390926],[5.376584,43.390979],[5.376619,43.390915],[5.376644,43.390924],[5.37668,43.390905],[5.37683,43.390937],[5.376889,43.390882],[5.376938,43.390881],[5.376976,43.390907],[5.377051,43.390924],[5.377077,43.39095],[5.377114,43.390949],[5.377121,43.390936],[5.37711,43.390936],[5.377113,43.39093],[5.377153,43.39093],[5.377176,43.390947],[5.377204,43.390946],[5.377201,43.390961],[5.377148,43.39095],[5.377126,43.390943],[5.377117,43.390951],[5.377117,43.390958],[5.377239,43.390991],[5.377251,43.390973],[5.377411,43.390979],[5.377423,43.390951],[5.377538,43.390942],[5.377356,43.390946],[5.377307,43.390965],[5.377158,43.390923],[5.377071,43.390925],[5.377014,43.390895],[5.376982,43.390855],[5.37692,43.390856],[5.376872,43.390876],[5.376736,43.390869],[5.376676,43.390907]]],[[[5.375929,43.390952],[5.375899,43.39097],[5.375896,43.390973],[5.375935,43.390951],[5.375929,43.390952]]],[[[5.37605,43.390994],[5.37625,43.390997],[5.37619,43.390982],[5.376051,43.390993],[5.376047,43.390959],[5.376015,43.390941],[5.375945,43.39095],[5.376023,43.390948],[5.37605,43.390994]]],[[[5.375043,43.391041],[5.375001,43.390998],[5.374987,43.390987],[5.374966,43.391003],[5.374988,43.390989],[5.375043,43.391041]]],[[[5.37506,43.391039],[5.375166,43.391028],[5.375198,43.391011],[5.375197,43.391009],[5.375155,43.391028],[5.37506,43.391039]]],[[[5.375795,43.39103],[5.375772,43.391024],[5.375739,43.391035],[5.375795,43.39103]]],[[[5.37629,43.39103],[5.376301,43.390994],[5.376277,43.391004],[5.376259,43.390999],[5.376249,43.391042],[5.376323,43.391041],[5.376383,43.391022],[5.37629,43.39103]]],[[[5.375883,43.390986],[5.375883,43.391021],[5.37586,43.391024],[5.375866,43.391024],[5.375898,43.391045],[5.375824,43.391065],[5.375843,43.391078],[5.375892,43.391078],[5.375898,43.391103],[5.37591,43.391093],[5.375897,43.391067],[5.375922,43.391045],[5.375895,43.390974],[5.375883,43.390986]]],[[[5.375694,43.391054],[5.375719,43.391042],[5.375687,43.391053],[5.375667,43.391027],[5.375649,43.391037],[5.375635,43.391036],[5.375587,43.391055],[5.375525,43.391057],[5.375478,43.391075],[5.375465,43.391057],[5.375231,43.391072],[5.3752,43.391014],[5.37522,43.391073],[5.375402,43.391068],[5.37546,43.391059],[5.37545,43.391077],[5.375341,43.391097],[5.375446,43.391088],[5.375523,43.391094],[5.375609,43.391074],[5.375632,43.391047],[5.375694,43.391054]]],[[[5.376513,43.391034],[5.376413,43.391019],[5.376385,43.391021],[5.376519,43.391045],[5.376513,43.391034]]],[[[5.374889,43.391066],[5.374835,43.391082],[5.374868,43.391081],[5.374861,43.391108],[5.37498,43.391097],[5.375022,43.391074],[5.374991,43.391052],[5.374942,43.391062],[5.374925,43.391036],[5.374915,43.391052],[5.374897,43.391067],[5.374889,43.391066]]],[[[5.376893,43.390981],[5.376735,43.391039],[5.376673,43.39104],[5.37666,43.391022],[5.376601,43.391078],[5.376539,43.391079],[5.376521,43.391049],[5.376525,43.39108],[5.376479,43.391099],[5.376515,43.391099],[5.376549,43.391091],[5.376539,43.391116],[5.376671,43.39105],[5.37678,43.391049],[5.376877,43.391001],[5.376951,43.391],[5.376893,43.390981]]],[[[5.377003,43.391016],[5.376975,43.391007],[5.377027,43.391043],[5.377213,43.391112],[5.377003,43.391016]]],[[[5.374726,43.391128],[5.374726,43.391128],[5.374718,43.391132],[5.374726,43.391128]]],[[[5.377437,43.391115],[5.377466,43.391104],[5.377235,43.391121],[5.377256,43.391128],[5.377437,43.391115]]],[[[5.374716,43.39119],[5.374651,43.391203],[5.374522,43.391302],[5.374569,43.391342],[5.374579,43.391316],[5.374633,43.391291],[5.374644,43.391268],[5.374607,43.391256],[5.374643,43.391237],[5.374665,43.391239],[5.374669,43.391273],[5.374704,43.391274],[5.374716,43.39119]]],[[[5.375236,43.394916],[5.375235,43.394935],[5.375243,43.394921],[5.375236,43.394916]]],[[[5.375168,43.394925],[5.375153,43.394937],[5.375184,43.394944],[5.375168,43.394925]]],[[[5.375226,43.394953],[5.375231,43.394944],[5.37519,43.394945],[5.375226,43.394953]]],[[[5.375086,43.394988],[5.375078,43.394995],[5.375092,43.395],[5.375086,43.394988]]],[[[5.375092,43.395001],[5.375109,43.395007],[5.37517,43.394997],[5.375221,43.395014],[5.37524,43.395033],[5.375216,43.395007],[5.375153,43.39499],[5.375092,43.395001]]],[[[5.375242,43.395081],[5.375292,43.395098],[5.375253,43.395105],[5.375224,43.395095],[5.375194,43.395127],[5.375184,43.395181],[5.375239,43.395264],[5.375303,43.39527],[5.37524,43.395255],[5.375192,43.395174],[5.375227,43.395146],[5.375227,43.395128],[5.375202,43.39512],[5.375232,43.395106],[5.375295,43.395131],[5.375312,43.395108],[5.375252,43.395046],[5.375242,43.395081]]],[[[5.3746,43.395484],[5.374694,43.39554],[5.374743,43.39553],[5.374762,43.395543],[5.374751,43.395562],[5.37482,43.395601],[5.374857,43.3956],[5.374876,43.395613],[5.374878,43.395649],[5.374947,43.395679],[5.375006,43.395615],[5.375105,43.395612],[5.375098,43.39559],[5.37514,43.395576],[5.375148,43.395607],[5.375125,43.395643],[5.375147,43.395729],[5.375196,43.395718],[5.375268,43.395672],[5.375294,43.395707],[5.37534,43.39568],[5.375301,43.395684],[5.375284,43.395643],[5.375247,43.395652],[5.375163,43.395717],[5.375171,43.395567],[5.375148,43.395561],[5.375126,43.395562],[5.375071,43.395584],[5.375022,43.395576],[5.374998,43.395595],[5.374887,43.395597],[5.374766,43.395556],[5.374766,43.395523],[5.374716,43.395498],[5.374709,43.395475],[5.37464,43.395454],[5.374639,43.395427],[5.374595,43.395397],[5.374489,43.395386],[5.374475,43.39535],[5.374511,43.395322],[5.374498,43.395295],[5.374493,43.395297],[5.374507,43.395324],[5.374446,43.395352],[5.37446,43.395397],[5.374449,43.395415],[5.374491,43.395401],[5.374517,43.395427],[5.374553,43.3954],[5.374585,43.395421],[5.3746,43.395484]]],[[[5.376103,43.395582],[5.376146,43.395533],[5.37609,43.395584],[5.376055,43.395666],[5.37607,43.395663],[5.376076,43.395694],[5.376078,43.395673],[5.376123,43.395574],[5.376168,43.395551],[5.376214,43.395541],[5.376216,43.395553],[5.376211,43.395562],[5.376188,43.395582],[5.37634,43.395693],[5.376401,43.395674],[5.376412,43.395675],[5.376414,43.395697],[5.376422,43.395678],[5.376383,43.395634],[5.376395,43.395616],[5.376381,43.395589],[5.376333,43.395568],[5.376284,43.395579],[5.376216,43.395539],[5.376176,43.395544],[5.376103,43.395582]]],[[[5.375928,43.39566],[5.37592,43.395674],[5.375931,43.395677],[5.375944,43.395659],[5.375928,43.39566]]],[[[5.376034,43.395671],[5.376006,43.395665],[5.376021,43.395673],[5.376034,43.395671]]],[[[5.376073,43.395705],[5.376073,43.395703],[5.375961,43.395685],[5.376039,43.395707],[5.376073,43.395705]]],[[[5.375417,43.395696],[5.375449,43.395717],[5.375456,43.395749],[5.375529,43.39572],[5.375588,43.395754],[5.375535,43.395713],[5.375475,43.395722],[5.375377,43.395677],[5.375345,43.39568],[5.375417,43.395696]]],[[[5.375754,43.395744],[5.375726,43.395744],[5.375604,43.395763],[5.37579,43.395759],[5.375828,43.395786],[5.375885,43.395778],[5.375933,43.395784],[5.375957,43.395796],[5.375957,43.395786],[5.375912,43.395774],[5.375824,43.395768],[5.375754,43.395744]]],[[[5.376438,43.395777],[5.376427,43.395747],[5.37643,43.395831],[5.376438,43.395777]]],[[[5.376054,43.396007],[5.376143,43.396077],[5.376167,43.39608],[5.376207,43.396142],[5.376183,43.396169],[5.376239,43.396173],[5.376264,43.39619],[5.376288,43.396162],[5.376295,43.396185],[5.37637,43.396219],[5.376373,43.396223],[5.376317,43.396147],[5.376285,43.39615],[5.376247,43.3961],[5.376163,43.395969],[5.376117,43.395939],[5.376016,43.395901],[5.375987,43.395865],[5.375962,43.395847],[5.375958,43.395809],[5.37596,43.395859],[5.375999,43.395903],[5.376127,43.395961],[5.376185,43.396017],[5.376191,43.39607],[5.376181,43.396076],[5.376158,43.396066],[5.376093,43.396005],[5.376067,43.395997],[5.376054,43.396007]]],[[[5.376026,43.396096],[5.37603,43.396056],[5.375992,43.39602],[5.376003,43.395984],[5.375965,43.395963],[5.375928,43.395977],[5.375918,43.396022],[5.376026,43.396096]]],[[[5.376535,43.396036],[5.376521,43.395991],[5.37647,43.395956],[5.376431,43.395845],[5.376431,43.395855],[5.376421,43.395864],[5.376425,43.395907],[5.376434,43.395909],[5.37646,43.396049],[5.376498,43.396046],[5.376596,43.396194],[5.376643,43.396228],[5.376785,43.396286],[5.376783,43.396307],[5.376826,43.396347],[5.376826,43.396357],[5.376835,43.396359],[5.376844,43.396346],[5.376843,43.396342],[5.376857,43.39633],[5.37698,43.39637],[5.377202,43.396366],[5.377349,43.396335],[5.37742,43.396298],[5.377319,43.396338],[5.377197,43.396359],[5.377037,43.396362],[5.376786,43.396269],[5.376683,43.396181],[5.37664,43.396168],[5.376625,43.396115],[5.376587,43.396097],[5.376573,43.396053],[5.376535,43.396036]]],[[[5.376452,43.396406],[5.376463,43.39637],[5.376412,43.396344],[5.376321,43.396234],[5.37631,43.396265],[5.376375,43.396327],[5.376377,43.396381],[5.376427,43.396398],[5.37646,43.396456],[5.376534,43.396454],[5.376564,43.396431],[5.37652,43.396409],[5.376471,43.396419],[5.376452,43.396406]]],[[[5.376763,43.396431],[5.376563,43.396375],[5.37646,43.396323],[5.37641,43.396268],[5.376448,43.396316],[5.376531,43.396364],[5.376643,43.396407],[5.376763,43.396431]]],[[[5.376772,43.396539],[5.376792,43.39657],[5.376768,43.396588],[5.376825,43.396628],[5.376999,43.396651],[5.377098,43.396649],[5.377148,43.396666],[5.377345,43.39667],[5.377479,43.396613],[5.377553,43.396621],[5.377615,43.39661],[5.37767,43.396576],[5.377593,43.396582],[5.37757,43.396609],[5.377422,43.396613],[5.377349,43.39665],[5.377127,43.396655],[5.377108,43.396642],[5.377119,43.396606],[5.37718,43.396596],[5.377161,43.396564],[5.377099,43.396575],[5.377003,43.39664],[5.376956,43.396623],[5.376958,43.396582],[5.376939,43.396569],[5.376889,43.396561],[5.376872,43.396593],[5.376841,43.396607],[5.376822,43.396585],[5.376853,43.39653],[5.376922,43.396459],[5.376865,43.396453],[5.376899,43.39646],[5.376869,43.396501],[5.376621,43.396461],[5.376535,43.396481],[5.376549,43.396508],[5.376586,43.396516],[5.376622,43.396488],[5.376672,43.396505],[5.376698,43.396531],[5.376722,43.396522],[5.376772,43.396539]]],[[[5.375704,43.400693],[5.375759,43.400692],[5.375856,43.400661],[5.375812,43.400662],[5.375739,43.400691],[5.375704,43.400693]]],[[[5.376253,43.400699],[5.376266,43.400696],[5.376257,43.400697],[5.376157,43.400655],[5.375964,43.400659],[5.376091,43.400667],[5.376152,43.400657],[5.376253,43.400699]]],[[[5.376524,43.400689],[5.376564,43.400695],[5.376575,43.400712],[5.376593,43.400705],[5.376573,43.400692],[5.37652,43.400686],[5.376524,43.400689]]],[[[5.376584,43.400743],[5.376577,43.400731],[5.376556,43.400731],[5.376584,43.400743]]],[[[5.376544,43.400754],[5.376582,43.400764],[5.376586,43.400761],[5.37652,43.400734],[5.376532,43.400732],[5.376512,43.400732],[5.376544,43.400754]]],[[[5.375119,43.400763],[5.375063,43.400769],[5.374985,43.400799],[5.375119,43.400763]]],[[[5.375386,43.400781],[5.375361,43.400786],[5.375406,43.400826],[5.375462,43.40082],[5.375442,43.400798],[5.375386,43.400781]]],[[[5.376601,43.400951],[5.376534,43.400957],[5.376506,43.400932],[5.376509,43.400922],[5.376544,43.400921],[5.376534,43.400912],[5.376529,43.400888],[5.376482,43.400888],[5.376504,43.40085],[5.376466,43.400823],[5.376452,43.400798],[5.376352,43.40073],[5.376346,43.400729],[5.376397,43.400764],[5.376449,43.400808],[5.376425,43.400826],[5.376455,43.400821],[5.3765,43.400851],[5.376477,43.400888],[5.376514,43.400905],[5.376491,43.400933],[5.376535,43.400963],[5.376606,43.400962],[5.376601,43.400951]]],[[[5.3766,43.400741],[5.3766,43.40075],[5.376628,43.400747],[5.37665,43.400758],[5.376633,43.400761],[5.376663,43.400762],[5.376669,43.400776],[5.376602,43.400791],[5.376596,43.400768],[5.376593,43.400768],[5.376592,43.400793],[5.376614,43.400794],[5.376651,43.400785],[5.376676,43.40081],[5.376677,43.400837],[5.376715,43.400847],[5.376705,43.400935],[5.376671,43.400991],[5.376622,43.400993],[5.376614,43.400977],[5.376592,43.400993],[5.376661,43.401023],[5.376724,43.40091],[5.376722,43.400856],[5.376745,43.40081],[5.376732,43.400801],[5.376757,43.400792],[5.376755,43.400756],[5.376698,43.400726],[5.376637,43.400727],[5.3766,43.400741]]],[[[5.375506,43.404145],[5.375454,43.404146],[5.375519,43.404151],[5.375506,43.404145]]],[[[5.37562,43.404168],[5.375644,43.404168],[5.375678,43.404161],[5.375655,43.404151],[5.37562,43.404168]]],[[[5.375357,43.404175],[5.375276,43.404177],[5.375315,43.404192],[5.375352,43.404183],[5.375357,43.404175]]],[[[5.375841,43.404192],[5.375851,43.404204],[5.375888,43.40423],[5.375899,43.404219],[5.375888,43.404212],[5.375886,43.404187],[5.375892,43.404179],[5.375764,43.404172],[5.375841,43.404192]]],[[[5.376984,43.404216],[5.37699,43.404228],[5.376996,43.404227],[5.377002,43.404223],[5.377,43.404209],[5.376984,43.404216]]],[[[5.37697,43.404227],[5.376971,43.404228],[5.376976,43.404228],[5.37697,43.404227]]],[[[5.376841,43.40425],[5.376853,43.404248],[5.376858,43.404244],[5.376841,43.40425]]],[[[5.376128,43.404265],[5.376157,43.404282],[5.376177,43.404282],[5.376128,43.404265]]],[[[5.376293,43.404315],[5.376321,43.404317],[5.376257,43.404303],[5.376293,43.404315]]],[[[5.376543,43.404317],[5.376553,43.40431],[5.376512,43.40432],[5.376543,43.404317]]],[[[5.377545,43.404507],[5.377539,43.404504],[5.377537,43.404504],[5.377545,43.404507]]],[[[5.375775,43.40456],[5.375713,43.404567],[5.375641,43.404583],[5.375783,43.40458],[5.375882,43.404606],[5.375775,43.40456]]],[[[5.375628,43.404586],[5.375602,43.404592],[5.375539,43.404612],[5.375563,43.404612],[5.375628,43.404586]]],[[[5.375367,43.40467],[5.375405,43.404654],[5.375371,43.40465],[5.375343,43.404627],[5.375332,43.404624],[5.375337,43.404631],[5.375343,43.404632],[5.375343,43.404645],[5.375367,43.40467]]],[[[5.375267,43.404661],[5.375256,43.404673],[5.375208,43.404725],[5.375296,43.404652],[5.375267,43.404661]]],[[[5.375985,43.404674],[5.375989,43.404675],[5.375982,43.404672],[5.375985,43.404674]]],[[[5.377985,43.404709],[5.377966,43.404693],[5.377904,43.404694],[5.377867,43.404686],[5.377679,43.404573],[5.377614,43.404541],[5.377849,43.404687],[5.378038,43.404773],[5.378063,43.404773],[5.378068,43.404759],[5.378017,43.404715],[5.378035,43.404692],[5.378047,43.404692],[5.378002,43.404691],[5.377985,43.404709]]],[[[5.376413,43.404716],[5.376392,43.404719],[5.376406,43.404719],[5.376413,43.404716]]],[[[5.375117,43.404826],[5.375114,43.404829],[5.375115,43.404829],[5.375117,43.404826]]],[[[5.37706,43.408531],[5.377074,43.408538],[5.377064,43.40853],[5.37706,43.408531]]],[[[5.377011,43.40854],[5.37696,43.40855],[5.376931,43.408591],[5.376977,43.408605],[5.376959,43.40858],[5.377011,43.40854]]],[[[5.377036,43.408633],[5.377074,43.408638],[5.377092,43.408615],[5.377086,43.408595],[5.377084,43.408604],[5.377036,43.408633]]],[[[5.378094,43.408822],[5.378346,43.408934],[5.378482,43.408949],[5.37857,43.408983],[5.378601,43.408978],[5.378623,43.408923],[5.378695,43.408868],[5.378718,43.408831],[5.378726,43.408732],[5.378518,43.408624],[5.378181,43.408523],[5.378057,43.408517],[5.377932,43.408475],[5.377454,43.408413],[5.377399,43.408424],[5.377369,43.408447],[5.377347,43.408519],[5.377323,43.408538],[5.377324,43.408565],[5.37735,43.408582],[5.37734,43.408636],[5.377372,43.408658],[5.377721,43.40874],[5.377869,43.408755],[5.378094,43.408822]],[[5.378328,43.40879],[5.378395,43.408789],[5.378409,43.408829],[5.378368,43.408861],[5.378331,43.408871],[5.378274,43.408841],[5.378328,43.40879]]],[[[5.37766,43.409075],[5.377694,43.409084],[5.377747,43.409082],[5.377684,43.409055],[5.377619,43.409037],[5.37766,43.409075]]],[[[5.378207,43.370038],[5.37816,43.370072],[5.378327,43.369988],[5.378207,43.370038]]],[[[5.378124,43.370098],[5.378103,43.370112],[5.378024,43.370189],[5.378005,43.370203],[5.378039,43.370179],[5.378124,43.370098]]],[[[5.377683,43.370371],[5.377901,43.370276],[5.377915,43.370266],[5.377673,43.370372],[5.377602,43.370388],[5.377683,43.370371]]],[[[5.376772,43.370454],[5.376851,43.370452],[5.376781,43.370452],[5.376772,43.370454]]],[[[5.377269,43.370488],[5.3773,43.370477],[5.377238,43.370491],[5.377269,43.370488]]],[[[5.377132,43.370495],[5.377158,43.3705],[5.377193,43.370496],[5.377132,43.370495]]],[[[5.377033,43.370604],[5.377033,43.370597],[5.37707,43.37058],[5.377021,43.370577],[5.376997,43.370595],[5.376977,43.370555],[5.377001,43.370546],[5.377006,43.370523],[5.377047,43.370528],[5.376961,43.370513],[5.376956,43.370536],[5.377005,43.370608],[5.377033,43.370604]]],[[[5.3771,43.370564],[5.377092,43.370574],[5.377111,43.370576],[5.3771,43.370564]]],[[[5.377067,43.370672],[5.377072,43.370668],[5.377065,43.370663],[5.377068,43.37067],[5.377067,43.370672]]],[[[5.376887,43.370697],[5.376897,43.370701],[5.376903,43.370669],[5.376893,43.370658],[5.376887,43.370697]]],[[[5.377041,43.370725],[5.377044,43.370727],[5.377043,43.370722],[5.377041,43.370725]]],[[[5.3769,43.370791],[5.376903,43.370848],[5.376906,43.370772],[5.3769,43.370791]]],[[[5.377091,43.370821],[5.377091,43.370828],[5.377099,43.370814],[5.377091,43.370821]]],[[[5.377019,43.370876],[5.377032,43.370985],[5.377027,43.370873],[5.377019,43.370876]]],[[[5.376926,43.371263],[5.376929,43.371258],[5.37692,43.371263],[5.376926,43.371263]]],[[[5.376957,43.371274],[5.376962,43.371273],[5.376957,43.371268],[5.376957,43.371274]]],[[[5.377148,43.371425],[5.377131,43.371399],[5.377143,43.371426],[5.377148,43.371425]]],[[[5.376757,43.371543],[5.376759,43.37154],[5.376755,43.371544],[5.376757,43.371543]]],[[[5.376925,43.371839],[5.376926,43.371826],[5.376919,43.371835],[5.376925,43.371839]]],[[[5.377046,43.37194],[5.377045,43.371949],[5.377062,43.371919],[5.377113,43.371897],[5.377061,43.371898],[5.377052,43.371902],[5.377028,43.371907],[5.377027,43.371925],[5.377024,43.371929],[5.377046,43.37194]]],[[[5.377256,43.372009],[5.37727,43.371971],[5.377262,43.371954],[5.377265,43.371975],[5.377256,43.372009]]],[[[5.376997,43.372092],[5.377007,43.372064],[5.377,43.372058],[5.376997,43.372092]]],[[[5.377337,43.372119],[5.377324,43.372142],[5.377338,43.372131],[5.377337,43.372119]]],[[[5.37701,43.372154],[5.376993,43.372149],[5.377005,43.372178],[5.37701,43.372154]]],[[[5.377147,43.372298],[5.377149,43.372305],[5.377155,43.372297],[5.377179,43.372294],[5.377179,43.37228],[5.377134,43.37227],[5.377124,43.37226],[5.377121,43.372262],[5.377147,43.372298]]],[[[5.377376,43.3723],[5.377387,43.372308],[5.377391,43.372323],[5.377387,43.372308],[5.377376,43.3723]]],[[[5.37744,43.372344],[5.377442,43.372376],[5.377452,43.372384],[5.377506,43.372308],[5.377498,43.372301],[5.37744,43.372344]]],[[[5.377386,43.372334],[5.377419,43.372369],[5.377433,43.372371],[5.377419,43.372369],[5.377386,43.372334]]],[[[5.377621,43.37246],[5.377608,43.37251],[5.377607,43.372544],[5.377599,43.372557],[5.37761,43.37258],[5.377634,43.372598],[5.37766,43.372597],[5.377635,43.372597],[5.377602,43.372558],[5.377663,43.372529],[5.377684,43.372448],[5.377584,43.372414],[5.377589,43.372373],[5.377538,43.372421],[5.377551,43.372421],[5.377613,43.372447],[5.377621,43.37246]]],[[[5.378018,43.372663],[5.378,43.372621],[5.377918,43.372582],[5.377847,43.372656],[5.377842,43.372652],[5.377846,43.372658],[5.377877,43.372671],[5.377925,43.372643],[5.377968,43.372638],[5.377999,43.37265],[5.378018,43.372663]]],[[[5.377717,43.372752],[5.37767,43.372729],[5.377638,43.37273],[5.377717,43.372752]]],[[[5.377203,43.37936],[5.377057,43.379326],[5.377058,43.379326],[5.377203,43.37936]]],[[[5.377653,43.37953],[5.377853,43.379685],[5.378144,43.379849],[5.3782,43.379876],[5.377972,43.379743],[5.377788,43.379626],[5.377693,43.379539],[5.377686,43.37954],[5.377653,43.37953]]],[[[5.378585,43.380082],[5.378552,43.380054],[5.378524,43.38004],[5.378585,43.380082]]],[[[5.378666,43.380159],[5.378661,43.380146],[5.378622,43.380114],[5.378666,43.380159]]],[[[5.378723,43.386384],[5.378727,43.386387],[5.378749,43.386377],[5.378723,43.386384]]],[[[5.378897,43.386476],[5.378984,43.386402],[5.378997,43.3864],[5.379025,43.386378],[5.379018,43.386365],[5.379017,43.386376],[5.379008,43.386391],[5.378959,43.386411],[5.378897,43.386476]]],[[[5.378105,43.386681],[5.378068,43.386682],[5.378039,43.386705],[5.378095,43.386718],[5.378255,43.386714],[5.378256,43.386732],[5.378301,43.386749],[5.378304,43.386742],[5.378277,43.386698],[5.378318,43.386648],[5.378374,43.386642],[5.378347,43.386597],[5.378389,43.386565],[5.378427,43.386591],[5.378532,43.386584],[5.378542,43.386539],[5.378567,43.38653],[5.378576,43.386466],[5.378569,43.386444],[5.378504,43.386464],[5.37858,43.386411],[5.3787,43.386369],[5.378717,43.38638],[5.378723,43.38637],[5.378837,43.386314],[5.37885,43.386336],[5.37882,43.38636],[5.37879,43.386367],[5.378825,43.386366],[5.378882,43.386397],[5.378798,43.386453],[5.378799,43.38648],[5.378817,43.386486],[5.378803,43.386476],[5.378805,43.386455],[5.378885,43.386395],[5.37891,43.386411],[5.378899,43.386438],[5.378885,43.38646],[5.378931,43.386396],[5.37894,43.386314],[5.378956,43.386301],[5.379001,43.386331],[5.378957,43.386244],[5.378913,43.386205],[5.378853,43.386269],[5.378816,43.38627],[5.378719,43.386308],[5.378697,43.386353],[5.378574,43.386383],[5.37832,43.386513],[5.378105,43.386681]],[[5.378541,43.386464],[5.378541,43.386491],[5.378506,43.386509],[5.378397,43.386538],[5.378408,43.386523],[5.378493,43.386477],[5.378541,43.386464]],[[5.378507,43.386536],[5.378472,43.386563],[5.378437,43.386563],[5.378423,43.386547],[5.378446,43.386529],[5.378506,43.386519],[5.378507,43.386536]],[[5.378205,43.386697],[5.378186,43.386693],[5.378185,43.386675],[5.378275,43.386606],[5.378306,43.386605],[5.378289,43.38665],[5.37824,43.386651],[5.378205,43.386697]]],[[[5.378837,43.386493],[5.378849,43.386496],[5.378842,43.386519],[5.378891,43.386481],[5.378885,43.38646],[5.378864,43.386493],[5.378837,43.386493]]],[[[5.378283,43.386784],[5.378287,43.386783],[5.378289,43.386778],[5.378283,43.386784]]],[[[5.378226,43.386803],[5.378196,43.386787],[5.378171,43.386788],[5.378226,43.386803]]],[[[5.378633,43.386895],[5.378584,43.386914],[5.378564,43.386883],[5.378601,43.386859],[5.37863,43.386859],[5.378632,43.386876],[5.378645,43.386875],[5.378644,43.386857],[5.378631,43.38684],[5.37863,43.386804],[5.378665,43.386795],[5.378702,43.386758],[5.378632,43.386737],[5.378618,43.386684],[5.378673,43.386678],[5.378691,43.386699],[5.37878,43.386585],[5.378767,43.386716],[5.378738,43.386737],[5.378739,43.386793],[5.378776,43.386784],[5.378794,43.386761],[5.37878,43.386725],[5.378838,43.386652],[5.378812,43.386607],[5.378883,43.386543],[5.378877,43.386529],[5.378846,43.386535],[5.378841,43.386522],[5.378838,43.386533],[5.378754,43.386598],[5.37869,43.386684],[5.378627,43.38665],[5.378609,43.386664],[5.378601,43.386772],[5.37857,43.386768],[5.378505,43.386828],[5.378509,43.386927],[5.378492,43.386949],[5.378506,43.386965],[5.378485,43.387046],[5.378527,43.387023],[5.378559,43.387054],[5.378547,43.387063],[5.378578,43.387067],[5.378607,43.387035],[5.378593,43.386981],[5.378629,43.386962],[5.378652,43.386917],[5.378633,43.386895]]],[[[5.378036,43.386791],[5.377957,43.386854],[5.378038,43.386791],[5.378036,43.386791]]],[[[5.37846,43.387023],[5.378471,43.387011],[5.378482,43.38696],[5.378475,43.386969],[5.378465,43.387014],[5.37846,43.387023]]],[[[5.378413,43.386952],[5.378412,43.386935],[5.378376,43.386993],[5.378379,43.387043],[5.378359,43.387034],[5.378242,43.387096],[5.378295,43.387082],[5.378331,43.387054],[5.37838,43.387053],[5.378403,43.387026],[5.378423,43.387035],[5.378402,43.387007],[5.378461,43.386961],[5.378413,43.386952]]],[[[5.378212,43.387025],[5.378216,43.387014],[5.378212,43.387013],[5.378212,43.387025]]],[[[5.378209,43.387013],[5.378198,43.38701],[5.378141,43.387041],[5.378209,43.387013]]],[[[5.378441,43.387043],[5.378443,43.387041],[5.378438,43.387042],[5.378441,43.387043]]],[[[5.377722,43.387074],[5.377793,43.387073],[5.377805,43.387044],[5.377776,43.387067],[5.377722,43.387074]]],[[[5.3782,43.387055],[5.3782,43.387053],[5.378195,43.387058],[5.3782,43.387055]]],[[[5.377957,43.387151],[5.377942,43.387162],[5.377993,43.387154],[5.37804,43.387131],[5.378037,43.387101],[5.378074,43.387078],[5.378024,43.387106],[5.378025,43.387132],[5.378013,43.387133],[5.377989,43.387151],[5.377957,43.387151]]],[[[5.378044,43.387199],[5.377992,43.387241],[5.37803,43.38725],[5.378113,43.387176],[5.378187,43.387166],[5.378192,43.387134],[5.378237,43.387099],[5.37815,43.387145],[5.37795,43.387245],[5.378044,43.387199]]],[[[5.377274,43.387168],[5.377245,43.387218],[5.377197,43.387237],[5.377224,43.387299],[5.377151,43.387328],[5.377178,43.38739],[5.377142,43.387418],[5.377193,43.387444],[5.377182,43.38748],[5.377195,43.387507],[5.377167,43.38754],[5.377213,43.387513],[5.37721,43.387442],[5.377184,43.387424],[5.377245,43.387396],[5.377218,43.387333],[5.377253,43.387297],[5.377263,43.387233],[5.377293,43.38721],[5.377368,43.387236],[5.377424,43.387218],[5.377411,43.387199],[5.377398,43.387199],[5.377387,43.387219],[5.377356,43.387206],[5.377351,43.387191],[5.37736,43.387182],[5.377385,43.38719],[5.377384,43.387163],[5.377421,43.387146],[5.37744,43.387159],[5.377442,43.387213],[5.377447,43.387211],[5.377451,43.387153],[5.37755,43.387169],[5.377636,43.387149],[5.377653,43.387117],[5.37759,43.387076],[5.377702,43.387075],[5.377694,43.387037],[5.377767,43.387013],[5.377805,43.387043],[5.37781,43.387032],[5.377772,43.387015],[5.377772,43.387003],[5.377663,43.387041],[5.37765,43.387014],[5.377688,43.387012],[5.377688,43.387021],[5.377712,43.387021],[5.377748,43.387002],[5.377835,43.386906],[5.377846,43.386865],[5.377936,43.386856],[5.377854,43.386856],[5.377697,43.38694],[5.377404,43.387039],[5.377387,43.387062],[5.377425,43.387079],[5.377382,43.387102],[5.377345,43.387103],[5.377315,43.387126],[5.377318,43.38718],[5.377274,43.387168]]],[[[5.377886,43.387184],[5.377859,43.387189],[5.377801,43.387219],[5.377886,43.387184]]],[[[5.377916,43.387201],[5.377946,43.387183],[5.377825,43.387236],[5.377863,43.387283],[5.37795,43.387245],[5.377916,43.387201]]],[[[5.377599,43.387316],[5.377555,43.387368],[5.37762,43.387317],[5.377581,43.387282],[5.377598,43.387241],[5.377647,43.38724],[5.377685,43.387267],[5.37773,43.387248],[5.377677,43.387256],[5.377652,43.387238],[5.37759,43.38724],[5.377573,43.387281],[5.377599,43.387316]]],[[[5.377357,43.387342],[5.377378,43.38733],[5.377372,43.387314],[5.377357,43.387342]]],[[[5.377346,43.387357],[5.377342,43.387349],[5.377332,43.387347],[5.377346,43.387357]]],[[[5.377346,43.387377],[5.377355,43.387375],[5.377349,43.387363],[5.377346,43.387377]]],[[[5.377521,43.387358],[5.377516,43.38736],[5.377525,43.387377],[5.377521,43.387358]]],[[[5.377491,43.387372],[5.377483,43.387424],[5.377498,43.387374],[5.377516,43.38736],[5.377491,43.387372]]],[[[5.377433,43.387469],[5.377433,43.387486],[5.377379,43.387587],[5.377382,43.387597],[5.377441,43.387483],[5.377428,43.387457],[5.377459,43.387461],[5.377477,43.387447],[5.377482,43.387429],[5.377461,43.387454],[5.377415,43.387455],[5.377408,43.387464],[5.377433,43.387469]]],[[[5.377383,43.387598],[5.377384,43.387603],[5.37742,43.387543],[5.377383,43.387598]]],[[[5.377671,43.389013],[5.377615,43.389001],[5.377589,43.388965],[5.377619,43.388942],[5.377644,43.38895],[5.377661,43.388928],[5.377617,43.388906],[5.377556,43.388907],[5.377548,43.388876],[5.377498,43.38885],[5.377408,43.388762],[5.377342,43.388674],[5.377352,43.38861],[5.377302,43.388584],[5.377262,43.388513],[5.377323,43.388494],[5.377292,43.38849],[5.377284,43.388468],[5.377259,43.388459],[5.377332,43.388413],[5.377354,43.388349],[5.377352,43.388304],[5.377311,43.388224],[5.377319,43.388116],[5.377306,43.388089],[5.377353,43.388034],[5.377338,43.387963],[5.377373,43.387917],[5.377359,43.38789],[5.377396,43.38788],[5.377417,43.387947],[5.377446,43.387906],[5.377447,43.387756],[5.377458,43.387734],[5.377422,43.387736],[5.377426,43.387709],[5.377469,43.387712],[5.377481,43.387682],[5.377443,43.387686],[5.377437,43.387673],[5.377512,43.387593],[5.377519,43.387563],[5.37757,43.387493],[5.377604,43.387429],[5.37754,43.38749],[5.377493,43.387575],[5.377468,43.387598],[5.377488,43.387565],[5.377429,43.387662],[5.37743,43.387698],[5.377406,43.387716],[5.377396,43.387779],[5.37735,43.387852],[5.377217,43.388224],[5.377223,43.388362],[5.377224,43.388357],[5.377292,43.388355],[5.377275,43.388383],[5.377224,43.38838],[5.377228,43.388494],[5.377339,43.388776],[5.377432,43.388949],[5.37747,43.388966],[5.377496,43.389001],[5.377539,43.389129],[5.37755,43.38913],[5.377557,43.389279],[5.377522,43.389334],[5.377525,43.389397],[5.37744,43.389435],[5.377438,43.389444],[5.377454,43.389432],[5.377541,43.389439],[5.377569,43.38938],[5.377629,43.389333],[5.377648,43.389198],[5.377622,43.38918],[5.377633,43.389144],[5.377669,43.389116],[5.37769,43.389035],[5.377671,43.389013]]],[[[5.377452,43.389101],[5.37745,43.389083],[5.377372,43.388978],[5.377452,43.389101]]],[[[5.377449,43.389454],[5.377437,43.389447],[5.37743,43.389476],[5.377449,43.389454]]],[[[5.378701,43.390421],[5.378783,43.390384],[5.378728,43.390394],[5.378701,43.390421]]],[[[5.378582,43.39046],[5.378562,43.390483],[5.378585,43.39046],[5.378582,43.39046]]],[[[5.378855,43.390499],[5.378873,43.390485],[5.37883,43.390436],[5.378853,43.390466],[5.378809,43.390483],[5.378855,43.390499]]],[[[5.378551,43.390495],[5.378558,43.390487],[5.378483,43.390489],[5.378551,43.390495]]],[[[5.378685,43.390548],[5.378788,43.390491],[5.378628,43.390556],[5.378685,43.390548]]],[[[5.3782,43.390646],[5.378266,43.390613],[5.378266,43.390596],[5.378046,43.390716],[5.378055,43.390722],[5.378152,43.390692],[5.3782,43.390646]]],[[[5.377936,43.390755],[5.378006,43.390741],[5.37802,43.39073],[5.378014,43.390733],[5.377936,43.390755]]],[[[5.378532,43.390621],[5.378394,43.390719],[5.378324,43.390819],[5.378326,43.390871],[5.378333,43.390848],[5.378369,43.39082],[5.378414,43.39072],[5.378505,43.390669],[5.378548,43.390672],[5.378547,43.390654],[5.378583,43.390626],[5.378573,43.390607],[5.378557,43.39063],[5.378532,43.390621]]],[[[5.377751,43.390807],[5.377753,43.39081],[5.377768,43.390802],[5.377751,43.390807]]],[[[5.377867,43.391028],[5.377872,43.391038],[5.377991,43.39107],[5.377989,43.391061],[5.377944,43.391039],[5.377867,43.391028]]],[[[5.377526,43.391099],[5.377572,43.391103],[5.377614,43.39108],[5.377611,43.391072],[5.377556,43.391097],[5.377526,43.391099]]],[[[5.378054,43.391198],[5.378025,43.391167],[5.378025,43.39117],[5.378054,43.391198]]],[[[5.378082,43.391229],[5.378079,43.391226],[5.378082,43.391233],[5.378082,43.391229]]],[[[5.378286,43.391085],[5.378288,43.391144],[5.378331,43.391278],[5.37839,43.391371],[5.378424,43.391382],[5.378392,43.391369],[5.378297,43.391164],[5.378286,43.391085]]],[[[5.378131,43.391329],[5.378146,43.391342],[5.378118,43.391304],[5.378131,43.391329]]],[[[5.378196,43.391409],[5.378241,43.391455],[5.378195,43.391401],[5.378196,43.391409]]],[[[5.378602,43.391486],[5.378643,43.391471],[5.378642,43.391453],[5.378634,43.391447],[5.378635,43.39146],[5.378602,43.391486]]],[[[5.37833,43.391494],[5.378327,43.391485],[5.378282,43.391475],[5.37833,43.391494]]],[[[5.378349,43.391541],[5.378409,43.391586],[5.378348,43.391535],[5.378349,43.391541]]],[[[5.378506,43.391625],[5.378477,43.391675],[5.378502,43.391663],[5.37849,43.391654],[5.378513,43.391627],[5.378499,43.391573],[5.37851,43.391555],[5.378576,43.391495],[5.378582,43.391493],[5.378556,43.391494],[5.378491,43.391563],[5.378506,43.391625]]],[[[5.378456,43.391626],[5.378453,43.391623],[5.378457,43.391634],[5.378456,43.391626]]],[[[5.378477,43.391675],[5.37847,43.391671],[5.378472,43.391677],[5.378477,43.391675]]],[[[5.378272,43.396537],[5.37827,43.396492],[5.378193,43.396422],[5.37814,43.396324],[5.378056,43.396241],[5.377969,43.396234],[5.377906,43.39619],[5.377587,43.396233],[5.377421,43.396298],[5.377459,43.396306],[5.377555,43.396259],[5.377642,43.396275],[5.377728,43.396255],[5.377741,43.396273],[5.377776,43.396227],[5.377813,43.396226],[5.377889,43.396278],[5.377938,43.396268],[5.377945,43.396282],[5.377921,43.396291],[5.377898,43.396346],[5.377952,43.396304],[5.378066,43.396383],[5.378134,43.396386],[5.378149,43.396448],[5.378188,43.396474],[5.378178,43.396547],[5.378241,43.396572],[5.37823,43.396617],[5.37828,43.396616],[5.378294,43.396661],[5.378384,43.39674],[5.378404,43.39678],[5.37849,43.396769],[5.378527,43.396777],[5.378553,43.396804],[5.378664,43.396801],[5.378671,43.396824],[5.378715,43.396836],[5.378739,43.396836],[5.378773,43.396792],[5.378745,43.396793],[5.378633,43.396759],[5.378532,43.396707],[5.37847,43.396709],[5.378393,43.39662],[5.378355,43.396612],[5.378344,43.39663],[5.378307,43.396631],[5.37831,43.396555],[5.378272,43.396537]]],[[[5.377937,43.396792],[5.377937,43.396797],[5.377943,43.396801],[5.377949,43.396797],[5.377943,43.396792],[5.377937,43.396792]]],[[[5.378875,43.396824],[5.378936,43.396813],[5.378976,43.396876],[5.379036,43.396838],[5.379109,43.396819],[5.379185,43.396862],[5.379221,43.396852],[5.379246,43.396869],[5.379215,43.396818],[5.379054,43.396795],[5.37903,43.396804],[5.378941,43.396761],[5.378917,43.396762],[5.378881,43.39679],[5.37878,43.396792],[5.378825,43.396807],[5.378837,43.396798],[5.378875,43.396824]]],[[[5.378012,43.396831],[5.378056,43.396835],[5.378107,43.39687],[5.378188,43.39689],[5.378166,43.396954],[5.37826,43.397001],[5.378384,43.397016],[5.378435,43.397051],[5.378534,43.397058],[5.378572,43.397084],[5.378609,43.397075],[5.378647,43.397101],[5.378734,43.397126],[5.378869,43.397096],[5.378943,43.397094],[5.378956,43.397112],[5.379005,43.397102],[5.379028,43.397118],[5.379025,43.397107],[5.378959,43.397083],[5.378885,43.397085],[5.378739,43.397115],[5.378667,43.397087],[5.378678,43.397082],[5.378777,43.397084],[5.378789,43.397075],[5.378787,43.397048],[5.378743,43.397058],[5.378624,43.397027],[5.378611,43.39701],[5.378462,43.396995],[5.378431,43.396982],[5.378424,43.39696],[5.378337,43.396953],[5.378301,43.39698],[5.378268,43.396923],[5.378218,43.396906],[5.378178,43.396853],[5.378209,43.396847],[5.378247,43.396865],[5.378265,43.396851],[5.37822,43.39682],[5.377995,43.396744],[5.377835,43.396599],[5.377753,43.396569],[5.37772,43.396572],[5.377736,43.396572],[5.377799,43.396588],[5.377894,43.396654],[5.377908,43.396698],[5.377897,43.396726],[5.377922,43.396743],[5.377937,43.396792],[5.377935,43.396752],[5.377978,43.396737],[5.378166,43.396814],[5.378012,43.396831]],[[5.378676,43.39706],[5.378621,43.397065],[5.378477,43.397019],[5.378483,43.397005],[5.378526,43.397004],[5.378676,43.39706]]],[[[5.37794,43.396869],[5.377954,43.396904],[5.377998,43.396917],[5.378015,43.396885],[5.377964,43.396855],[5.37794,43.396869]]],[[[5.379349,43.396905],[5.379348,43.396901],[5.379342,43.396896],[5.379336,43.396901],[5.379342,43.396905],[5.379349,43.396905]]],[[[5.378663,43.396927],[5.378632,43.396928],[5.378627,43.396942],[5.378671,43.396972],[5.378733,43.396971],[5.378783,43.396988],[5.378796,43.397015],[5.378871,43.397022],[5.378888,43.397008],[5.378857,43.396986],[5.378663,43.396927]]],[[[5.378175,43.39703],[5.378218,43.397025],[5.378105,43.396987],[5.378081,43.396992],[5.378175,43.39703]]],[[[5.379091,43.397388],[5.37911,43.397401],[5.379099,43.397428],[5.379124,43.397446],[5.379125,43.397473],[5.379157,43.397486],[5.379448,43.397362],[5.379478,43.397339],[5.379475,43.397285],[5.379504,43.397235],[5.379554,43.397252],[5.379578,43.397233],[5.379603,43.397242],[5.379627,43.397214],[5.379695,43.397217],[5.379632,43.397192],[5.379612,43.397151],[5.379588,43.397179],[5.379557,43.397175],[5.379557,43.397157],[5.379629,43.397111],[5.379541,43.397077],[5.379489,43.397015],[5.379387,43.396945],[5.379399,43.396936],[5.379386,43.396918],[5.379349,43.396905],[5.379331,43.396933],[5.379274,43.396909],[5.379294,43.396972],[5.379409,43.397051],[5.379461,43.39713],[5.379401,43.397168],[5.379404,43.397231],[5.379454,43.397248],[5.37947,43.397337],[5.379428,43.39737],[5.379197,43.397465],[5.379139,43.397455],[5.379147,43.39741],[5.378919,43.397262],[5.378906,43.397226],[5.378954,43.397189],[5.37899,43.397226],[5.379027,43.397216],[5.379065,43.397252],[5.379095,43.397237],[5.379057,43.397211],[5.379051,43.397193],[5.379052,43.397195],[5.379022,43.397209],[5.378971,43.397175],[5.378922,43.397176],[5.378833,43.397272],[5.378877,43.397303],[5.378921,43.397306],[5.378954,43.397355],[5.378991,43.397354],[5.379054,43.397389],[5.379091,43.397388]]],[[[5.38114,43.40484],[5.381003,43.404834],[5.381015,43.404816],[5.381082,43.404801],[5.381063,43.404788],[5.381014,43.404798],[5.380851,43.404721],[5.380701,43.404679],[5.380491,43.404683],[5.380416,43.404658],[5.380182,43.404681],[5.380098,43.404728],[5.379962,43.404731],[5.379725,43.404655],[5.379638,43.404648],[5.379499,43.404579],[5.379401,43.404581],[5.379374,43.404546],[5.379274,43.404512],[5.379113,43.404498],[5.379088,43.40448],[5.378928,43.404493],[5.378611,43.404599],[5.378524,43.404592],[5.378451,43.404611],[5.378326,43.40456],[5.378176,43.404527],[5.378015,43.404355],[5.377946,43.404325],[5.377907,43.40429],[5.37787,43.404291],[5.377831,43.404238],[5.377681,43.404196],[5.377636,43.404201],[5.3777,43.40421],[5.377776,43.404246],[5.377782,43.404296],[5.377855,43.404333],[5.377857,43.404378],[5.377893,43.404396],[5.377903,43.404388],[5.377931,43.404377],[5.377967,43.404395],[5.377982,43.404413],[5.377971,43.404448],[5.378017,43.404448],[5.37816,43.404525],[5.378165,43.404584],[5.378223,43.404587],[5.378258,43.40456],[5.378284,43.404569],[5.378272,43.404596],[5.378384,43.404653],[5.378413,43.404644],[5.378437,43.404653],[5.378416,43.404683],[5.37851,43.404708],[5.378569,43.404671],[5.378752,43.404585],[5.378887,43.404562],[5.379023,43.404544],[5.379126,43.404594],[5.379143,43.404637],[5.379208,43.404621],[5.379273,43.40462],[5.379709,43.404701],[5.379814,43.404749],[5.37992,43.404732],[5.380024,43.404757],[5.380079,43.404738],[5.38013,43.404736],[5.380241,43.404758],[5.380289,43.404725],[5.380338,43.404712],[5.380404,43.404729],[5.38051,43.404693],[5.380527,43.404736],[5.380601,43.404754],[5.380624,43.404805],[5.380725,43.404805],[5.38084,43.404846],[5.381125,43.404867],[5.381245,43.404848],[5.381362,43.404879],[5.381406,43.404861],[5.381421,43.404861],[5.381425,43.40489],[5.381422,43.404925],[5.381356,43.404935],[5.381163,43.404944],[5.381117,43.404957],[5.381415,43.404942],[5.381433,43.404928],[5.381431,43.404865],[5.381367,43.404831],[5.381378,43.404794],[5.381324,43.404818],[5.381286,43.404792],[5.381261,43.404793],[5.381237,43.40482],[5.381212,43.404812],[5.38114,43.40484]],[[5.38091,43.404805],[5.380892,43.404828],[5.38083,43.404829],[5.380774,43.404808],[5.380834,43.404766],[5.38091,43.404805]],[[5.380699,43.404782],[5.380759,43.40475],[5.380773,43.404772],[5.380755,43.404786],[5.380699,43.404782]],[[5.379308,43.404579],[5.379332,43.404565],[5.379346,43.404605],[5.379328,43.40461],[5.379308,43.404579]]],[[[5.378345,43.404758],[5.378302,43.404749],[5.37818,43.404722],[5.378309,43.404758],[5.378345,43.404758]]],[[[5.378612,43.404769],[5.378522,43.404773],[5.378448,43.404773],[5.378483,43.404782],[5.378655,43.404769],[5.378753,43.40474],[5.378779,43.404766],[5.378839,43.404738],[5.378924,43.404726],[5.378847,43.404728],[5.378832,43.404737],[5.37877,43.40473],[5.378612,43.404769]]],[[[5.378982,43.404753],[5.378889,43.404755],[5.378853,43.404764],[5.378835,43.404787],[5.378952,43.404789],[5.378982,43.404753]]],[[[5.379383,43.404762],[5.379434,43.404788],[5.379568,43.404785],[5.37935,43.40475],[5.379365,43.404758],[5.379359,43.404771],[5.379383,43.404762]]],[[[5.379656,43.404801],[5.379678,43.404802],[5.379655,43.404799],[5.379656,43.404801]]],[[[5.380237,43.40917],[5.380257,43.409201],[5.380345,43.409253],[5.380358,43.40927],[5.380273,43.409624],[5.380243,43.40961],[5.380033,43.409606],[5.379745,43.409504],[5.379583,43.409481],[5.37952,43.409462],[5.379566,43.409483],[5.379728,43.409506],[5.380016,43.409608],[5.380276,43.409629],[5.380377,43.409245],[5.38034,43.409227],[5.380326,43.409201],[5.380269,43.409171],[5.379543,43.409069],[5.379507,43.409093],[5.379397,43.409428],[5.379441,43.40945],[5.379477,43.409449],[5.379402,43.409426],[5.379444,43.40929],[5.379501,43.409135],[5.379536,43.409081],[5.379572,43.409076],[5.380237,43.40917]]],[[[5.379387,43.409584],[5.379358,43.409579],[5.379323,43.409579],[5.379387,43.409584]]],[[[5.37936,43.409601],[5.379319,43.409587],[5.37932,43.40959],[5.37936,43.409601]]],[[[5.379614,43.409624],[5.379705,43.409632],[5.379548,43.409609],[5.379614,43.409624]]],[[[5.379577,43.409635],[5.379515,43.409617],[5.379441,43.409614],[5.379577,43.409635]]],[[[5.379694,43.409654],[5.379756,43.409661],[5.379679,43.409651],[5.379694,43.409654]]],[[[5.379722,43.36974],[5.379682,43.369738],[5.379747,43.369741],[5.379722,43.36974]]],[[[5.380328,43.369886],[5.380058,43.369834],[5.380009,43.369818],[5.379846,43.369818],[5.379852,43.369822],[5.3801,43.369843],[5.380328,43.369886]]],[[[5.378736,43.369936],[5.378775,43.369933],[5.378814,43.369922],[5.378736,43.369936]]],[[[5.378809,43.369961],[5.378811,43.369961],[5.378802,43.369962],[5.378809,43.369961]]],[[[5.378557,43.369984],[5.378555,43.369983],[5.378522,43.36999],[5.378557,43.369984]]],[[[5.380424,43.369905],[5.380567,43.36993],[5.380373,43.369895],[5.380398,43.3699],[5.380549,43.369959],[5.380586,43.369958],[5.380636,43.369993],[5.380673,43.369984],[5.380686,43.37001],[5.380745,43.370003],[5.380727,43.369998],[5.380661,43.369968],[5.380518,43.36994],[5.380424,43.369905]]],[[[5.380989,43.370064],[5.380982,43.370065],[5.38099,43.370066],[5.380989,43.370064]]],[[[5.381032,43.370095],[5.381049,43.370137],[5.381074,43.370137],[5.381131,43.370179],[5.381083,43.370118],[5.381032,43.370095]]],[[[5.37776,43.372482],[5.377735,43.372492],[5.377701,43.372546],[5.377726,43.372573],[5.377685,43.372596],[5.37775,43.372593],[5.377798,43.372615],[5.377789,43.372589],[5.377816,43.372503],[5.377853,43.372503],[5.378054,43.372579],[5.378489,43.37266],[5.378858,43.372642],[5.379211,43.372833],[5.379608,43.373012],[5.379563,43.372987],[5.379613,43.372927],[5.379258,43.372769],[5.378892,43.37257],[5.37851,43.372587],[5.378075,43.372507],[5.377736,43.37237],[5.377671,43.372273],[5.377568,43.372324],[5.37762,43.372395],[5.377727,43.372442],[5.37776,43.372482]]],[[[5.379635,43.372934],[5.379655,43.372942],[5.379669,43.372939],[5.379635,43.372934]]],[[[5.378687,43.373018],[5.378667,43.373033],[5.378677,43.373033],[5.378765,43.373071],[5.378742,43.373058],[5.378724,43.373017],[5.378754,43.373009],[5.378687,43.37297],[5.378661,43.372977],[5.378686,43.372991],[5.378687,43.373018]]],[[[5.378874,43.373038],[5.378876,43.373057],[5.37889,43.373059],[5.378874,43.373038]]],[[[5.378925,43.373055],[5.378916,43.373061],[5.378966,43.373067],[5.378962,43.373063],[5.378925,43.373055]]],[[[5.378823,43.373068],[5.378818,43.373064],[5.378795,43.373073],[5.378823,43.373068]]],[[[5.378785,43.373075],[5.378772,43.373074],[5.378777,43.373076],[5.378785,43.373075]]],[[[5.379954,43.373075],[5.379989,43.373076],[5.379947,43.373072],[5.379954,43.373075]]],[[[5.37891,43.3731],[5.378906,43.373098],[5.378875,43.373099],[5.378877,43.373101],[5.37891,43.3731]]],[[[5.379107,43.373132],[5.379095,43.373146],[5.379114,43.373159],[5.379126,43.373148],[5.379138,43.373147],[5.379107,43.373132]]],[[[5.380631,43.373152],[5.380353,43.373089],[5.380656,43.373162],[5.380631,43.373152]]],[[[5.379936,43.37315],[5.379883,43.373135],[5.379928,43.37315],[5.379936,43.37315]]],[[[5.380328,43.373157],[5.380083,43.373153],[5.38033,43.373159],[5.380328,43.373157]]],[[[5.379225,43.373223],[5.379238,43.373212],[5.379221,43.373209],[5.379225,43.373223]]],[[[5.379303,43.373237],[5.379278,43.373251],[5.379256,43.373249],[5.379288,43.373262],[5.379287,43.373256],[5.379318,43.373246],[5.379303,43.373237]]],[[[5.379405,43.37331],[5.379382,43.373277],[5.379363,43.373292],[5.379405,43.37331]]],[[[5.380218,43.37329],[5.380218,43.373297],[5.380221,43.373288],[5.380218,43.37329]]],[[[5.380752,43.373274],[5.38075,43.373278],[5.380794,43.373292],[5.380752,43.373274]]],[[[5.381039,43.373319],[5.381018,43.373308],[5.381037,43.373321],[5.381039,43.373319]]],[[[5.379462,43.373372],[5.379466,43.373373],[5.379459,43.373368],[5.379462,43.373372]]],[[[5.380552,43.373451],[5.380549,43.373449],[5.380544,43.373451],[5.380552,43.373451]]],[[[5.379991,43.373482],[5.380015,43.373463],[5.380056,43.373468],[5.380031,43.373443],[5.379991,43.373482]]],[[[5.379719,43.37347],[5.379711,43.373468],[5.379696,43.373474],[5.379719,43.37347]]],[[[5.380077,43.373471],[5.380078,43.373468],[5.380062,43.373469],[5.380077,43.373471]]],[[[5.37988,43.373484],[5.379883,43.373482],[5.379791,43.373484],[5.379794,43.373486],[5.37988,43.373484]]],[[[5.379571,43.373511],[5.379567,43.37351],[5.379571,43.373514],[5.379571,43.373511]]],[[[5.380849,43.373535],[5.380807,43.37346],[5.3808,43.373504],[5.380849,43.373535]]],[[[5.381217,43.373815],[5.381211,43.37379],[5.381118,43.373741],[5.381119,43.373749],[5.381145,43.373785],[5.381176,43.373806],[5.381217,43.373815]]],[[[5.381251,43.373823],[5.381255,43.373821],[5.381242,43.373821],[5.381251,43.373823]]],[[[5.378729,43.380302],[5.378729,43.380298],[5.378698,43.380229],[5.378711,43.380273],[5.378729,43.380302]]],[[[5.378755,43.380443],[5.378774,43.380465],[5.378793,43.380462],[5.378778,43.380445],[5.378755,43.380443]]],[[[5.379047,43.380831],[5.379056,43.380843],[5.379038,43.380809],[5.379047,43.380831]]],[[[5.379174,43.381334],[5.379179,43.381336],[5.379178,43.381321],[5.379174,43.381334]]],[[[5.379467,43.381395],[5.379461,43.381394],[5.379472,43.3814],[5.379467,43.381395]]],[[[5.379788,43.381564],[5.379771,43.381552],[5.379789,43.381588],[5.379788,43.381564]]],[[[5.380495,43.381974],[5.380507,43.381973],[5.380456,43.381961],[5.380495,43.381974]]],[[[5.380239,43.382022],[5.380258,43.382035],[5.380266,43.382037],[5.380256,43.382028],[5.380264,43.382009],[5.380239,43.382022]]],[[[5.380445,43.382123],[5.380468,43.382087],[5.380449,43.382065],[5.380395,43.38205],[5.380401,43.382054],[5.38039,43.382081],[5.38044,43.382107],[5.380417,43.382153],[5.380491,43.382191],[5.380472,43.382177],[5.380503,43.382171],[5.38052,43.382149],[5.380477,43.382145],[5.380445,43.382123]]],[[[5.381521,43.382247],[5.381542,43.382248],[5.38158,43.382219],[5.381537,43.382223],[5.381521,43.382247]]],[[[5.380688,43.382277],[5.380667,43.382267],[5.380658,43.382269],[5.380688,43.382277]]],[[[5.380871,43.382276],[5.380801,43.382228],[5.380722,43.382274],[5.380811,43.382266],[5.380831,43.382306],[5.380873,43.382327],[5.380871,43.382276]]],[[[5.381099,43.382376],[5.381147,43.382348],[5.38121,43.382344],[5.381139,43.382328],[5.381089,43.38233],[5.381072,43.38237],[5.381059,43.382377],[5.381099,43.382376]]],[[[5.381567,43.382393],[5.381572,43.382355],[5.381496,43.382362],[5.381519,43.382394],[5.381567,43.382393]]],[[[5.381667,43.382383],[5.381659,43.382389],[5.381652,43.382391],[5.381667,43.382391],[5.381667,43.382383]]],[[[5.379908,43.404852],[5.379843,43.404829],[5.379765,43.404816],[5.379794,43.404843],[5.379856,43.404841],[5.379906,43.404867],[5.380054,43.404864],[5.380178,43.404879],[5.380276,43.404859],[5.38047,43.404855],[5.380443,43.404843],[5.380173,43.404869],[5.380035,43.404856],[5.379908,43.404852]]],[[[5.380557,43.404887],[5.380519,43.404876],[5.380524,43.404881],[5.380557,43.404887]]],[[[5.380825,43.404952],[5.380693,43.404927],[5.380626,43.404907],[5.380675,43.40494],[5.380825,43.404952]]],[[[5.380993,43.405028],[5.381056,43.405051],[5.381017,43.405009],[5.381072,43.404995],[5.381104,43.404961],[5.381016,43.404988],[5.380974,43.40498],[5.380991,43.404992],[5.380993,43.405028]]],[[[5.382141,43.409201],[5.382135,43.409201],[5.382129,43.409206],[5.382135,43.40921],[5.382141,43.409206],[5.382141,43.409201]]],[[[5.382185,43.409218],[5.382197,43.409218],[5.382203,43.409213],[5.382203,43.409209],[5.382184,43.409209],[5.382179,43.409214],[5.382185,43.409218]]],[[[5.380542,43.409388],[5.380652,43.409367],[5.38077,43.409369],[5.380784,43.409423],[5.380761,43.409459],[5.38076,43.409475],[5.380792,43.409425],[5.380801,43.409334],[5.380598,43.409213],[5.380597,43.409186],[5.380634,43.409172],[5.380479,43.409175],[5.380449,43.409198],[5.380406,43.409334],[5.380421,43.409397],[5.380373,43.4095],[5.380416,43.409467],[5.380427,43.409431],[5.380422,43.409323],[5.380458,43.409282],[5.380472,43.40934],[5.380542,43.409388]]],[[[5.38076,43.409542],[5.380755,43.409539],[5.380754,43.409548],[5.38076,43.409542]]],[[[5.380341,43.409569],[5.380345,43.409601],[5.380364,43.409519],[5.380341,43.409569]]],[[[5.380423,43.409575],[5.38042,43.409575],[5.38042,43.40958],[5.380423,43.409575]]],[[[5.380704,43.409578],[5.380705,43.409593],[5.380735,43.409566],[5.380704,43.409578]]],[[[5.38078,43.409612],[5.380794,43.409521],[5.380775,43.409614],[5.380752,43.409663],[5.38078,43.409612]]],[[[5.380472,43.409598],[5.380467,43.409605],[5.380492,43.4096],[5.380472,43.409598]]],[[[5.380594,43.409607],[5.380587,43.409585],[5.380575,43.409585],[5.38059,43.409609],[5.380525,43.409603],[5.380565,43.40963],[5.380594,43.409607]]],[[[5.380706,43.409614],[5.380731,43.409631],[5.380728,43.40966],[5.380739,43.409633],[5.380705,43.409602],[5.380706,43.409614]]],[[[5.380437,43.409644],[5.380451,43.409649],[5.380439,43.409641],[5.380437,43.409644]]],[[[5.379834,43.409649],[5.379899,43.409663],[5.380138,43.409662],[5.379905,43.409658],[5.379834,43.409649]]],[[[5.380242,43.409672],[5.380241,43.409667],[5.380198,43.409662],[5.38024,43.409668],[5.380242,43.409672]]],[[[5.380016,43.409683],[5.380215,43.409681],[5.379973,43.409681],[5.380016,43.409683]]],[[[5.380687,43.409664],[5.380658,43.409664],[5.380673,43.409675],[5.380687,43.409664]]],[[[5.380322,43.409687],[5.380328,43.4097],[5.380443,43.409724],[5.380326,43.409694],[5.380329,43.409687],[5.380322,43.409687]]],[[[5.380741,43.409687],[5.380723,43.409701],[5.380674,43.409693],[5.38064,43.409737],[5.380643,43.409737],[5.380671,43.409696],[5.380741,43.409716],[5.380759,43.409703],[5.380746,43.409677],[5.380741,43.409687]]],[[[5.380402,43.40969],[5.380594,43.409738],[5.380595,43.409738],[5.380402,43.40969]]],[[[5.380649,43.409769],[5.380632,43.409773],[5.380621,43.40977],[5.380628,43.409775],[5.380649,43.409769]]],[[[5.380833,43.409815],[5.380859,43.409783],[5.380819,43.409814],[5.380833,43.409815]]],[[[5.380809,43.409813],[5.380757,43.409806],[5.380736,43.409839],[5.380765,43.409808],[5.380809,43.409813]]],[[[5.381653,43.409829],[5.38173,43.409837],[5.381673,43.409819],[5.381784,43.409812],[5.382013,43.409843],[5.382046,43.409838],[5.382023,43.409839],[5.381645,43.409796],[5.381634,43.409814],[5.381559,43.409806],[5.381554,43.409829],[5.381653,43.409829]]],[[[5.382093,43.40986],[5.382107,43.409837],[5.382108,43.409776],[5.382095,43.409775],[5.382084,43.409784],[5.382084,43.409815],[5.382075,43.409834],[5.382087,43.409833],[5.382093,43.40986]]],[[[5.380436,43.409923],[5.380478,43.409899],[5.380474,43.409801],[5.380449,43.409788],[5.380403,43.409856],[5.38041,43.409878],[5.380428,43.409874],[5.380436,43.409923]]],[[[5.381577,43.410199],[5.381566,43.410227],[5.381603,43.410235],[5.381593,43.410271],[5.38163,43.410288],[5.381631,43.410315],[5.381657,43.410324],[5.381633,43.410351],[5.381659,43.410378],[5.381634,43.410387],[5.381636,43.410432],[5.381686,43.410449],[5.381701,43.410503],[5.381739,43.410529],[5.381728,43.410556],[5.381754,43.410591],[5.381727,43.410678],[5.381751,43.410659],[5.381788,43.410676],[5.38183,43.410644],[5.381773,43.410465],[5.381845,43.410405],[5.381895,43.410417],[5.381886,43.410508],[5.381956,43.410555],[5.381985,43.410505],[5.382041,43.410509],[5.382058,43.410477],[5.382008,43.410469],[5.38202,43.410451],[5.382006,43.410424],[5.382049,43.410418],[5.382085,43.410382],[5.38211,43.410381],[5.382129,43.410394],[5.38213,43.41043],[5.382106,43.410449],[5.38215,43.410452],[5.382201,43.410496],[5.382262,43.410495],[5.38227,43.410535],[5.382322,43.410588],[5.382403,43.4106],[5.382392,43.410496],[5.382415,43.410451],[5.382396,43.410447],[5.382349,43.410493],[5.382324,43.410493],[5.382279,43.410445],[5.382277,43.410391],[5.382343,43.410349],[5.382442,43.410365],[5.382481,43.410409],[5.382541,43.410363],[5.382579,43.410398],[5.382628,43.410388],[5.382703,43.410404],[5.382739,43.410385],[5.382814,43.410393],[5.382862,43.410374],[5.382913,43.410399],[5.382992,43.410366],[5.383003,43.410339],[5.382953,43.410331],[5.38297,43.41029],[5.383192,43.410285],[5.383224,43.410307],[5.383225,43.410343],[5.383275,43.41036],[5.383296,43.410409],[5.3833,43.410368],[5.38333,43.410345],[5.383367,43.410344],[5.383393,43.410362],[5.383466,43.410333],[5.38347,43.410302],[5.383513,43.410287],[5.383545,43.410309],[5.383546,43.410336],[5.383509,43.410346],[5.383543,43.410413],[5.383559,43.410363],[5.383613,43.410321],[5.38365,43.41032],[5.383674,43.410302],[5.383703,43.410261],[5.38369,43.410243],[5.383739,43.410224],[5.383736,43.410161],[5.383711,43.410152],[5.383698,43.410126],[5.38374,43.410093],[5.383802,43.410101],[5.383821,43.410123],[5.383777,43.41025],[5.383808,43.410254],[5.383813,43.410222],[5.383855,43.410199],[5.383874,43.410212],[5.38384,43.410276],[5.383878,43.410302],[5.383879,43.410329],[5.383934,43.410314],[5.383996,43.410322],[5.384069,43.410284],[5.384088,43.410297],[5.384096,43.410346],[5.384119,43.410319],[5.384156,43.410318],[5.384198,43.410277],[5.384208,43.410213],[5.384237,43.41019],[5.384293,43.410185],[5.384229,43.410141],[5.384313,43.410076],[5.384257,43.410073],[5.384206,43.41002],[5.384133,43.410058],[5.384047,43.410059],[5.384015,43.410038],[5.384013,43.409984],[5.384042,43.409943],[5.384226,43.40992],[5.38424,43.409947],[5.384264,43.409947],[5.384282,43.409915],[5.384306,43.40991],[5.384318,43.4099],[5.384355,43.409895],[5.384381,43.409931],[5.38437,43.409967],[5.384401,43.409971],[5.384467,43.40992],[5.384478,43.409883],[5.384562,43.409828],[5.384572,43.409782],[5.384516,43.40977],[5.384478,43.409744],[5.38438,43.409746],[5.384282,43.409775],[5.38425,43.409753],[5.384261,43.409717],[5.384242,43.409704],[5.384119,43.409725],[5.384093,43.409689],[5.384045,43.409708],[5.384037,43.409677],[5.384019,43.409673],[5.384014,43.409705],[5.383967,43.40976],[5.383957,43.409823],[5.383914,43.409828],[5.383895,43.409815],[5.383891,43.409716],[5.383913,43.409653],[5.383869,43.409649],[5.383819,43.409623],[5.383776,43.409629],[5.383789,43.409647],[5.383771,43.409661],[5.383751,43.409629],[5.38372,43.409617],[5.383659,43.409627],[5.383349,43.409598],[5.383318,43.409603],[5.383289,43.409644],[5.383203,43.409655],[5.383141,43.409638],[5.383067,43.40964],[5.383029,43.409623],[5.38293,43.409625],[5.382905,43.409608],[5.382843,43.409618],[5.382842,43.409591],[5.383053,43.409604],[5.383102,43.409603],[5.383108,43.40959],[5.383014,43.40956],[5.382753,43.40953],[5.382747,43.409517],[5.382777,43.409502],[5.382833,43.409506],[5.382701,43.40945],[5.38267,43.409455],[5.382642,43.409514],[5.382633,43.409465],[5.382526,43.409409],[5.382477,43.40941],[5.382362,43.409322],[5.382255,43.409266],[5.382234,43.409217],[5.382217,43.40924],[5.38222,43.40933],[5.382235,43.409375],[5.382272,43.409383],[5.382236,43.409402],[5.382225,43.409447],[5.382275,43.409464],[5.382277,43.4095],[5.38222,43.409609],[5.382209,43.409645],[5.382222,43.409672],[5.382154,43.409669],[5.382143,43.409687],[5.382123,43.409674],[5.382158,43.409619],[5.382176,43.409606],[5.382189,43.409623],[5.382218,43.409582],[5.382181,43.409574],[5.38218,43.409547],[5.382211,43.409551],[5.382229,43.409528],[5.382214,43.409474],[5.382163,43.409439],[5.382198,43.409385],[5.382204,43.40924],[5.382185,43.409227],[5.381812,43.409164],[5.381566,43.40914],[5.381656,43.409156],[5.381817,43.40918],[5.381855,43.409188],[5.381868,43.409215],[5.381899,43.409218],[5.381888,43.409255],[5.381845,43.40926],[5.381832,43.409242],[5.381783,43.409252],[5.381754,43.409294],[5.381694,43.409322],[5.381767,43.409412],[5.381662,43.409448],[5.381637,43.40944],[5.381623,43.409397],[5.381577,43.409386],[5.381559,43.409352],[5.381581,43.409288],[5.381579,43.409243],[5.38156,43.40923],[5.381531,43.409263],[5.381522,43.409344],[5.381461,43.409359],[5.381463,43.40931],[5.381482,43.409282],[5.381419,43.409256],[5.381389,43.409216],[5.381386,43.409198],[5.381324,43.4092],[5.381222,43.409171],[5.380928,43.409172],[5.3809,43.409214],[5.380877,43.409269],[5.380864,43.409278],[5.380864,43.40926],[5.380884,43.409218],[5.380851,43.409174],[5.380885,43.409151],[5.380968,43.409069],[5.381005,43.409068],[5.381423,43.409126],[5.381328,43.409102],[5.380944,43.409057],[5.380933,43.409102],[5.380884,43.409112],[5.380858,43.409086],[5.380658,43.409166],[5.380819,43.409329],[5.380837,43.409325],[5.380854,43.409284],[5.380861,43.409306],[5.380924,43.409341],[5.380902,43.409404],[5.380859,43.40941],[5.380842,43.409441],[5.380806,43.40946],[5.380801,43.409483],[5.380817,43.409463],[5.380854,43.409471],[5.380872,43.409457],[5.380865,43.409426],[5.380976,43.409432],[5.381,43.409414],[5.381013,43.409422],[5.381085,43.409396],[5.381099,43.40943],[5.381124,43.40942],[5.381149,43.409437],[5.381179,43.409423],[5.381178,43.409396],[5.381234,43.409357],[5.381286,43.409359],[5.381312,43.409342],[5.381343,43.409344],[5.381359,43.409367],[5.381288,43.409368],[5.381308,43.409389],[5.381369,43.409379],[5.381394,43.409393],[5.381387,43.4094],[5.38136,43.409412],[5.38134,43.409416],[5.381246,43.409399],[5.381216,43.409413],[5.381217,43.409431],[5.38136,43.409469],[5.381372,43.40946],[5.381398,43.409477],[5.381434,43.409449],[5.381459,43.409458],[5.381464,43.409444],[5.381426,43.409427],[5.381481,43.409412],[5.381494,43.409418],[5.381477,43.409462],[5.381497,43.409484],[5.381521,43.409483],[5.381551,43.40946],[5.381549,43.409415],[5.381592,43.40941],[5.381612,43.409441],[5.381589,43.409468],[5.381609,43.409508],[5.381658,43.409498],[5.381746,43.409532],[5.381807,43.409531],[5.381844,43.409512],[5.381888,43.409534],[5.381907,43.409565],[5.381925,43.409544],[5.38195,43.409543],[5.382044,43.40958],[5.382116,43.409682],[5.382108,43.409755],[5.382119,43.409755],[5.382152,43.409674],[5.382226,43.409673],[5.382225,43.409636],[5.382239,43.409626],[5.382275,43.409636],[5.382275,43.409654],[5.382241,43.409717],[5.382192,43.409719],[5.382154,43.409711],[5.382145,43.409736],[5.38218,43.409736],[5.382212,43.409756],[5.382303,43.409682],[5.382272,43.409693],[5.382317,43.409571],[5.382286,43.409428],[5.382317,43.409422],[5.382337,43.409454],[5.382331,43.409616],[5.38231,43.409675],[5.382337,43.409652],[5.382454,43.409643],[5.382569,43.409739],[5.3826,43.409736],[5.382623,43.4097],[5.382636,43.409718],[5.382656,43.409764],[5.382693,43.409764],[5.382775,43.409787],[5.382766,43.409877],[5.382769,43.409949],[5.382834,43.409956],[5.382801,43.409947],[5.382855,43.409906],[5.382911,43.409904],[5.382981,43.409948],[5.38308,43.409955],[5.383099,43.409977],[5.383,43.409973],[5.383188,43.409992],[5.383235,43.410013],[5.383307,43.410016],[5.383767,43.410055],[5.383824,43.410076],[5.383769,43.410091],[5.383621,43.410094],[5.383199,43.410049],[5.383174,43.410032],[5.382976,43.410027],[5.382923,43.410022],[5.382928,43.410026],[5.382912,43.410075],[5.382856,43.410081],[5.382847,43.410144],[5.382829,43.410158],[5.382798,43.410154],[5.382808,43.4101],[5.382781,43.410056],[5.382762,43.410043],[5.382695,43.410049],[5.382706,43.41003],[5.38268,43.410004],[5.382712,43.409999],[5.382641,43.40999],[5.382541,43.409956],[5.382406,43.409968],[5.38238,43.40995],[5.382344,43.40996],[5.382314,43.409954],[5.382333,43.409971],[5.382316,43.40999],[5.382229,43.409991],[5.382209,43.40996],[5.382227,43.409946],[5.382277,43.409963],[5.382314,43.409954],[5.382231,43.409936],[5.382207,43.409936],[5.382195,43.409954],[5.382064,43.409946],[5.382008,43.409896],[5.381886,43.409952],[5.381839,43.410007],[5.381802,43.410008],[5.38178,43.410025],[5.381817,43.410019],[5.381918,43.410075],[5.381919,43.410102],[5.381834,43.410149],[5.381793,43.410199],[5.381744,43.410209],[5.381725,43.410178],[5.381732,43.41007],[5.381762,43.410029],[5.381776,43.410026],[5.381753,43.410018],[5.381706,43.410055],[5.381668,43.410047],[5.381645,43.410075],[5.381574,43.410018],[5.381573,43.41],[5.381543,43.409984],[5.381557,43.409958],[5.381558,43.409936],[5.381545,43.409934],[5.381542,43.409948],[5.381522,43.409957],[5.381515,43.409949],[5.381521,43.40994],[5.381539,43.40993],[5.381525,43.409918],[5.38147,43.409885],[5.381469,43.409867],[5.381494,43.409857],[5.381475,43.409844],[5.381332,43.409844],[5.381111,43.409867],[5.381001,43.409869],[5.380987,43.409851],[5.381011,43.409832],[5.380967,43.409801],[5.380901,43.409852],[5.380908,43.409884],[5.38079,43.409892],[5.380851,43.409845],[5.38085,43.409827],[5.380911,43.409798],[5.380916,43.409767],[5.380879,43.409767],[5.380865,43.409778],[5.380905,43.409773],[5.380888,43.409805],[5.380833,43.409815],[5.380834,43.409847],[5.380792,43.409879],[5.380736,43.409867],[5.380735,43.40984],[5.380734,43.409843],[5.380718,43.409753],[5.380701,43.409757],[5.3807,43.409886],[5.380707,43.40989],[5.380716,43.409875],[5.380741,43.409878],[5.380757,43.409883],[5.380766,43.409893],[5.380711,43.409893],[5.380719,43.409899],[5.3808,43.409901],[5.380794,43.409924],[5.38069,43.40994],[5.38072,43.410056],[5.380712,43.410164],[5.38075,43.410208],[5.38077,43.410388],[5.380758,43.410397],[5.380779,43.410455],[5.380779,43.410307],[5.380798,43.410302],[5.380823,43.410328],[5.380827,43.410261],[5.380857,43.410247],[5.380866,43.410323],[5.380927,43.410304],[5.380926,43.410268],[5.380889,43.410268],[5.380875,43.410224],[5.380892,43.410201],[5.380929,43.4102],[5.380971,43.410177],[5.380915,43.410164],[5.380871,43.410134],[5.380908,43.410124],[5.380892,43.410052],[5.380904,43.410034],[5.380953,43.41002],[5.380953,43.410038],[5.381026,43.41],[5.381025,43.409982],[5.381,43.409978],[5.381012,43.40996],[5.380986,43.409942],[5.380998,43.409924],[5.380935,43.409894],[5.381273,43.40985],[5.38133,43.409903],[5.381319,43.409926],[5.381333,43.409953],[5.381445,43.409995],[5.381462,43.410103],[5.381481,43.410116],[5.381524,43.41011],[5.381526,43.410146],[5.381551,43.410155],[5.381577,43.410199]],[[5.381802,43.410406],[5.38177,43.410384],[5.381768,43.410339],[5.38181,43.410307],[5.381871,43.410296],[5.381933,43.410304],[5.381959,43.410321],[5.38199,43.410316],[5.381972,43.410348],[5.381899,43.410359],[5.381845,43.410405],[5.381802,43.410406]],[[5.382273,43.409698],[5.382267,43.409703],[5.38226,43.409698],[5.382266,43.409694],[5.382272,43.409693],[5.382273,43.409698]],[[5.382409,43.410005],[5.38241,43.410046],[5.382381,43.410069],[5.382306,43.410053],[5.382311,43.410021],[5.382359,43.410002],[5.382333,43.409971],[5.382409,43.410005]],[[5.382426,43.409978],[5.382562,43.409966],[5.382668,43.410004],[5.382551,43.410011],[5.382548,43.410088],[5.382488,43.410139],[5.382532,43.410147],[5.382552,43.410178],[5.38251,43.410201],[5.382473,43.410202],[5.382476,43.410148],[5.38239,43.410154],[5.382413,43.410118],[5.3824,43.410091],[5.382418,43.410077],[5.382455,43.410076],[5.38248,43.410094],[5.38251,43.410071],[5.382477,43.410022],[5.382428,43.410032],[5.382434,43.410009],[5.382409,43.410005],[5.382426,43.409978]],[[5.380953,43.41002],[5.380952,43.409997],[5.380958,43.409992],[5.380964,43.409997],[5.380965,43.410015],[5.380959,43.410019],[5.380953,43.41002]],[[5.380986,43.409924],[5.38098,43.409929],[5.380967,43.409929],[5.380961,43.409925],[5.380967,43.40992],[5.380985,43.40992],[5.380986,43.409924]],[[5.380935,43.409898],[5.380929,43.409903],[5.380923,43.409899],[5.380929,43.409894],[5.380935,43.409894],[5.380935,43.409898]],[[5.38133,43.409899],[5.381336,43.409894],[5.381343,43.409898],[5.381337,43.409903],[5.38133,43.409903],[5.38133,43.409899]],[[5.38438,43.409913],[5.38438,43.409904],[5.384386,43.409899],[5.384392,43.409899],[5.384393,43.409912],[5.384387,43.409917],[5.38438,43.409913]],[[5.384421,43.409862],[5.384452,43.409866],[5.384436,43.409907],[5.384392,43.409899],[5.384421,43.409862]],[[5.384147,43.410084],[5.384202,43.410074],[5.384227,43.410096],[5.384222,43.410119],[5.384136,43.410129],[5.384117,43.410116],[5.384147,43.410084]],[[5.384129,43.410256],[5.384116,43.410229],[5.384104,43.410256],[5.384061,43.410253],[5.384091,43.41022],[5.384158,43.410201],[5.384171,43.410223],[5.384154,43.410255],[5.384129,43.410256]],[[5.383925,43.40995],[5.383972,43.409895],[5.383959,43.409886],[5.383995,43.409854],[5.383985,43.409903],[5.383998,43.409912],[5.383932,43.409963],[5.383925,43.40995]],[[5.383857,43.409789],[5.38386,43.409861],[5.383842,43.409875],[5.383798,43.409853],[5.383818,43.409749],[5.383857,43.409789]],[[5.383587,43.409989],[5.38363,43.409988],[5.383687,43.410004],[5.383706,43.410026],[5.383601,43.410033],[5.383557,43.410012],[5.383587,43.409989]],[[5.383643,43.409686],[5.383625,43.4097],[5.383586,43.409674],[5.383563,43.409692],[5.383537,43.409675],[5.383481,43.409671],[5.383486,43.40964],[5.383529,43.409639],[5.383635,43.409654],[5.383643,43.409686]],[[5.383578,43.409912],[5.383614,43.409898],[5.383628,43.409929],[5.38361,43.409934],[5.383578,43.409912]],[[5.383583,43.410196],[5.383534,43.410206],[5.383515,43.410193],[5.383545,43.410161],[5.3836,43.41015],[5.383583,43.410196]],[[5.383518,43.410098],[5.383561,43.410097],[5.383531,43.410134],[5.3835,43.41013],[5.383518,43.410098]],[[5.383317,43.409716],[5.383396,43.409687],[5.383453,43.409739],[5.383268,43.409744],[5.383162,43.409714],[5.383192,43.4097],[5.383317,43.409716]],[[5.383388,43.410096],[5.383437,43.410082],[5.38345,43.410113],[5.383408,43.410128],[5.383388,43.410096]],[[5.383268,43.409883],[5.383304,43.409869],[5.383287,43.409905],[5.383268,43.409883]],[[5.383245,43.410086],[5.383289,43.410085],[5.383284,43.41013],[5.383229,43.410127],[5.383245,43.410086]],[[5.383235,43.409992],[5.383229,43.409996],[5.383223,43.409992],[5.383229,43.409987],[5.383235,43.409987],[5.383235,43.409992]],[[5.38305,43.409847],[5.383081,43.409847],[5.383119,43.409868],[5.383102,43.409891],[5.383052,43.409892],[5.383021,43.409871],[5.38305,43.409847]],[[5.382704,43.409679],[5.382722,43.409657],[5.382839,43.409654],[5.382994,43.409687],[5.383056,43.409685],[5.3831,43.409707],[5.383101,43.409725],[5.38307,43.40973],[5.38302,43.409704],[5.382983,43.409705],[5.382922,43.409733],[5.382787,43.409745],[5.382767,43.409714],[5.382704,43.409679]],[[5.383023,43.410221],[5.383059,43.410198],[5.383072,43.410229],[5.38303,43.410244],[5.383023,43.410221]],[[5.383065,43.41005],[5.383054,43.410077],[5.383023,43.410091],[5.383016,43.410051],[5.383052,43.410036],[5.383065,43.41005]],[[5.382719,43.409585],[5.382799,43.409583],[5.382781,43.40961],[5.382713,43.409607],[5.382719,43.409585]],[[5.382652,43.410054],[5.382682,43.410053],[5.382665,43.41009],[5.382634,43.410086],[5.382652,43.410054]],[[5.382488,43.40954],[5.382537,43.409526],[5.382551,43.409575],[5.382533,43.40958],[5.382488,43.40954]],[[5.382189,43.41006],[5.382238,43.410045],[5.382251,43.410067],[5.382196,43.410091],[5.382189,43.41006]],[[5.382212,43.41032],[5.382182,43.410344],[5.382101,43.410332],[5.382155,43.41029],[5.382198,43.410289],[5.382212,43.41032]],[[5.382192,43.409983],[5.382094,43.410003],[5.382074,43.409981],[5.38208,43.409968],[5.382185,43.409965],[5.382192,43.409983]],[[5.38213,43.40953],[5.382104,43.409504],[5.382114,43.40944],[5.382151,43.409435],[5.382141,43.409494],[5.382155,43.40953],[5.382125,43.409562],[5.38213,43.40953]],[[5.382113,43.409719],[5.382137,43.409696],[5.38212,43.409751],[5.382113,43.409719]],[[5.382113,43.410174],[5.382144,43.410173],[5.382115,43.41021],[5.382096,43.410206],[5.382113,43.410174]],[[5.382076,43.410008],[5.382045,43.410022],[5.38194,43.41002],[5.381958,43.409997],[5.382063,43.409995],[5.382076,43.410008]],[[5.382053,43.410049],[5.382066,43.410081],[5.382048,43.410094],[5.382011,43.410086],[5.381993,43.4101],[5.381994,43.410136],[5.381964,43.41015],[5.381945,43.410137],[5.381956,43.41011],[5.381943,43.410083],[5.381973,43.41006],[5.382053,43.410049]],[[5.381953,43.410169],[5.38196,43.410204],[5.382028,43.410194],[5.382048,43.410225],[5.38203,43.410239],[5.381943,43.410241],[5.38193,43.410214],[5.381871,43.410287],[5.381828,43.410284],[5.381812,43.410212],[5.381842,43.410189],[5.381867,43.410197],[5.381953,43.410169]],[[5.381916,43.409445],[5.381952,43.409404],[5.381954,43.409462],[5.381924,43.409476],[5.381916,43.409445]],[[5.380951,43.409385],[5.380987,43.409353],[5.380988,43.409393],[5.380958,43.409407],[5.380951,43.409385]],[[5.380976,43.409997],[5.380976,43.409988],[5.380982,43.409983],[5.380988,43.409983],[5.380989,43.409996],[5.380983,43.410001],[5.380976,43.409997]],[[5.380879,43.410044],[5.380874,43.410048],[5.380867,43.410044],[5.380873,43.410039],[5.380879,43.410039],[5.380879,43.410044]],[[5.380842,43.410044],[5.380836,43.410049],[5.38083,43.410045],[5.380836,43.41004],[5.380842,43.41004],[5.380842,43.410044]]],[[[5.381815,43.409845],[5.382087,43.409872],[5.382091,43.409864],[5.381815,43.409845]]],[[[5.381069,43.40999],[5.381093,43.409989],[5.381099,43.409967],[5.381042,43.409955],[5.381025,43.409982],[5.381044,43.409991],[5.381068,43.409972],[5.381069,43.40999]]],[[[5.381051,43.410008],[5.381051,43.410004],[5.381044,43.41],[5.381026,43.41],[5.381051,43.410008]]],[[[5.380681,43.410012],[5.380674,43.410008],[5.380668,43.410012],[5.380669,43.410026],[5.380675,43.410026],[5.380681,43.410021],[5.380681,43.410012]]],[[[5.3811,43.410007],[5.3811,43.410003],[5.381094,43.409998],[5.381069,43.409999],[5.381057,43.410008],[5.381051,43.410008],[5.381071,43.410044],[5.381133,43.410043],[5.381125,43.410002],[5.3811,43.410007]],[[5.3811,43.410012],[5.381094,43.410016],[5.381088,43.410012],[5.381094,43.410007],[5.3811,43.410007],[5.3811,43.410012]]],[[[5.380916,43.410043],[5.380923,43.410047],[5.380948,43.410047],[5.380953,43.410042],[5.380953,43.410038],[5.380922,43.410038],[5.380916,43.410043]]],[[[5.38247,43.410004],[5.382464,43.410004],[5.382458,43.410009],[5.382465,43.410013],[5.382471,43.410009],[5.38247,43.410004]]],[[[5.380676,43.410192],[5.3807,43.410174],[5.380648,43.410121],[5.380669,43.410026],[5.380614,43.410036],[5.380595,43.410023],[5.380612,43.409991],[5.380668,43.409994],[5.380609,43.40991],[5.38057,43.410032],[5.380609,43.410077],[5.380612,43.41014],[5.380666,43.410255],[5.380685,43.410259],[5.380676,43.410192]]],[[[5.382476,43.410148],[5.382488,43.410139],[5.382482,43.410139],[5.382476,43.410144],[5.382476,43.410148]]],[[[5.38196,43.410204],[5.381954,43.410205],[5.381948,43.410209],[5.381954,43.410214],[5.38196,43.410209],[5.38196,43.410204]]],[[[5.380987,43.410253],[5.380981,43.410253],[5.380975,43.410258],[5.380981,43.410262],[5.380987,43.410257],[5.380987,43.410253]]],[[[5.380969,43.410271],[5.380963,43.410276],[5.380964,43.410285],[5.38097,43.410289],[5.380976,43.410289],[5.380975,43.410276],[5.380969,43.410271]]],[[[5.381014,43.410311],[5.380976,43.410289],[5.38094,43.410321],[5.380985,43.410352],[5.381015,43.410338],[5.381002,43.41032],[5.381014,43.410311]]],[[[5.381079,43.410399],[5.381056,43.410436],[5.381119,43.410466],[5.381162,43.410447],[5.381175,43.410474],[5.381217,43.410441],[5.381166,43.410406],[5.381188,43.410334],[5.38112,43.410331],[5.381107,43.410313],[5.381064,43.410328],[5.381078,43.410354],[5.381042,43.410382],[5.381079,43.410399]]],[[[5.382051,43.410463],[5.382069,43.410449],[5.382056,43.410436],[5.382032,43.41045],[5.382051,43.410463]]],[[[5.381231,43.410472],[5.381237,43.410472],[5.381243,43.410468],[5.381236,43.410463],[5.38123,43.410468],[5.381231,43.410472]]],[[[5.381231,43.410477],[5.381231,43.410472],[5.381219,43.410482],[5.381225,43.410482],[5.381231,43.410477]]],[[[5.381144,43.410479],[5.381119,43.410466],[5.381107,43.41048],[5.381139,43.410492],[5.381144,43.410479]]],[[[5.381213,43.4105],[5.381219,43.410482],[5.381182,43.410496],[5.381213,43.4105]]],[[[5.380787,43.410505],[5.380806,43.410509],[5.380799,43.410491],[5.380787,43.410505]]],[[[5.382499,43.410544],[5.382567,43.410538],[5.382575,43.410452],[5.382503,43.410503],[5.382499,43.410544]]],[[[5.380851,43.410539],[5.380815,43.410563],[5.38081,43.410608],[5.380858,43.410562],[5.380882,43.410561],[5.380895,43.410579],[5.380925,43.410538],[5.380923,43.410502],[5.380879,43.410489],[5.380868,43.410507],[5.380843,43.410508],[5.380851,43.410539]]],[[[5.380815,43.410563],[5.380814,43.410558],[5.380808,43.410554],[5.380802,43.410558],[5.380808,43.410563],[5.380815,43.410563]]],[[[5.38093,43.410659],[5.380875,43.410669],[5.380858,43.41071],[5.380888,43.410853],[5.380908,43.410876],[5.380926,43.410871],[5.380911,43.410817],[5.380922,43.410763],[5.380933,43.410735],[5.380969,43.410717],[5.38093,43.410659]]],[[[5.382385,43.410771],[5.382422,43.41077],[5.382447,43.410788],[5.382452,43.410756],[5.382482,43.410733],[5.382562,43.410736],[5.382527,43.410763],[5.382546,43.410795],[5.382632,43.410784],[5.382662,43.41076],[5.382594,43.410757],[5.382587,43.410735],[5.382605,43.410721],[5.382753,43.410718],[5.382803,43.410735],[5.382845,43.410698],[5.382124,43.410741],[5.382083,43.410782],[5.382084,43.410809],[5.382177,43.410821],[5.382226,43.410811],[5.382219,43.410779],[5.382249,43.410774],[5.382275,43.410809],[5.382349,43.410808],[5.382385,43.410771]]],[[[5.382004,43.410824],[5.382035,43.410819],[5.382032,43.410752],[5.381997,43.410793],[5.382004,43.410824]]],[[[5.38191,43.410777],[5.381958,43.410753],[5.381817,43.410766],[5.381818,43.410793],[5.381861,43.410796],[5.381862,43.410823],[5.381838,43.410842],[5.381882,43.410845],[5.381893,43.410827],[5.381943,43.410835],[5.381949,43.410821],[5.381911,43.410813],[5.38191,43.410777]]],[[[5.381223,43.370208],[5.381206,43.370222],[5.381176,43.370212],[5.381239,43.370259],[5.381378,43.370319],[5.381396,43.370305],[5.38137,43.370288],[5.381381,43.370251],[5.381423,43.370246],[5.381358,43.370212],[5.381278,43.370184],[5.38124,43.370158],[5.38121,43.37019],[5.381223,43.370208]]],[[[5.384322,43.373392],[5.384335,43.373393],[5.384399,43.373379],[5.384322,43.373392]]],[[[5.384551,43.373391],[5.384551,43.373411],[5.38456,43.373412],[5.384551,43.373391]]],[[[5.383818,43.373506],[5.384176,43.373423],[5.384185,43.373417],[5.383818,43.373506]]],[[[5.38461,43.373495],[5.384604,43.373505],[5.384612,43.3735],[5.38461,43.373495]]],[[[5.381475,43.373664],[5.381484,43.373638],[5.381515,43.37368],[5.381539,43.373688],[5.381586,43.373679],[5.381587,43.373694],[5.381567,43.373699],[5.381572,43.373724],[5.381596,43.373705],[5.381633,43.373704],[5.381673,43.373757],[5.381721,43.373747],[5.381724,43.37375],[5.381734,43.373713],[5.381773,43.373753],[5.381767,43.373766],[5.381731,43.373756],[5.38176,43.373783],[5.381797,43.373782],[5.381789,43.37375],[5.381868,43.373708],[5.381887,43.373712],[5.381894,43.373744],[5.381918,43.373725],[5.381992,43.373723],[5.382008,43.373707],[5.38195,43.373708],[5.381943,43.373695],[5.381962,43.373679],[5.381942,43.373673],[5.381929,43.373659],[5.381915,43.373651],[5.38193,43.373652],[5.381898,43.373648],[5.381893,43.373687],[5.381838,43.373693],[5.3818,43.373658],[5.381763,43.373668],[5.381693,43.373629],[5.38172,43.373626],[5.381692,43.373622],[5.381695,43.373554],[5.381711,43.373547],[5.381684,43.373543],[5.381385,43.373469],[5.381171,43.373366],[5.381118,43.373434],[5.381375,43.373541],[5.381445,43.373598],[5.381442,43.373614],[5.381462,43.373617],[5.381476,43.373626],[5.381475,43.373664]],[[5.381645,43.373648],[5.381694,43.373642],[5.381696,43.373683],[5.381665,43.373688],[5.381645,43.373648]],[[5.381625,43.373608],[5.381631,43.373621],[5.381501,43.373601],[5.381482,43.373579],[5.381506,43.373574],[5.381625,43.373608]]],[[[5.384625,43.373571],[5.384618,43.373522],[5.384617,43.37352],[5.384615,43.373564],[5.384625,43.373571]]],[[[5.385159,43.373549],[5.385163,43.373539],[5.385196,43.373538],[5.385153,43.373522],[5.385137,43.373542],[5.385159,43.373549]]],[[[5.384575,43.373551],[5.384564,43.373568],[5.38452,43.373578],[5.384573,43.373588],[5.384575,43.373551]]],[[[5.382544,43.373639],[5.382547,43.373639],[5.382541,43.373638],[5.382544,43.373639]]],[[[5.385238,43.373573],[5.385229,43.373571],[5.385282,43.373615],[5.385285,43.373613],[5.385238,43.373573]]],[[[5.384837,43.373598],[5.384712,43.373564],[5.38463,43.373575],[5.384634,43.373577],[5.384745,43.373575],[5.384832,43.3736],[5.384882,43.373599],[5.384897,43.373623],[5.384899,43.37366],[5.384922,43.373634],[5.384912,43.373632],[5.384886,43.373597],[5.384837,43.373598]]],[[[5.382038,43.373684],[5.382079,43.373671],[5.382033,43.373665],[5.382038,43.373684]]],[[[5.382679,43.373661],[5.38268,43.373663],[5.382693,43.373664],[5.382679,43.373661]]],[[[5.382958,43.373672],[5.383014,43.373674],[5.38327,43.373638],[5.382958,43.373672]]],[[[5.382086,43.373672],[5.382103,43.373692],[5.382092,43.373701],[5.382102,43.373703],[5.382144,43.37368],[5.382086,43.373672]]],[[[5.385128,43.373618],[5.385091,43.373633],[5.385148,43.373654],[5.385153,43.373631],[5.385134,43.373636],[5.385128,43.373618]]],[[[5.385068,43.373667],[5.385049,43.373656],[5.384927,43.373635],[5.384964,43.373647],[5.384961,43.373676],[5.384983,43.37366],[5.385068,43.373667]]],[[[5.385408,43.373709],[5.385405,43.373713],[5.385348,43.373692],[5.385347,43.373665],[5.385379,43.373661],[5.385318,43.373629],[5.385288,43.373628],[5.385289,43.373646],[5.385344,43.373668],[5.385347,43.373695],[5.385409,43.37372],[5.385408,43.373709]]],[[[5.385158,43.373728],[5.385251,43.373748],[5.385249,43.373733],[5.385175,43.373725],[5.385074,43.37367],[5.385158,43.373728]]],[[[5.381337,43.373803],[5.38135,43.373789],[5.381325,43.3738],[5.381337,43.373803]]],[[[5.381405,43.373798],[5.381369,43.373834],[5.38137,43.37387],[5.38138,43.373873],[5.381373,43.373832],[5.381405,43.373798]]],[[[5.381414,43.373882],[5.381418,43.37388],[5.381407,43.37388],[5.381414,43.373882]]],[[[5.385236,43.373769],[5.385174,43.373753],[5.385213,43.373806],[5.385263,43.373832],[5.385287,43.373851],[5.385324,43.373859],[5.385327,43.373857],[5.385291,43.373849],[5.385259,43.373809],[5.385251,43.373749],[5.385236,43.373769]]],[[[5.381592,43.373903],[5.381579,43.37391],[5.381599,43.373917],[5.381592,43.373903]]],[[[5.3855,43.373794],[5.385518,43.373803],[5.38552,43.373864],[5.385538,43.373805],[5.3855,43.373794]]],[[[5.385192,43.373896],[5.385091,43.373818],[5.385063,43.373811],[5.384929,43.373794],[5.384929,43.373803],[5.38508,43.373881],[5.385143,43.373907],[5.385094,43.37388],[5.385083,43.373851],[5.385116,43.373854],[5.385192,43.373896]]],[[[5.381659,43.373938],[5.381642,43.37392],[5.381623,43.373925],[5.381659,43.373938]]],[[[5.385446,43.373859],[5.385445,43.373842],[5.385438,43.37386],[5.385446,43.373859]]],[[[5.385385,43.37387],[5.385405,43.373866],[5.385386,43.373867],[5.385385,43.37387]]],[[[5.381814,43.373999],[5.381832,43.373986],[5.381812,43.373963],[5.381764,43.373983],[5.381749,43.373972],[5.381707,43.373991],[5.381675,43.373956],[5.381702,43.373993],[5.381814,43.373999]]],[[[5.381924,43.373988],[5.381973,43.373968],[5.381923,43.373988],[5.381924,43.373988]]],[[[5.385381,43.37388],[5.385369,43.373908],[5.385333,43.373926],[5.385335,43.37393],[5.385374,43.373914],[5.385381,43.37388]]],[[[5.382151,43.37399],[5.382138,43.373972],[5.382117,43.373981],[5.382151,43.37399]]],[[[5.382696,43.373971],[5.382693,43.373969],[5.382692,43.373971],[5.382696,43.373971]]],[[[5.382683,43.373994],[5.382682,43.37399],[5.382679,43.373997],[5.382683,43.373994]]],[[[5.385352,43.373978],[5.385351,43.373942],[5.385337,43.373937],[5.385352,43.373978]]],[[[5.3822,43.374023],[5.382187,43.374024],[5.382198,43.374036],[5.3822,43.374023]]],[[[5.382449,43.374028],[5.382423,43.374029],[5.382432,43.374031],[5.382458,43.374057],[5.382467,43.374055],[5.382456,43.374051],[5.382449,43.374028]]],[[[5.385428,43.37403],[5.385435,43.373996],[5.385479,43.373927],[5.385438,43.373976],[5.385428,43.37403]]],[[[5.382385,43.37403],[5.382362,43.37403],[5.3823,43.374087],[5.382311,43.374088],[5.382385,43.37403]]],[[[5.386014,43.374059],[5.385991,43.37402],[5.385961,43.37398],[5.385948,43.37398],[5.385926,43.373998],[5.385948,43.373999],[5.385951,43.374043],[5.385975,43.374025],[5.385999,43.374043],[5.38599,43.374069],[5.38599,43.374086],[5.386002,43.374096],[5.386027,43.374095],[5.386014,43.374059]]],[[[5.385224,43.374113],[5.385279,43.374108],[5.385252,43.374041],[5.385192,43.374083],[5.385224,43.374113]]],[[[5.385577,43.374049],[5.385559,43.37402],[5.385486,43.374124],[5.385531,43.374088],[5.385554,43.374042],[5.385577,43.374049]]],[[[5.385532,43.374149],[5.385544,43.374136],[5.385544,43.37413],[5.385532,43.374149]]],[[[5.385545,43.374118],[5.385546,43.374105],[5.385534,43.374106],[5.385499,43.374151],[5.385489,43.374183],[5.385515,43.374147],[5.385532,43.374116],[5.385545,43.374118]]],[[[5.38593,43.374345],[5.385815,43.374379],[5.385783,43.37438],[5.385807,43.374386],[5.385892,43.374357],[5.385911,43.374371],[5.385928,43.374469],[5.385919,43.374559],[5.385889,43.374583],[5.385873,43.374571],[5.385879,43.374603],[5.385927,43.374561],[5.385938,43.374525],[5.385921,43.374417],[5.385938,43.374377],[5.385957,43.374381],[5.385958,43.374408],[5.38599,43.374438],[5.386014,43.374429],[5.386033,43.374442],[5.386021,43.374451],[5.386035,43.374487],[5.386017,43.374501],[5.385998,43.374497],[5.385997,43.374461],[5.385972,43.374452],[5.385954,43.374606],[5.38599,43.374596],[5.385988,43.374533],[5.386005,43.37451],[5.386054,43.3745],[5.386074,43.374536],[5.386111,43.374539],[5.386087,43.374558],[5.386089,43.374603],[5.386164,43.37461],[5.386147,43.374651],[5.386072,43.374644],[5.386056,43.374635],[5.386084,43.374664],[5.386073,43.374691],[5.386117,43.374713],[5.386147,43.374707],[5.38613,43.37473],[5.386105,43.374722],[5.386087,43.374736],[5.386112,43.374762],[5.38615,43.374723],[5.386211,43.374713],[5.386247,43.374685],[5.386284,43.374684],[5.386353,43.374714],[5.386354,43.374732],[5.386287,43.374765],[5.386288,43.374783],[5.386325,43.374782],[5.386338,43.3748],[5.386448,43.374779],[5.386511,43.374814],[5.38656,43.374795],[5.386579,43.374817],[5.386543,43.374827],[5.386751,43.374927],[5.386753,43.374953],[5.386806,43.37492],[5.386723,43.374863],[5.386649,43.374865],[5.38663,43.374852],[5.386642,43.374834],[5.386552,43.374755],[5.386583,43.374749],[5.386633,43.374775],[5.386657,43.374766],[5.386709,43.37481],[5.386746,43.374809],[5.386751,43.374786],[5.386719,43.374764],[5.386669,43.374757],[5.38663,43.374703],[5.38658,43.374695],[5.386232,43.374483],[5.386218,43.374429],[5.386168,43.374412],[5.386153,43.374367],[5.386116,43.37435],[5.386114,43.374314],[5.385986,43.3742],[5.385945,43.374102],[5.38588,43.374013],[5.385891,43.373977],[5.385851,43.373906],[5.385711,43.373819],[5.385711,43.373801],[5.385747,43.373791],[5.385652,43.373726],[5.385628,43.373744],[5.385566,43.373746],[5.385394,43.373601],[5.385248,43.373519],[5.385051,43.373431],[5.385022,43.373407],[5.384884,43.373365],[5.384835,43.373366],[5.384826,43.373391],[5.384644,43.373393],[5.384653,43.373368],[5.38464,43.373341],[5.384612,43.373342],[5.384639,43.373369],[5.384639,43.373397],[5.384606,43.373423],[5.384626,43.373427],[5.384618,43.373454],[5.384623,43.373465],[5.38462,43.373467],[5.384641,43.373485],[5.384654,43.373516],[5.384699,43.373547],[5.384724,43.373546],[5.38479,43.373504],[5.384806,43.373454],[5.38485,43.373467],[5.384883,43.373516],[5.384955,43.373478],[5.385005,43.373486],[5.385029,43.373467],[5.385233,43.373531],[5.385279,43.373552],[5.385289,43.37357],[5.385253,43.373558],[5.385294,43.373576],[5.385307,43.373603],[5.385312,43.373601],[5.385298,43.37357],[5.385464,43.373687],[5.385427,43.373706],[5.385453,43.373724],[5.385437,43.373783],[5.385363,43.373793],[5.385357,43.37377],[5.385355,43.37379],[5.385336,43.373794],[5.385302,43.373783],[5.385299,43.373768],[5.385323,43.37375],[5.385357,43.373769],[5.385356,43.373762],[5.385324,43.37374],[5.385282,43.373772],[5.385332,43.373798],[5.385346,43.373834],[5.385331,43.373854],[5.385354,43.373836],[5.385341,43.373809],[5.385361,43.373795],[5.385432,43.373785],[5.385445,43.373832],[5.385443,43.373796],[5.385488,43.373791],[5.385451,43.37378],[5.385472,43.373712],[5.385637,43.373821],[5.385626,43.373848],[5.385639,43.373857],[5.385603,43.373884],[5.385616,43.373911],[5.385587,43.373943],[5.385555,43.373931],[5.385555,43.373913],[5.38559,43.373876],[5.385597,43.373825],[5.385586,43.373824],[5.385535,43.37389],[5.385521,43.373881],[5.385522,43.373902],[5.385488,43.373922],[5.385512,43.373909],[5.385538,43.373907],[5.385526,43.373944],[5.385529,43.37398],[5.385594,43.373966],[5.385597,43.37403],[5.385603,43.374023],[5.3856,43.374008],[5.385691,43.373966],[5.385702,43.374078],[5.385741,43.374122],[5.385758,43.374155],[5.385811,43.374234],[5.385742,43.374307],[5.385693,43.374302],[5.385738,43.374309],[5.385786,43.37429],[5.385792,43.374298],[5.385788,43.374289],[5.3858,43.37428],[5.385846,43.374278],[5.385863,43.374287],[5.385862,43.374307],[5.385923,43.374323],[5.38593,43.374345]],[[5.386158,43.374484],[5.38617,43.374479],[5.386184,43.374502],[5.386348,43.374606],[5.386258,43.374658],[5.386227,43.374645],[5.38622,43.374622],[5.386177,43.374628],[5.386187,43.374592],[5.38615,43.374574],[5.386149,43.374556],[5.386173,43.374547],[5.386158,43.374484]],[[5.385813,43.374195],[5.385812,43.374168],[5.385848,43.374149],[5.385786,43.374123],[5.385794,43.374033],[5.385769,43.374016],[5.385754,43.373962],[5.385777,43.373921],[5.38584,43.37396],[5.385924,43.374192],[5.386131,43.374431],[5.386126,43.374453],[5.386082,43.374432],[5.385953,43.3743],[5.385939,43.374264],[5.385876,43.37422],[5.385862,43.374176],[5.385832,43.374199],[5.385813,43.374195]]],[[[5.385291,43.374202],[5.385362,43.374192],[5.385375,43.3742],[5.385376,43.37417],[5.385351,43.374172],[5.385327,43.37419],[5.385291,43.374182],[5.385291,43.374202]]],[[[5.385743,43.374181],[5.385711,43.374182],[5.385694,43.374195],[5.385736,43.374218],[5.385752,43.3742],[5.385743,43.374181]]],[[[5.385481,43.374195],[5.385457,43.374219],[5.385452,43.374233],[5.385481,43.374195]]],[[[5.385638,43.374293],[5.385665,43.374297],[5.385636,43.374278],[5.385641,43.374255],[5.38553,43.374211],[5.38553,43.374219],[5.385618,43.374253],[5.385638,43.374293]]],[[[5.385469,43.374305],[5.385467,43.374287],[5.385445,43.374252],[5.385426,43.374252],[5.385429,43.374279],[5.385455,43.374305],[5.385469,43.374305]]],[[[5.385812,43.374325],[5.385854,43.374309],[5.38581,43.374322],[5.385812,43.374325]]],[[[5.385503,43.374344],[5.385498,43.374337],[5.385479,43.374324],[5.385454,43.374343],[5.385484,43.37433],[5.385503,43.374344]]],[[[5.385418,43.374343],[5.385412,43.374361],[5.385438,43.37435],[5.385418,43.374343]]],[[[5.385484,43.374403],[5.385495,43.374403],[5.385508,43.374365],[5.385484,43.374403]]],[[[5.385617,43.374366],[5.38555,43.374375],[5.385561,43.374375],[5.385533,43.374394],[5.385537,43.37441],[5.385598,43.374409],[5.385608,43.374394],[5.385584,43.374393],[5.385578,43.374375],[5.385643,43.374373],[5.385617,43.374366]]],[[[5.385498,43.374403],[5.385508,43.374402],[5.385543,43.374376],[5.385543,43.374376],[5.385498,43.374403]]],[[[5.38541,43.374368],[5.385391,43.37442],[5.385391,43.374438],[5.385427,43.374463],[5.385444,43.374399],[5.38541,43.374368]]],[[[5.385408,43.374537],[5.38544,43.374559],[5.385444,43.374518],[5.385487,43.374513],[5.385494,43.374535],[5.385516,43.374544],[5.385485,43.374506],[5.385442,43.374502],[5.385424,43.374482],[5.385408,43.374537]]],[[[5.385541,43.374509],[5.385518,43.374545],[5.385526,43.374548],[5.385537,43.37452],[5.385596,43.37451],[5.38559,43.374508],[5.385541,43.374509]]],[[[5.386069,43.374554],[5.386075,43.374549],[5.386074,43.374536],[5.386068,43.374536],[5.386062,43.37454],[5.386062,43.374549],[5.386069,43.374554]]],[[[5.385866,43.374567],[5.385864,43.374565],[5.385706,43.374551],[5.385711,43.374553],[5.385866,43.374567]]],[[[5.385582,43.374616],[5.385644,43.374624],[5.385715,43.374598],[5.38559,43.374609],[5.38556,43.374623],[5.385555,43.374637],[5.385582,43.374616]]],[[[5.385957,43.374664],[5.385967,43.374671],[5.386004,43.374661],[5.386021,43.374629],[5.386037,43.374626],[5.386022,43.374618],[5.385987,43.374664],[5.385957,43.374664]]],[[[5.385553,43.374663],[5.385553,43.374647],[5.385549,43.37466],[5.385553,43.374663]]],[[[5.38593,43.374646],[5.385946,43.374656],[5.385936,43.374638],[5.38593,43.374646]]],[[[5.385759,43.374709],[5.385853,43.374711],[5.385894,43.374652],[5.385879,43.374603],[5.38585,43.374631],[5.385801,43.374641],[5.385729,43.3746],[5.385793,43.374648],[5.38583,43.374647],[5.385854,43.374628],[5.385873,43.374641],[5.385886,43.374659],[5.385857,43.3747],[5.385759,43.374709]]],[[[5.385568,43.374673],[5.385654,43.374671],[5.385673,43.374684],[5.38567,43.374696],[5.385708,43.374686],[5.385708,43.374668],[5.385683,43.374677],[5.385608,43.374652],[5.385557,43.374665],[5.385568,43.374673]]],[[[5.385873,43.37472],[5.3859,43.374704],[5.385925,43.374652],[5.385873,43.37472]]],[[[5.385668,43.374707],[5.385693,43.374707],[5.385669,43.374703],[5.385668,43.374707]]],[[[5.3857,43.374746],[5.385846,43.374737],[5.385857,43.37473],[5.3857,43.374746]]],[[[5.386068,43.374723],[5.386019,43.374733],[5.386005,43.374744],[5.386069,43.374725],[5.386068,43.374723]]],[[[5.385934,43.374762],[5.385976,43.374747],[5.385963,43.374725],[5.385927,43.374739],[5.385934,43.374762]]],[[[5.385839,43.374749],[5.385744,43.37475],[5.385818,43.374757],[5.385839,43.374749]]],[[[5.385861,43.374761],[5.385854,43.374785],[5.385866,43.374777],[5.385864,43.374749],[5.385844,43.374749],[5.385861,43.374761]]],[[[5.386075,43.374745],[5.386069,43.374726],[5.386004,43.374789],[5.385974,43.374794],[5.386001,43.374746],[5.385953,43.374793],[5.385967,43.37481],[5.385949,43.374824],[5.385926,43.374822],[5.385957,43.374835],[5.385968,43.374808],[5.386006,43.374816],[5.386079,43.374797],[5.38611,43.374764],[5.386071,43.374795],[5.38601,43.374814],[5.385991,43.374801],[5.386075,43.374745]]],[[[5.385912,43.374792],[5.38591,43.37478],[5.385861,43.374796],[5.385912,43.374792]]],[[[5.386152,43.374786],[5.386158,43.37481],[5.386169,43.374794],[5.386165,43.374795],[5.386152,43.374786]]],[[[5.385697,43.374823],[5.385841,43.374865],[5.385633,43.374752],[5.385602,43.374758],[5.385697,43.374823]]],[[[5.386848,43.374778],[5.38681,43.374758],[5.386796,43.374809],[5.38682,43.374816],[5.386869,43.374806],[5.386848,43.374778]]],[[[5.386119,43.374833],[5.386146,43.374829],[5.386152,43.374819],[5.386123,43.374827],[5.386119,43.374833]]],[[[5.386244,43.374775],[5.386227,43.374779],[5.386225,43.374796],[5.386205,43.374812],[5.386205,43.374829],[5.386259,43.37488],[5.386294,43.374879],[5.386248,43.374869],[5.386209,43.374825],[5.386244,43.374775]]],[[[5.386096,43.374903],[5.386107,43.374895],[5.386115,43.374842],[5.386083,43.374895],[5.386068,43.374894],[5.386081,43.374902],[5.386096,43.374903]]],[[[5.385891,43.374886],[5.385859,43.374864],[5.385841,43.374865],[5.385891,43.374891],[5.385891,43.374886]]],[[[5.386058,43.374901],[5.386058,43.374892],[5.386052,43.374892],[5.386058,43.374901]]],[[[5.386054,43.374955],[5.38596,43.374907],[5.385891,43.374891],[5.385974,43.374952],[5.386054,43.374955]]],[[[5.386379,43.374898],[5.386344,43.37489],[5.386425,43.374953],[5.386379,43.374898]]],[[[5.386237,43.374938],[5.386196,43.374939],[5.386177,43.374949],[5.386237,43.374938]]],[[[5.386266,43.375004],[5.386346,43.374998],[5.386384,43.375024],[5.386337,43.37496],[5.386271,43.374955],[5.386256,43.374938],[5.386247,43.374938],[5.386277,43.374959],[5.386266,43.375004]]],[[[5.386557,43.375029],[5.386566,43.375022],[5.386548,43.375022],[5.386557,43.375029]]],[[[5.386542,43.375022],[5.386533,43.375022],[5.386528,43.375033],[5.386542,43.375022]]],[[[5.386604,43.374956],[5.386543,43.374984],[5.38653,43.374958],[5.386434,43.37496],[5.386445,43.374968],[5.386483,43.374967],[5.38652,43.374984],[5.386569,43.374993],[5.386568,43.375021],[5.386581,43.37501],[5.38663,43.375009],[5.386637,43.375023],[5.386601,43.375051],[5.386603,43.375086],[5.386634,43.375099],[5.386676,43.375067],[5.386662,43.375031],[5.386722,43.374976],[5.386604,43.374956]]],[[[5.386473,43.375076],[5.386496,43.375058],[5.386447,43.375032],[5.386386,43.375025],[5.386391,43.375028],[5.386379,43.375055],[5.386412,43.375086],[5.386473,43.375076]]],[[[5.38622,43.375086],[5.386264,43.375098],[5.386316,43.375151],[5.386371,43.375146],[5.386269,43.37508],[5.38622,43.375086]]],[[[5.384306,43.40991],[5.384313,43.409928],[5.384338,43.409927],[5.384343,43.409913],[5.384318,43.4099],[5.384318,43.409905],[5.384312,43.40991],[5.384306,43.40991]]],[[[5.383843,43.410356],[5.383849,43.410361],[5.383855,43.410356],[5.383855,43.410343],[5.383849,43.410343],[5.383843,43.410347],[5.383843,43.410356]]],[[[5.383856,43.410379],[5.383832,43.410393],[5.383846,43.410437],[5.383914,43.410431],[5.383907,43.410409],[5.383856,43.410379]]],[[[5.383309,43.410427],[5.383303,43.410431],[5.383309,43.410436],[5.383315,43.410431],[5.383315,43.410427],[5.383309,43.410427]]],[[[5.382964,43.410601],[5.382963,43.410565],[5.382992,43.410533],[5.383079,43.410531],[5.383103,43.410512],[5.38314,43.41052],[5.383132,43.410476],[5.383052,43.410486],[5.383016,43.410514],[5.382943,43.410525],[5.382854,43.410482],[5.382788,43.410524],[5.382789,43.410542],[5.382827,43.410559],[5.382835,43.410608],[5.382884,43.410607],[5.382922,43.410633],[5.382964,43.410601]]],[[[5.383413,43.410541],[5.383388,43.410542],[5.383338,43.410534],[5.383293,43.41049],[5.383257,43.410513],[5.383307,43.41053],[5.383308,43.410557],[5.383401,43.410569],[5.38344,43.410613],[5.383465,43.410612],[5.383543,43.410561],[5.383535,43.410512],[5.383448,43.410514],[5.383413,43.410541]]],[[[5.383939,43.410575],[5.383932,43.410575],[5.383926,43.41058],[5.383933,43.410584],[5.383939,43.410579],[5.383939,43.410575]]],[[[5.383853,43.410748],[5.383889,43.41072],[5.383944,43.410714],[5.383839,43.410712],[5.383802,43.410695],[5.383691,43.410697],[5.383672,43.410684],[5.383655,43.410586],[5.383697,43.410553],[5.383722,43.410553],[5.383766,43.410592],[5.383775,43.41065],[5.383837,43.410658],[5.383928,43.410607],[5.383872,43.410603],[5.383846,43.410577],[5.383758,43.410543],[5.383684,43.410544],[5.383689,43.410499],[5.383664,43.410504],[5.383641,43.410541],[5.383585,43.410677],[5.383586,43.410713],[5.383538,43.41075],[5.383559,43.410799],[5.383631,43.410744],[5.383743,43.410759],[5.383778,43.410722],[5.383853,43.410748]]],[[[5.382966,43.410632],[5.382919,43.41071],[5.382883,43.410729],[5.382891,43.410778],[5.382939,43.410741],[5.382989,43.41074],[5.383036,43.410694],[5.383128,43.410687],[5.383011,43.410676],[5.382992,43.410663],[5.383003,43.410645],[5.382966,43.410632]]],[[[5.383506,43.41071],[5.383499,43.410693],[5.383302,43.410701],[5.383506,43.41071]]]],"type":"MultiPolygon"},"properties":{"zoneCode":"VIOLET","zoneLabel":"Titre 6 - Zone Violette (aléa résiduel)","zoneColor":"#8E24AA","codeZone":"B","typeReg":"02"}}]}